id_territorio;tipo_territorio;nombre_territorio;municipio;valor_IST
Abrera 1 (Nord, Est i Oest);Agrupación Censal;Abrera 1 (Nord, Est i Oest);Abrera;116.2
Abrera 2 (Centre i Sud);Agrupación Censal;Abrera 2 (Centre i Sud);Abrera;102.7
Ametlla del Vallès, l';Agrupación Censal;Ametlla del Vallès, l';Ametlla del Vallès;120.1
Arenys de Mar 1 (Nord-est);Agrupación Censal;Arenys de Mar 1 (Nord-est);Arenys de Mar;106.3
Arenys de Mar 2 (Sud-oest);Agrupación Censal;Arenys de Mar 2 (Sud-oest);Arenys de Mar;104.7
Badalona 1 (Centre);Agrupación Censal;Badalona 1 (Centre);Badalona;121.9
Badalona 2 (Coll i Pujol - Dalt la Vila);Agrupación Censal;Badalona 2 (Coll i Pujol - Dalt la Vila);Badalona;116.9
Badalona 3 (Raval - Can Claris);Agrupación Censal;Badalona 3 (Raval - Can Claris);Badalona;105.4
Badalona 4 (Progrés - sector Plaça de Pep Ventura);Agrupación Censal;Badalona 4 (Progrés - sector Plaça de Pep Ventura);Badalona;111.1
Badalona 5 (Progrés - sector Pont del Petroli);Agrupación Censal;Badalona 5 (Progrés - sector Pont del Petroli);Badalona;117.9
Badalona 6 (Gorg - Congrés);Agrupación Censal;Badalona 6 (Gorg - Congrés);Badalona;94.0
Badalona 7 (Sant Roc Sud-est - la Mora - el Remei);Agrupación Censal;Badalona 7 (Sant Roc Sud-est - la Mora - el Remei);Badalona;74.3
Badalona 8 (Sant Roc Est - sector Plaça Roja);Agrupación Censal;Badalona 8 (Sant Roc Est - sector Plaça Roja);Badalona;61.3
Badalona 9 (Sant Roc Oest - sector Plaça de Camarón de la Isla);Agrupación Censal;Badalona 9 (Sant Roc Oest - sector Plaça de Camarón de la Isla);Badalona;51.6
Badalona 10 (Artigas);Agrupación Censal;Badalona 10 (Artigas);Badalona;72.9
Badalona 11 (Sant Mori de Llefià - sector Carrer de Guasch);Agrupación Censal;Badalona 11 (Sant Mori de Llefià - sector Carrer de Guasch);Badalona;89.1
Badalona 12 (Sant Mori de Llefià - sector Carretera Antiga de València);Agrupación Censal;Badalona 12 (Sant Mori de Llefià - sector Carretera Antiga de València);Badalona;84.0
Badalona 13 (Sant Antoni de Llefià);Agrupación Censal;Badalona 13 (Sant Antoni de Llefià);Badalona;82.8
Badalona 14 (Sant Joan de Llefià);Agrupación Censal;Badalona 14 (Sant Joan de Llefià);Badalona;81.6
Badalona 15 (la Salut Nord - sector Grup Verge de la Salut);Agrupación Censal;Badalona 15 (la Salut Nord - sector Grup Verge de la Salut);Badalona;74.1
Badalona 16 (la Salut Centre);Agrupación Censal;Badalona 16 (la Salut Centre);Badalona;69.1
Badalona 17 (la Salut Sud - sector Mercat de la Salut);Agrupación Censal;Badalona 17 (la Salut Sud - sector Mercat de la Salut);Badalona;77.0
Badalona 18 (Sistrells);Agrupación Censal;Badalona 18 (Sistrells);Badalona;88.3
Badalona 19 (la Pau);Agrupación Censal;Badalona 19 (la Pau);Badalona;71.0
Badalona 20 (Puigfred);Agrupación Censal;Badalona 20 (Puigfred);Badalona;92.4
Badalona 21 (Montigalà);Agrupación Censal;Badalona 21 (Montigalà);Badalona;106.6
Badalona 22 (Lloreda);Agrupación Censal;Badalona 22 (Lloreda);Badalona;98.3
Badalona 23 (Nova Lloreda);Agrupación Censal;Badalona 23 (Nova Lloreda);Badalona;104.8
Badalona 24 (Sant Crist de Can Cabanyes);Agrupación Censal;Badalona 24 (Sant Crist de Can Cabanyes);Badalona;85.9
Badalona 25 (Bufalà Oest - sector Can Barriga);Agrupación Censal;Badalona 25 (Bufalà Oest - sector Can Barriga);Badalona;115.6
Badalona 26 (Bufalà Nord - Bonavista);Agrupación Censal;Badalona 26 (Bufalà Nord - Bonavista);Badalona;105.5
Badalona 27 (Bufalà Sud - sector Can Boscà);Agrupación Censal;Badalona 27 (Bufalà Sud - sector Can Boscà);Badalona;107.3
Badalona 28 (Morera);Agrupación Censal;Badalona 28 (Morera);Badalona;109.8
Badalona 29 (Canyet - Mas Ram - Pomar de Dalt - Pomar);Agrupación Censal;Badalona 29 (Canyet - Mas Ram - Pomar de Dalt - Pomar);Badalona;93.9
Badalona 30 (Casagemes - Canyadó - Manresà - les Guixeres);Agrupación Censal;Badalona 30 (Casagemes - Canyadó - Manresà - les Guixeres);Badalona;118.6
Barcelona 1 (el Liceu i les Drassanes);Agrupación Censal;Barcelona 1 (el Liceu i les Drassanes);Barcelona;78.8
Barcelona 2 (Sant Pau);Agrupación Censal;Barcelona 2 (Sant Pau);Barcelona;78.9
Barcelona 3 (la Riereta);Agrupación Censal;Barcelona 3 (la Riereta);Barcelona;68.5
Barcelona 4 (el Pedró);Agrupación Censal;Barcelona 4 (el Pedró);Barcelona;77.4
Barcelona 5 (Ponent);Agrupación Censal;Barcelona 5 (Ponent);Barcelona;78.9
Barcelona 6 (Tallers i els Àngels);Agrupación Censal;Barcelona 6 (Tallers i els Àngels);Barcelona;91.5
Barcelona 7 (Santa Anna, el Pi i la Plaça Reial);Agrupación Censal;Barcelona 7 (Santa Anna, el Pi i la Plaça Reial);Barcelona;96.8
Barcelona 8 (la Ciutat Romana i la Mercè);Agrupación Censal;Barcelona 8 (la Ciutat Romana i la Mercè);Barcelona;66.8
Barcelona 9 (l'Escullera i l'Hospital del Mar);Agrupación Censal;Barcelona 9 (l'Escullera i l'Hospital del Mar);Barcelona;96.4
Barcelona 10 (Sant Miquel del Port);Agrupación Censal;Barcelona 10 (Sant Miquel del Port);Barcelona;97.3
Barcelona 11 (la Ribera);Agrupación Censal;Barcelona 11 (la Ribera);Barcelona;105.7
Barcelona 12 (Santa Caterina);Agrupación Censal;Barcelona 12 (Santa Caterina);Barcelona;95.9
Barcelona 13 (Sant Pere);Agrupación Censal;Barcelona 13 (Sant Pere);Barcelona;104.2
Barcelona 14 (el Portal Nou);Agrupación Censal;Barcelona 14 (el Portal Nou);Barcelona;102.4
Barcelona 15 (el Fort Pienc);Agrupación Censal;Barcelona 15 (el Fort Pienc);Barcelona;105.9
Barcelona 16 (els Encants, l'Auditori i el Teatre);Agrupación Censal;Barcelona 16 (els Encants, l'Auditori i el Teatre);Barcelona;110.3
Barcelona 17 (la Monumental);Agrupación Censal;Barcelona 17 (la Monumental);Barcelona;114.4
Barcelona 18 (els Enamorats);Agrupación Censal;Barcelona 18 (els Enamorats);Barcelona;110.2
Barcelona 19 (el Poblet);Agrupación Censal;Barcelona 19 (el Poblet);Barcelona;111.6
Barcelona 20 (la Damm);Agrupación Censal;Barcelona 20 (la Damm);Barcelona;113.0
Barcelona 21 (els Jardins de la Indústria);Agrupación Censal;Barcelona 21 (els Jardins de la Indústria);Barcelona;110.6
Barcelona 22 (la Sagrada Família);Agrupación Censal;Barcelona 22 (la Sagrada Família);Barcelona;110.8
Barcelona 23 (Verdaguer);Agrupación Censal;Barcelona 23 (Verdaguer);Barcelona;120.6
Barcelona 24 (la Concepció);Agrupación Censal;Barcelona 24 (la Concepció);Barcelona;122.7
Barcelona 25 (el Carlit);Agrupación Censal;Barcelona 25 (el Carlit);Barcelona;117.7
Barcelona 26 (Catalunya i els Dominics);Agrupación Censal;Barcelona 26 (Catalunya i els Dominics);Barcelona;119.6
Barcelona 27 (el Quadrat d'Or i la Torre de les Aigües);Agrupación Censal;Barcelona 27 (el Quadrat d'Or i la Torre de les Aigües);Barcelona;121.3
Barcelona 28 (els Camps Elisis i el Cinc d'Oros);Agrupación Censal;Barcelona 28 (els Camps Elisis i el Cinc d'Oros);Barcelona;123.3
Barcelona 29 (Sant Miquel);Agrupación Censal;Barcelona 29 (Sant Miquel);Barcelona;121.6
Barcelona 30 (Letamendi i la Universitat);Agrupación Censal;Barcelona 30 (Letamendi i la Universitat);Barcelona;113.4
Barcelona 31 (Sant Josep Oriol);Agrupación Censal;Barcelona 31 (Sant Josep Oriol);Barcelona;115.6
Barcelona 32 (el Ninot);Agrupación Censal;Barcelona 32 (el Ninot);Barcelona;117.8
Barcelona 33 (el Clínic);Agrupación Censal;Barcelona 33 (el Clínic);Barcelona;118.1
Barcelona 34 (el Pilar);Agrupación Censal;Barcelona 34 (el Pilar);Barcelona;124.6
Barcelona 35 (l'Escola Industrial);Agrupación Censal;Barcelona 35 (l'Escola Industrial);Barcelona;120.3
Barcelona 36 (les Editorials);Agrupación Censal;Barcelona 36 (les Editorials);Barcelona;119.5
Barcelona 37 (la Model);Agrupación Censal;Barcelona 37 (la Model);Barcelona;115.0
Barcelona 38 (Sant Llorenç);Agrupación Censal;Barcelona 38 (Sant Llorenç);Barcelona;116.7
Barcelona 39 (els Llorers);Agrupación Censal;Barcelona 39 (els Llorers);Barcelona;114.4
Barcelona 40 (la Casa Golferics);Agrupación Censal;Barcelona 40 (la Casa Golferics);Barcelona;112.7
Barcelona 41 (l'Escorxador);Agrupación Censal;Barcelona 41 (l'Escorxador);Barcelona;113.9
Barcelona 42 (Mistral);Agrupación Censal;Barcelona 42 (Mistral);Barcelona;110.5
Barcelona 43 (els Salesians);Agrupación Censal;Barcelona 43 (els Salesians);Barcelona;113.5
Barcelona 44 (el Price);Agrupación Censal;Barcelona 44 (el Price);Barcelona;113.4
Barcelona 45 (el Mercat de Sant Antoni);Agrupación Censal;Barcelona 45 (el Mercat de Sant Antoni);Barcelona;109.8
Barcelona 46 (els Tres Tombs);Agrupación Censal;Barcelona 46 (els Tres Tombs);Barcelona;108.6
Barcelona 47 (la França Xica);Agrupación Censal;Barcelona 47 (la França Xica);Barcelona;100.6
Barcelona 48 (Santa Madrona, la Satàlia i Montjuïc);Agrupación Censal;Barcelona 48 (Santa Madrona, la Satàlia i Montjuïc);Barcelona;95.5
Barcelona 49 (les Hortes de Sant Bertran);Agrupación Censal;Barcelona 49 (les Hortes de Sant Bertran);Barcelona;99.0
Barcelona 50 (Sant Cristòfol i la Marina del Prat Vermell);Agrupación Censal;Barcelona 50 (Sant Cristòfol i la Marina del Prat Vermell);Barcelona;99.5
Barcelona 51 (la Mare de Déu de Port, Can Clos i el Polvorí);Agrupación Censal;Barcelona 51 (la Mare de Déu de Port, Can Clos i el Polvorí);Barcelona;89.0
Barcelona 52 (Can Sabater);Agrupación Censal;Barcelona 52 (Can Sabater);Barcelona;98.7
Barcelona 53 (la Font de la Guatlla);Agrupación Censal;Barcelona 53 (la Font de la Guatlla);Barcelona;104.1
Barcelona 54 (l'Alcaldia d'Hostafrancs);Agrupación Censal;Barcelona 54 (l'Alcaldia d'Hostafrancs);Barcelona;107.5
Barcelona 55 (l'Àngel Custodi);Agrupación Censal;Barcelona 55 (l'Àngel Custodi);Barcelona;101.8
Barcelona 56 (Sant Medir);Agrupación Censal;Barcelona 56 (Sant Medir);Barcelona;109.1
Barcelona 57 (Can Batlló);Agrupación Censal;Barcelona 57 (Can Batlló);Barcelona;106.5
Barcelona 58 (l'Olivereta);Agrupación Censal;Barcelona 58 (l'Olivereta);Barcelona;100.8
Barcelona 59 (Badal);Agrupación Censal;Barcelona 59 (Badal);Barcelona;108.6
Barcelona 60 (Can Mantega);Agrupación Censal;Barcelona 60 (Can Mantega);Barcelona;114.3
Barcelona 61 (el Mercat Nou);Agrupación Censal;Barcelona 61 (el Mercat Nou);Barcelona;104.6
Barcelona 62 (Santa Maria de Sants);Agrupación Censal;Barcelona 62 (Santa Maria de Sants);Barcelona;87.7
Barcelona 63 (l'Olivera Rodona i l'Espanya Industrial);Agrupación Censal;Barcelona 63 (l'Olivera Rodona i l'Espanya Industrial);Barcelona;112.3
Barcelona 64 (Can Novell - Plaça del Centre);Agrupación Censal;Barcelona 64 (Can Novell - Plaça del Centre);Barcelona;116.6
Barcelona 65 (les Infantes i la Colònia Castells);Agrupación Censal;Barcelona 65 (les Infantes i la Colònia Castells);Barcelona;121.8
Barcelona 66 (Loreto i el Camp de la Creu);Agrupación Censal;Barcelona 66 (Loreto i el Camp de la Creu);Barcelona;126.1
Barcelona 67 (les Corts Noves, Can Rosés, Can Feu i Can Batllori);Agrupación Censal;Barcelona 67 (les Corts Noves, Can Rosés, Can Feu i Can Batllori);Barcelona;125.1
Barcelona 68 (les Corts Velles);Agrupación Censal;Barcelona 68 (les Corts Velles);Barcelona;125.6
Barcelona 69 (el Sòl de Baix);Agrupación Censal;Barcelona 69 (el Sòl de Baix);Barcelona;114.9
Barcelona 70 (Sant Ramon i la Torre Melina);Agrupación Censal;Barcelona 70 (Sant Ramon i la Torre Melina);Barcelona;119.0
Barcelona 71 (Can Bacardí, Collblanc, la Maternitat i Bederrida);Agrupación Censal;Barcelona 71 (Can Bacardí, Collblanc, la Maternitat i Bederrida);Barcelona;114.4
Barcelona 72 (la Font dels Ocellets i Santa Gemma);Agrupación Censal;Barcelona 72 (la Font dels Ocellets i Santa Gemma);Barcelona;131.8
Barcelona 73 (Pedralbes, la Mercè i el Palau Reial);Agrupación Censal;Barcelona 73 (Pedralbes, la Mercè i el Palau Reial);Barcelona;123.8
Barcelona 74 (les Planes, Vallvidrera, el Tibidabo i els barris de Muntanya de Sarrià);Agrupación Censal;Barcelona 74 (les Planes, Vallvidrera, el Tibidabo i els barris de Muntanya de Sarrià);Barcelona;121.0
Barcelona 75 (Sarrià Vell);Agrupación Censal;Barcelona 75 (Sarrià Vell);Barcelona;127.5
Barcelona 76 (els Caputxins, Can Ponsic i Santa Amèlia);Agrupación Censal;Barcelona 76 (els Caputxins, Can Ponsic i Santa Amèlia);Barcelona;130.9
Barcelona 77 (Can Ràbia i la Nena Cases);Agrupación Censal;Barcelona 77 (Can Ràbia i la Nena Cases);Barcelona;133.4
Barcelona 78 (les Tres Torres);Agrupación Censal;Barcelona 78 (les Tres Torres);Barcelona;133.9
Barcelona 79 (la Bonanova, la Torre Vilana i l'Avinguda del Tibidabo);Agrupación Censal;Barcelona 79 (la Bonanova, la Torre Vilana i l'Avinguda del Tibidabo);Barcelona;131.0
Barcelona 80 (Sant Gervasi de Cassoles);Agrupación Censal;Barcelona 80 (Sant Gervasi de Cassoles);Barcelona;124.7
Barcelona 81 (Mandri);Agrupación Censal;Barcelona 81 (Mandri);Barcelona;131.0
Barcelona 82 (Can Castelló, Modolell i Can Ballescar);Agrupación Censal;Barcelona 82 (Can Castelló, Modolell i Can Ballescar);Barcelona;133.5
Barcelona 83 (el Turó Parc);Agrupación Censal;Barcelona 83 (el Turó Parc);Barcelona;130.2
Barcelona 84 (Galvany);Agrupación Censal;Barcelona 84 (Galvany);Barcelona;129.0
Barcelona 85 (Tuset);Agrupación Censal;Barcelona 85 (Tuset);Barcelona;130.2
Barcelona 86 (Laforja);Agrupación Censal;Barcelona 86 (Laforja);Barcelona;126.9
Barcelona 87 (Monterols);Agrupación Censal;Barcelona 87 (Monterols);Barcelona;127.8
Barcelona 88 (el Farró);Agrupación Censal;Barcelona 88 (el Farró);Barcelona;124.8
Barcelona 89 (el Putxet);Agrupación Censal;Barcelona 89 (el Putxet);Barcelona;124.8
Barcelona 90 (Craywinckel);Agrupación Censal;Barcelona 90 (Craywinckel);Barcelona;125.3
Barcelona 91 (els Penitents i el Mas Falcó);Agrupación Censal;Barcelona 91 (els Penitents i el Mas Falcó);Barcelona;121.7
Barcelona 92 (el Pont de Vallcarca);Agrupación Censal;Barcelona 92 (el Pont de Vallcarca);Barcelona;120.3
Barcelona 93 (Vallcarca - la Farigola);Agrupación Censal;Barcelona 93 (Vallcarca - la Farigola);Barcelona;113.6
Barcelona 94 (el Coll);Agrupación Censal;Barcelona 94 (el Coll);Barcelona;107.9
Barcelona 95 (el Coll del Portell);Agrupación Censal;Barcelona 95 (el Coll del Portell);Barcelona;115.8
Barcelona 96 (Sant Josep de la Muntanya);Agrupación Censal;Barcelona 96 (Sant Josep de la Muntanya);Barcelona;119.0
Barcelona 97 (la Plaça Rovira);Agrupación Censal;Barcelona 97 (la Plaça Rovira);Barcelona;117.9
Barcelona 98 (la Plaça del Nord i Can Trilla);Agrupación Censal;Barcelona 98 (la Plaça del Nord i Can Trilla);Barcelona;117.7
Barcelona 99 (la Llibertat i la Riera de Sant Miquel);Agrupación Censal;Barcelona 99 (la Llibertat i la Riera de Sant Miquel);Barcelona;120.3
Barcelona 100 (Rius i Taulet);Agrupación Censal;Barcelona 100 (Rius i Taulet);Barcelona;116.6
Barcelona 101 (el Sol, el Diamant, la Virreina i la Revolució);Agrupación Censal;Barcelona 101 (el Sol, el Diamant, la Virreina i la Revolució);Barcelona;116.8
Barcelona 102 (l'Abaceria i la Plaça del Raspall);Agrupación Censal;Barcelona 102 (l'Abaceria i la Plaça del Raspall);Barcelona;115.4
Barcelona 103 (Joanic);Agrupación Censal;Barcelona 103 (Joanic);Barcelona;115.0
Barcelona 104 (el Camp d'en Grassot);Agrupación Censal;Barcelona 104 (el Camp d'en Grassot);Barcelona;119.1
Barcelona 105 (la Sedeta);Agrupación Censal;Barcelona 105 (la Sedeta);Barcelona;118.7
Barcelona 106 (Can Romans);Agrupación Censal;Barcelona 106 (Can Romans);Barcelona;116.9
Barcelona 107 (Ca l'Alegre de Dalt);Agrupación Censal;Barcelona 107 (Ca l'Alegre de Dalt);Barcelona;113.3
Barcelona 108 (els Jardins del Príncep de Girona);Agrupación Censal;Barcelona 108 (els Jardins del Príncep de Girona);Barcelona;112.9
Barcelona 109 (el Mas Casanovas);Agrupación Censal;Barcelona 109 (el Mas Casanovas);Barcelona;112.0
Barcelona 110 (el Parc de les Aigües);Agrupación Censal;Barcelona 110 (el Parc de les Aigües);Barcelona;112.3
Barcelona 111 (Can Baró);Agrupación Censal;Barcelona 111 (Can Baró);Barcelona;107.3
Barcelona 112 (el Parc del Guinardó);Agrupación Censal;Barcelona 112 (el Parc del Guinardó);Barcelona;106.8
Barcelona 113 (el Guinardó i l'Hospital de Sant Pau);Agrupación Censal;Barcelona 113 (el Guinardó i l'Hospital de Sant Pau);Barcelona;111.9
Barcelona 114 (Maragall);Agrupación Censal;Barcelona 114 (Maragall);Barcelona;108.7
Barcelona 115 (els Quinze);Agrupación Censal;Barcelona 115 (els Quinze);Barcelona;107.6
Barcelona 116 (la Font d'en Fargues i Can Carabassa);Agrupación Censal;Barcelona 116 (la Font d'en Fargues i Can Carabassa);Barcelona;119.4
Barcelona 117 (l'Alt Carmel i el Turó de la Rovira);Agrupación Censal;Barcelona 117 (l'Alt Carmel i el Turó de la Rovira);Barcelona;91.9
Barcelona 118 (el Baix Carmel);Agrupación Censal;Barcelona 118 (el Baix Carmel);Barcelona;93.7
Barcelona 119 (la Teixonera);Agrupación Censal;Barcelona 119 (la Teixonera);Barcelona;99.3
Barcelona 120 (Sant Genís dels Agudells);Agrupación Censal;Barcelona 120 (Sant Genís dels Agudells);Barcelona;99.0
Barcelona 121 (Montbau);Agrupación Censal;Barcelona 121 (Montbau);Barcelona;106.1
Barcelona 122 (la Vall d'Hebron i la Clota);Agrupación Censal;Barcelona 122 (la Vall d'Hebron i la Clota);Barcelona;112.5
Barcelona 123 (l'Eixample d'Horta);Agrupación Censal;Barcelona 123 (l'Eixample d'Horta);Barcelona;107.1
Barcelona 124 (Sant Joan d'Horta);Agrupación Censal;Barcelona 124 (Sant Joan d'Horta);Barcelona;95.3
Barcelona 125 (Sant Marcel i les Franceses);Agrupación Censal;Barcelona 125 (Sant Marcel i les Franceses);Barcelona;104.4
Barcelona 126 (Can Cartellà);Agrupación Censal;Barcelona 126 (Can Cartellà);Barcelona;104.0
Barcelona 127 (Virrei Amat i la Torre Llobeta);Agrupación Censal;Barcelona 127 (Virrei Amat i la Torre Llobeta);Barcelona;106.1
Barcelona 128 (Can Garrigó);Agrupación Censal;Barcelona 128 (Can Garrigó);Barcelona;100.8
Barcelona 129 (la Plaça de Sóller);Agrupación Censal;Barcelona 129 (la Plaça de Sóller);Barcelona;101.7
Barcelona 130 (Can Dragó);Agrupación Censal;Barcelona 130 (Can Dragó);Barcelona;99.8
Barcelona 131 (els Jardins d'Alfàbia);Agrupación Censal;Barcelona 131 (els Jardins d'Alfàbia);Barcelona;78.7
Barcelona 132 (el Mercat de la Mercè);Agrupación Censal;Barcelona 132 (el Mercat de la Mercè);Barcelona;88.3
Barcelona 133 (el Turó de la Peira i Can Peguera);Agrupación Censal;Barcelona 133 (el Turó de la Peira i Can Peguera);Barcelona;83.9
Barcelona 134 (el Parc Central de Nou Barris);Agrupación Censal;Barcelona 134 (el Parc Central de Nou Barris);Barcelona;108.8
Barcelona 135 (la Guineueta);Agrupación Censal;Barcelona 135 (la Guineueta);Barcelona;98.1
Barcelona 136 (Canyelles);Agrupación Censal;Barcelona 136 (Canyelles);Barcelona;98.8
Barcelona 137 (la Mina de la Ciutat);Agrupación Censal;Barcelona 137 (la Mina de la Ciutat);Barcelona;78.4
Barcelona 138 (les Roquetes);Agrupación Censal;Barcelona 138 (les Roquetes);Barcelona;77.6
Barcelona 139 (la Plaça de Verdun);Agrupación Censal;Barcelona 139 (la Plaça de Verdun);Barcelona;85.9
Barcelona 140 (les Cases de Charlot);Agrupación Censal;Barcelona 140 (les Cases de Charlot);Barcelona;83.7
Barcelona 141 (Can Borràs);Agrupación Censal;Barcelona 141 (Can Borràs);Barcelona;91.5
Barcelona 142 (Santa Engràcia);Agrupación Censal;Barcelona 142 (Santa Engràcia);Barcelona;92.1
Barcelona 143 (la Plaça Verda);Agrupación Censal;Barcelona 143 (la Plaça Verda);Barcelona;97.3
Barcelona 144 (la Flor de Neu);Agrupación Censal;Barcelona 144 (la Flor de Neu);Barcelona;90.0
Barcelona 145 (la Trinitat Nova);Agrupación Censal;Barcelona 145 (la Trinitat Nova);Barcelona;77.5
Barcelona 146 (Torre Baró, Ciutat Meridiana i Vallbona);Agrupación Censal;Barcelona 146 (Torre Baró, Ciutat Meridiana i Vallbona);Barcelona;70.9
Barcelona 147 (la Trinitat Vella);Agrupación Censal;Barcelona 147 (la Trinitat Vella);Barcelona;75.3
Barcelona 148 (Baró de Viver i la Maquinista);Agrupación Censal;Barcelona 148 (Baró de Viver i la Maquinista);Barcelona;98.0
Barcelona 149 (el Bon Pastor);Agrupación Censal;Barcelona 149 (el Bon Pastor);Barcelona;76.1
Barcelona 150 (Can Portabella);Agrupación Censal;Barcelona 150 (Can Portabella);Barcelona;114.6
Barcelona 151 (Sant Andreu Vell);Agrupación Censal;Barcelona 151 (Sant Andreu Vell);Barcelona;115.9
Barcelona 152 (l'Andana de l'Estació i el Molí del Rec);Agrupación Censal;Barcelona 152 (l'Andana de l'Estació i el Molí del Rec);Barcelona;119.0
Barcelona 153 (les Casernes);Agrupación Censal;Barcelona 153 (les Casernes);Barcelona;105.8
Barcelona 154 (Casa Bloc);Agrupación Censal;Barcelona 154 (Casa Bloc);Barcelona;105.2
Barcelona 155 (el Mercadal);Agrupación Censal;Barcelona 155 (el Mercadal);Barcelona;112.2
Barcelona 156 (la Rambla de Sant Andreu);Agrupación Censal;Barcelona 156 (la Rambla de Sant Andreu);Barcelona;111.8
Barcelona 157 (Can Masadas i el Camp del Ferro);Agrupación Censal;Barcelona 157 (Can Masadas i el Camp del Ferro);Barcelona;107.9
Barcelona 158 (el Pont del Treball);Agrupación Censal;Barcelona 158 (el Pont del Treball);Barcelona;108.5
Barcelona 159 (la Sagrera Alta);Agrupación Censal;Barcelona 159 (la Sagrera Alta);Barcelona;101.9
Barcelona 160 (el Congrés);Agrupación Censal;Barcelona 160 (el Congrés);Barcelona;108.2
Barcelona 161 (els Indians);Agrupación Censal;Barcelona 161 (els Indians);Barcelona;106.8
Barcelona 162 (Sant Joan Bosco);Agrupación Censal;Barcelona 162 (Sant Joan Bosco);Barcelona;110.5
Barcelona 163 (el Torrent de la Guineu);Agrupación Censal;Barcelona 163 (el Torrent de la Guineu);Barcelona;109.1
Barcelona 164 (Trinxant);Agrupación Censal;Barcelona 164 (Trinxant);Barcelona;108.4
Barcelona 165 (Can Miralletes);Agrupación Censal;Barcelona 165 (Can Miralletes);Barcelona;113.1
Barcelona 166 (Xifré);Agrupación Censal;Barcelona 166 (Xifré);Barcelona;110.6
Barcelona 167 (Can Robacols);Agrupación Censal;Barcelona 167 (Can Robacols);Barcelona;109.7
Barcelona 168 (la Parròquia del Clot);Agrupación Censal;Barcelona 168 (la Parròquia del Clot);Barcelona;111.0
Barcelona 169 (el Clot de la Mel);Agrupación Censal;Barcelona 169 (el Clot de la Mel);Barcelona;112.4
Barcelona 170 (el Mercat del Clot);Agrupación Censal;Barcelona 170 (el Mercat del Clot);Barcelona;110.2
Barcelona 171 (el Parc de la Ciutadella, Ca l'Aranyó i Ratés);Agrupación Censal;Barcelona 171 (el Parc de la Ciutadella, Ca l'Aranyó i Ratés);Barcelona;112.1
Barcelona 172 (la Vila Olímpica i el Bogatell);Agrupación Censal;Barcelona 172 (la Vila Olímpica i el Bogatell);Barcelona;125.6
Barcelona 173 (el Taulat i la Plata);Agrupación Censal;Barcelona 173 (el Taulat i la Plata);Barcelona;113.0
Barcelona 174 (Can Felipa);Agrupación Censal;Barcelona 174 (Can Felipa);Barcelona;119.3
Barcelona 175 (els Ciutadans);Agrupación Censal;Barcelona 175 (els Ciutadans);Barcelona;114.0
Barcelona 176 (l'Antiga Diagonal Mar);Agrupación Censal;Barcelona 176 (l'Antiga Diagonal Mar);Barcelona;110.2
Barcelona 177 (la Nova Diagonal Mar i el Front Marítim del Poblenou);Agrupación Censal;Barcelona 177 (la Nova Diagonal Mar i el Front Marítim del Poblenou);Barcelona;118.4
Barcelona 178 (el Besòs Mar);Agrupación Censal;Barcelona 178 (el Besòs Mar);Barcelona;70.0
Barcelona 179 (el Besòs);Agrupación Censal;Barcelona 179 (el Besòs);Barcelona;78.5
Barcelona 180 (el Maresme i el Maresme Vell);Agrupación Censal;Barcelona 180 (el Maresme i el Maresme Vell);Barcelona;74.8
Barcelona 181 (Provençals i Ca l'Isidret);Agrupación Censal;Barcelona 181 (Provençals i Ca l'Isidret);Barcelona;105.8
Barcelona 182 (Can Ricart);Agrupación Censal;Barcelona 182 (Can Ricart);Barcelona;110.4
Barcelona 183 (els Porxos);Agrupación Censal;Barcelona 183 (els Porxos);Barcelona;106.1
Barcelona 184 (el Pont de Bac de Roda);Agrupación Censal;Barcelona 184 (el Pont de Bac de Roda);Barcelona;103.8
Barcelona 185 (Sant Martí Vell);Agrupación Censal;Barcelona 185 (Sant Martí Vell);Barcelona;100.7
Barcelona 186 (Júpiter);Agrupación Censal;Barcelona 186 (Júpiter);Barcelona;100.9
Barcelona 187 (la Palmera);Agrupación Censal;Barcelona 187 (la Palmera);Barcelona;106.3
Barcelona 188 (la Verneda Alta);Agrupación Censal;Barcelona 188 (la Verneda Alta);Barcelona;98.4
Barcelona 189 (la Verneda Baixa);Agrupación Censal;Barcelona 189 (la Verneda Baixa);Barcelona;86.8
Barcelona 190 (la Pau);Agrupación Censal;Barcelona 190 (la Pau);Barcelona;89.2
Berga 1 (Nucli Urbà Oest, Sud i Est - Exterior);Agrupación Censal;Berga 1 (Nucli Urbà Oest, Sud i Est - Exterior);Berga;101.7
Berga 2 (Nucli Urbà Centre i Nord);Agrupación Censal;Berga 2 (Nucli Urbà Centre i Nord);Berga;78.9
Caldes de Montbui 1 (Centre-Eixample);Agrupación Censal;Caldes de Montbui 1 (Centre-Eixample);Caldes de Montbui;99.8
Caldes de Montbui 2 (Nucli Antic i Exterior);Agrupación Censal;Caldes de Montbui 2 (Nucli Antic i Exterior);Caldes de Montbui;114.2
Calella 1 (Oest);Agrupación Censal;Calella 1 (Oest);Calella;91.4
Calella 2 (Est);Agrupación Censal;Calella 2 (Est);Calella;94.5
Canet de Mar 1 (Centre);Agrupación Censal;Canet de Mar 1 (Centre);Canet de Mar;99.6
Canet de Mar 2 (Exterior);Agrupación Censal;Canet de Mar 2 (Exterior);Canet de Mar;104.2
Canovelles 1 (Nucli Urbà Centre i Est);Agrupación Censal;Canovelles 1 (Nucli Urbà Centre i Est);Canovelles;60.7
Canovelles 2 (Nucli Urbà Oest i Exterior);Agrupación Censal;Canovelles 2 (Nucli Urbà Oest i Exterior);Canovelles;103.2
Cardedeu 1 (Nucli Urbà Centre i Exterior Nord);Agrupación Censal;Cardedeu 1 (Nucli Urbà Centre i Exterior Nord);Cardedeu;112.2
Cardedeu 2 (Nucli Urbà Sud-est i Exterior Sud);Agrupación Censal;Cardedeu 2 (Nucli Urbà Sud-est i Exterior Sud);Cardedeu;111.9
Castellar del Vallès 1 (Nucli Urbà Est i Exterior);Agrupación Censal;Castellar del Vallès 1 (Nucli Urbà Est i Exterior);Castellar del Vallès;113.3
Castellar del Vallès 2 (Nucli Urbà Nord i Oest);Agrupación Censal;Castellar del Vallès 2 (Nucli Urbà Nord i Oest);Castellar del Vallès;106.9
Castellar del Vallès 3 (Nucli Urbà Sud);Agrupación Censal;Castellar del Vallès 3 (Nucli Urbà Sud);Castellar del Vallès;115.5
Castellbisbal 1 (Sud);Agrupación Censal;Castellbisbal 1 (Sud);Castellbisbal;109.7
Castellbisbal 2 (Nord);Agrupación Censal;Castellbisbal 2 (Nord);Castellbisbal;108.2
Castelldefels 1 (Centre);Agrupación Censal;Castelldefels 1 (Centre);Castelldefels;99.3
Castelldefels 2 (Vista Alegre - el Castell);Agrupación Censal;Castelldefels 2 (Vista Alegre - el Castell);Castelldefels;94.9
Castelldefels 3 (els Canyars);Agrupación Censal;Castelldefels 3 (els Canyars);Castelldefels;117.9
Castelldefels 4 (el Poble Vell);Agrupación Censal;Castelldefels 4 (el Poble Vell);Castelldefels;97.8
Castelldefels 5 (les Botigues - Can Bou - Mar i Sol);Agrupación Censal;Castelldefels 5 (les Botigues - Can Bou - Mar i Sol);Castelldefels;116.3
Castelldefels 6 (Baixador - Lluminetes - la Pineda);Agrupación Censal;Castelldefels 6 (Baixador - Lluminetes - la Pineda);Castelldefels;111.8
Castelldefels 7 (el Poal - Bellamar);Agrupación Censal;Castelldefels 7 (el Poal - Bellamar);Castelldefels;113.7
Castelldefels 8 (Montmar);Agrupación Censal;Castelldefels 8 (Montmar);Castelldefels;119.2
Castelldefels 9 (Can Roca - la Muntanyeta);Agrupación Censal;Castelldefels 9 (Can Roca - la Muntanyeta);Castelldefels;119.8
Corbera de Llobregat 1 (Nucli Urbà);Agrupación Censal;Corbera de Llobregat 1 (Nucli Urbà);Corbera de Llobregat;102.0
Corbera de Llobregat 2 (Urbanitzacions);Agrupación Censal;Corbera de Llobregat 2 (Urbanitzacions);Corbera de Llobregat;117.0
Cornellà de Llobregat 1 (Centre);Agrupación Censal;Cornellà de Llobregat 1 (Centre);Cornellà de Llobregat;105.9
Cornellà de Llobregat 2 (Fontsanta - Fatjó);Agrupación Censal;Cornellà de Llobregat 2 (Fontsanta - Fatjó);Cornellà de Llobregat;112.7
Cornellà de Llobregat 3 (el Pedró);Agrupación Censal;Cornellà de Llobregat 3 (el Pedró);Cornellà de Llobregat;104.0
Cornellà de Llobregat 4 (Bonavista);Agrupación Censal;Cornellà de Llobregat 4 (Bonavista);Cornellà de Llobregat;94.5
Cornellà de Llobregat 5 (Gavarra);Agrupación Censal;Cornellà de Llobregat 5 (Gavarra);Cornellà de Llobregat;93.9
Cornellà de Llobregat 6 (Sant Ildefons Oest);Agrupación Censal;Cornellà de Llobregat 6 (Sant Ildefons Oest);Cornellà de Llobregat;73.3
Cornellà de Llobregat 7 (Sant Ildefons Est);Agrupación Censal;Cornellà de Llobregat 7 (Sant Ildefons Est);Cornellà de Llobregat;72.3
Cornellà de Llobregat 8 (Sant Ildefons - Torre de la Miranda);Agrupación Censal;Cornellà de Llobregat 8 (Sant Ildefons - Torre de la Miranda);Cornellà de Llobregat;79.4
Cornellà de Llobregat 9 (Almeda);Agrupación Censal;Cornellà de Llobregat 9 (Almeda);Cornellà de Llobregat;114.3
Cornellà de Llobregat 10 (Riera - Camp de les Aigües);Agrupación Censal;Cornellà de Llobregat 10 (Riera - Camp de les Aigües);Cornellà de Llobregat;103.6
Cubelles 1 (Oest i Nord);Agrupación Censal;Cubelles 1 (Oest i Nord);Cubelles;96.1
Cubelles 2 (Est i Sud);Agrupación Censal;Cubelles 2 (Est i Sud);Cubelles;106.0
Esparreguera 1 (Est);Agrupación Censal;Esparreguera 1 (Est);Esparreguera;100.2
Esparreguera 2 (Oest);Agrupación Censal;Esparreguera 2 (Oest);Esparreguera;104.4
Esplugues de Llobregat 1 (Nucli Antic i Barris de Collserola);Agrupación Censal;Esplugues de Llobregat 1 (Nucli Antic i Barris de Collserola);Esplugues de Llobregat;124.9
Esplugues de Llobregat 2 (Can Vidalet);Agrupación Censal;Esplugues de Llobregat 2 (Can Vidalet);Esplugues de Llobregat;81.5
Esplugues de Llobregat 3 (Can Clota - Can Cervera);Agrupación Censal;Esplugues de Llobregat 3 (Can Clota - Can Cervera);Esplugues de Llobregat;99.1
Esplugues de Llobregat 4 (la Plana);Agrupación Censal;Esplugues de Llobregat 4 (la Plana);Esplugues de Llobregat;107.3
Esplugues de Llobregat 5 (el Gall - Montesa);Agrupación Censal;Esplugues de Llobregat 5 (el Gall - Montesa);Esplugues de Llobregat;108.0
Esplugues de Llobregat 6 (Centre Sud);Agrupación Censal;Esplugues de Llobregat 6 (Centre Sud);Esplugues de Llobregat;108.3
Franqueses del Vallès 1 (Bellavista Nord - Corró d'Avall - Corró d'Amunt - Llerona - Marata), les;Agrupación Censal;Franqueses del Vallès 1 (Bellavista Nord - Corró d'Avall - Corró d'Amunt - Llerona - Marata), les;Franqueses del Vallès;110.6
Franqueses del Vallès 2 (Bellavista Sud), les;Agrupación Censal;Franqueses del Vallès 2 (Bellavista Sud), les;Franqueses del Vallès;72.7
Garriga 1 (Centre i Sud), la;Agrupación Censal;Garriga 1 (Centre i Sud), la;Garriga;112.2
Garriga 2 (Nord), la;Agrupación Censal;Garriga 2 (Nord), la;Garriga;109.2
Gavà 1 (Centre);Agrupación Censal;Gavà 1 (Centre);Gavà;107.3
Gavà 2 (Nucli Antic - Carretera de Santa Creu);Agrupación Censal;Gavà 2 (Nucli Antic - Carretera de Santa Creu);Gavà;103.3
Gavà 3 (Gavà Mar);Agrupación Censal;Gavà 3 (Gavà Mar);Gavà;121.3
Gavà 4 (les Panes);Agrupación Censal;Gavà 4 (les Panes);Gavà;100.2
Gavà 5 (la Sentiu - Ca n'Espinós - Eramprunyà);Agrupación Censal;Gavà 5 (la Sentiu - Ca n'Espinós - Eramprunyà);Gavà;104.8
Gavà 6 (Eixample - la Bòbila);Agrupación Censal;Gavà 6 (Eixample - la Bòbila);Gavà;106.0
Gavà 7 (Can Tintorer - Can Tries);Agrupación Censal;Gavà 7 (Can Tintorer - Can Tries);Gavà;96.6
Granollers 1 (Can Bassa - Palou);Agrupación Censal;Granollers 1 (Can Bassa - Palou);Granollers;99.4
Granollers 2 (Sant Miquel - Tres Torres);Agrupación Censal;Granollers 2 (Sant Miquel - Tres Torres);Granollers;98.0
Granollers 3 (Instituts - Sota el Camí Ral);Agrupación Censal;Granollers 3 (Instituts - Sota el Camí Ral);Granollers;97.5
Granollers 4 (Centre - Joan Prim);Agrupación Censal;Granollers 4 (Centre - Joan Prim);Granollers;105.6
Granollers 5 (Lledoner - l'Hostal - Can Monic - Ponent);Agrupación Censal;Granollers 5 (Lledoner - l'Hostal - Can Monic - Ponent);Granollers;95.3
Granollers 6 (Congost - Can Gili);Agrupación Censal;Granollers 6 (Congost - Can Gili);Granollers;75.0
Granollers 7 (Font Verda - Nord);Agrupación Censal;Granollers 7 (Font Verda - Nord);Granollers;100.5
Hospitalet de Llobregat 1 (Centre - Ajuntament), l';Agrupación Censal;Hospitalet de Llobregat 1 (Centre - Ajuntament), l';Hospitalet de Llobregat;102.5
Hospitalet de Llobregat 2 (Centre - Carretera del Mig), l';Agrupación Censal;Hospitalet de Llobregat 2 (Centre - Carretera del Mig), l';Hospitalet de Llobregat;105.9
Hospitalet de Llobregat 3 (Centre - la Farga), l';Agrupación Censal;Hospitalet de Llobregat 3 (Centre - la Farga), l';Hospitalet de Llobregat;102.7
Hospitalet de Llobregat 4 (Centre - Nucli Antic), l';Agrupación Censal;Hospitalet de Llobregat 4 (Centre - Nucli Antic), l';Hospitalet de Llobregat;106.9
Hospitalet de Llobregat 5 (Sant Feliu), l';Agrupación Censal;Hospitalet de Llobregat 5 (Sant Feliu), l';Hospitalet de Llobregat;96.9
Hospitalet de Llobregat 6 (Can Serra), l';Agrupación Censal;Hospitalet de Llobregat 6 (Can Serra), l';Hospitalet de Llobregat;86.7
Hospitalet de Llobregat 7 (la Pubilla Cases - Can Vidalet), l';Agrupación Censal;Hospitalet de Llobregat 7 (la Pubilla Cases - Can Vidalet), l';Hospitalet de Llobregat;68.6
Hospitalet de Llobregat 8 (la Pubilla Cases - la Bòbila), l';Agrupación Censal;Hospitalet de Llobregat 8 (la Pubilla Cases - la Bòbila), l';Hospitalet de Llobregat;64.1
Hospitalet de Llobregat 9 (la Pubilla Cases - Can Rigalt), l';Agrupación Censal;Hospitalet de Llobregat 9 (la Pubilla Cases - Can Rigalt), l';Hospitalet de Llobregat;73.8
Hospitalet de Llobregat 10 (la Florida - Plaça de la Llibertat), l';Agrupación Censal;Hospitalet de Llobregat 10 (la Florida - Plaça de la Llibertat), l';Hospitalet de Llobregat;66.4
Hospitalet de Llobregat 11 (la Florida - Parc dels Ocellets), l';Agrupación Censal;Hospitalet de Llobregat 11 (la Florida - Parc dels Ocellets), l';Hospitalet de Llobregat;62.0
Hospitalet de Llobregat 12 (la Florida - Avinguda de la Primavera), l';Agrupación Censal;Hospitalet de Llobregat 12 (la Florida - Avinguda de la Primavera), l';Hospitalet de Llobregat;71.3
Hospitalet de Llobregat 13 (les Planes - el Parc), l';Agrupación Censal;Hospitalet de Llobregat 13 (les Planes - el Parc), l';Hospitalet de Llobregat;62.1
Hospitalet de Llobregat 14 (les Planes - Avinguda de Catalunya) l';Agrupación Censal;Hospitalet de Llobregat 14 (les Planes - Avinguda de Catalunya) l';Hospitalet de Llobregat;68.1
Hospitalet de Llobregat 15 (Collblanc - Centre - Vallparda), l';Agrupación Censal;Hospitalet de Llobregat 15 (Collblanc - Centre - Vallparda), l';Hospitalet de Llobregat;70.8
Hospitalet de Llobregat 16 (Collblanc - Cementiri - Carretera), l';Agrupación Censal;Hospitalet de Llobregat 16 (Collblanc - Cementiri - Carretera), l';Hospitalet de Llobregat;82.0
Hospitalet de Llobregat 17 (Collblanc - Mercat), l';Agrupación Censal;Hospitalet de Llobregat 17 (Collblanc - Mercat), l';Hospitalet de Llobregat;82.4
Hospitalet de Llobregat 18 (la Torrassa - Plaça dels Pirineus), l';Agrupación Censal;Hospitalet de Llobregat 18 (la Torrassa - Plaça dels Pirineus), l';Hospitalet de Llobregat;74.2
Hospitalet de Llobregat 19 (la Torrassa - Plaça del Vidre), l';Agrupación Censal;Hospitalet de Llobregat 19 (la Torrassa - Plaça del Vidre), l';Hospitalet de Llobregat;70.2
Hospitalet de Llobregat 20 (la Torrassa - el Parc), l';Agrupación Censal;Hospitalet de Llobregat 20 (la Torrassa - el Parc), l';Hospitalet de Llobregat;68.4
Hospitalet de Llobregat 21 (Sant Josep - Centre), l';Agrupación Censal;Hospitalet de Llobregat 21 (Sant Josep - Centre), l';Hospitalet de Llobregat;98.1
Hospitalet de Llobregat 22 (Sant Josep - Tecla Sala), l';Agrupación Censal;Hospitalet de Llobregat 22 (Sant Josep - Tecla Sala), l';Hospitalet de Llobregat;88.3
Hospitalet de Llobregat 23 (Santa Eulàlia - Església), l';Agrupación Censal;Hospitalet de Llobregat 23 (Santa Eulàlia - Església), l';Hospitalet de Llobregat;98.3
Hospitalet de Llobregat 24 (Santa Eulàlia - Mercat), l';Agrupación Censal;Hospitalet de Llobregat 24 (Santa Eulàlia - Mercat), l';Hospitalet de Llobregat;101.0
Hospitalet de Llobregat 25 (Santa Eulàlia - Centre Nord), l';Agrupación Censal;Hospitalet de Llobregat 25 (Santa Eulàlia - Centre Nord), l';Hospitalet de Llobregat;92.0
Hospitalet de Llobregat 26 (Santa Eulàlia - Centre Sud - Ciutat de la Justícia), l';Agrupación Censal;Hospitalet de Llobregat 26 (Santa Eulàlia - Centre Sud - Ciutat de la Justícia), l';Hospitalet de Llobregat;100.5
Hospitalet de Llobregat 27 (Plaça d'Europa - Fira - Residencial Granvia), l';Agrupación Censal;Hospitalet de Llobregat 27 (Plaça d'Europa - Fira - Residencial Granvia), l';Hospitalet de Llobregat;99.9
Hospitalet de Llobregat 28 (el Gornal), l';Agrupación Censal;Hospitalet de Llobregat 28 (el Gornal), l';Hospitalet de Llobregat;91.0
Hospitalet de Llobregat 29 (Bellvitge - Estació), l';Agrupación Censal;Hospitalet de Llobregat 29 (Bellvitge - Estació), l';Hospitalet de Llobregat;87.8
Hospitalet de Llobregat 30 (Bellvitge - Mercat), l';Agrupación Censal;Hospitalet de Llobregat 30 (Bellvitge - Mercat), l';Hospitalet de Llobregat;94.1
Hospitalet de Llobregat 31 (Bellvitge - Ermita i Hospital), l';Agrupación Censal;Hospitalet de Llobregat 31 (Bellvitge - Ermita i Hospital), l';Hospitalet de Llobregat;87.4
Igualada 1 (Centre-sud);Agrupación Censal;Igualada 1 (Centre-sud);Igualada;92.1
Igualada 2 (Centre-oest i Oest);Agrupación Censal;Igualada 2 (Centre-oest i Oest);Igualada;102.8
Igualada 3 (Sud-est);Agrupación Censal;Igualada 3 (Sud-est);Igualada;89.5
Igualada 4 (Centre-nord i Nord-est);Agrupación Censal;Igualada 4 (Centre-nord i Nord-est);Igualada;114.8
Llagosta 1 (Centre-est), la;Agrupación Censal;Llagosta 1 (Centre-est), la;Llagosta;79.9
Llagosta 2 (Oest i Exterior), la;Agrupación Censal;Llagosta 2 (Oest i Exterior), la;Llagosta;98.1
Lliçà d'Amunt 1 (Oest - Urbanitzacions);Agrupación Censal;Lliçà d'Amunt 1 (Oest - Urbanitzacions);Lliçà d'Amunt;108.4
Lliçà d'Amunt 2 (Est - Nucli Urbà);Agrupación Censal;Lliçà d'Amunt 2 (Est - Nucli Urbà);Lliçà d'Amunt;110.5
Malgrat de Mar 1 (Oest i Litoral);Agrupación Censal;Malgrat de Mar 1 (Oest i Litoral);Malgrat de Mar;97.1
Malgrat de Mar 2 (Nord-est);Agrupación Censal;Malgrat de Mar 2 (Nord-est);Malgrat de Mar;91.7
Manlleu 1 (Centre-nord);Agrupación Censal;Manlleu 1 (Centre-nord);Manlleu;66.4
Manlleu 2 (Est, Sud i Oest);Agrupación Censal;Manlleu 2 (Est, Sud i Oest);Manlleu;87.0
Manresa 1 (Antic i Districte Censal 6);Agrupación Censal;Manresa 1 (Antic i Districte Censal 6);Manresa;72.4
Manresa 2 (el Passeig i Rodalies);Agrupación Censal;Manresa 2 (el Passeig i Rodalies);Manresa;98.4
Manresa 3 (Can Saldes i Plaça de Catalunya);Agrupación Censal;Manresa 3 (Can Saldes i Plaça de Catalunya);Manresa;90.7
Manresa 4 (Valldaura);Agrupación Censal;Manresa 4 (Valldaura);Manresa;84.1
Manresa 5 (el Poble Nou - Mion, Puigberenguer i Miralpeix);Agrupación Censal;Manresa 5 (el Poble Nou - Mion, Puigberenguer i Miralpeix);Manresa;97.7
Manresa 6 (Carretera de Santpedor);Agrupación Censal;Manresa 6 (Carretera de Santpedor);Manresa;101.2
Manresa 7 (Vic i el Remei - el Guix - la Pujada Roja);Agrupación Censal;Manresa 7 (Vic i el Remei - el Guix - la Pujada Roja);Manresa;83.8
Manresa 8 (la Sagrada Família - la Font dels Capellans - Viladordis);Agrupación Censal;Manresa 8 (la Sagrada Família - la Font dels Capellans - Viladordis);Manresa;87.9
Manresa 9 (les Escodines - la Balconada - Cal Gravat - Sant Pau);Agrupación Censal;Manresa 9 (les Escodines - la Balconada - Cal Gravat - Sant Pau);Manresa;87.7
Martorell 1 (Oest);Agrupación Censal;Martorell 1 (Oest);Martorell;109.5
Martorell 2 (Est i Sud);Agrupación Censal;Martorell 2 (Est i Sud);Martorell;76.4
Martorell 3 (Centre-sud);Agrupación Censal;Martorell 3 (Centre-sud);Martorell;69.3
Masnou 1 (Centre-oest), el;Agrupación Censal;Masnou 1 (Centre-oest), el;Masnou;116.6
Masnou 2 (Est), el;Agrupación Censal;Masnou 2 (Est), el;Masnou;114.8
Masnou 3 (Nord-oest), el;Agrupación Censal;Masnou 3 (Nord-oest), el;Masnou;104.2
Mataró 1 (Centre);Agrupación Censal;Mataró 1 (Centre);Mataró;112.3
Mataró 2 (Eixample - Districte Censal 1);Agrupación Censal;Mataró 2 (Eixample - Districte Censal 1);Mataró;118.0
Mataró 3 (Eixample - Districtes Censals 2 i 3);Agrupación Censal;Mataró 3 (Eixample - Districtes Censals 2 i 3);Mataró;109.9
Mataró 4 (Eixample - Districte Censal 6);Agrupación Censal;Mataró 4 (Eixample - Districte Censal 6);Mataró;110.1
Mataró 5 (Escorxador - el Palau);Agrupación Censal;Mataró 5 (Escorxador - el Palau);Mataró;75.8
Mataró 6 (els Molins);Agrupación Censal;Mataró 6 (els Molins);Mataró;96.1
Mataró 7 (Rocafonda);Agrupación Censal;Mataró 7 (Rocafonda);Mataró;63.5
Mataró 8 (Vista Alegre);Agrupación Censal;Mataró 8 (Vista Alegre);Mataró;111.4
Mataró 9 (Cirera);Agrupación Censal;Mataró 9 (Cirera);Mataró;104.4
Mataró 10 (la Llàntia);Agrupación Censal;Mataró 10 (la Llàntia);Mataró;100.1
Mataró 11 (Cerdanyola Nord);Agrupación Censal;Mataró 11 (Cerdanyola Nord);Mataró;81.7
Mataró 12 (Cerdanyola Sud);Agrupación Censal;Mataró 12 (Cerdanyola Sud);Mataró;62.9
Mataró 13 (Peremàs);Agrupación Censal;Mataró 13 (Peremàs);Mataró;95.6
Mataró 14 (Pla d'en Boet);Agrupación Censal;Mataró 14 (Pla d'en Boet);Mataró;88.2
Molins de Rei 1 (Centre Sud - Canal - Mariona);Agrupación Censal;Molins de Rei 1 (Centre Sud - Canal - Mariona);Molins de Rei;112.3
Molins de Rei 2 (Centre Nord - la Granja);Agrupación Censal;Molins de Rei 2 (Centre Nord - la Granja);Molins de Rei;113.8
Molins de Rei 3 (Font dels Casats - Bonavista - la Pau - el Pla);Agrupación Censal;Molins de Rei 3 (Font dels Casats - Bonavista - la Pau - el Pla);Molins de Rei;117.9
Mollet del Vallès 1 (Estació de França - Estació del Nord - el Calderí);Agrupación Censal;Mollet del Vallès 1 (Estació de França - Estació del Nord - el Calderí);Mollet del Vallès;86.8
Mollet del Vallès 2 (el Centre - la Riera Seca - la Casilla);Agrupación Censal;Mollet del Vallès 2 (el Centre - la Riera Seca - la Casilla);Mollet del Vallès;104.1
Mollet del Vallès 3 (Can Pantiquet - el Tir Olímpic - Lourdes);Agrupación Censal;Mollet del Vallès 3 (Can Pantiquet - el Tir Olímpic - Lourdes);Mollet del Vallès;96.6
Mollet del Vallès 4 (la Plana Lledó);Agrupación Censal;Mollet del Vallès 4 (la Plana Lledó);Mollet del Vallès;75.4
Mollet del Vallès 5 (Can Borrell - Gallecs - Santa Rosa);Agrupación Censal;Mollet del Vallès 5 (Can Borrell - Gallecs - Santa Rosa);Mollet del Vallès;109.4
Mollet del Vallès 6 (els Col·legis Nous);Agrupación Censal;Mollet del Vallès 6 (els Col·legis Nous);Mollet del Vallès;86.6
Montcada i Reixac 1 (Montcada Centre);Agrupación Censal;Montcada i Reixac 1 (Montcada Centre);Montcada i Reixac;100.2
Montcada i Reixac 2 (Reixac - Vallençana - la Ribera);Agrupación Censal;Montcada i Reixac 2 (Reixac - Vallençana - la Ribera);Montcada i Reixac;77.5
Montcada i Reixac 3 (Can Sant Joan - Can Cuiàs);Agrupación Censal;Montcada i Reixac 3 (Can Sant Joan - Can Cuiàs);Montcada i Reixac;86.8
Montcada i Reixac 4 (Terra Nostra - la Font Pudenta);Agrupación Censal;Montcada i Reixac 4 (Terra Nostra - la Font Pudenta);Montcada i Reixac;98.7
Montcada i Reixac 5 (Mas Rampinyo - Can Pomada - Carrerada - Pla d'en Coll);Agrupación Censal;Montcada i Reixac 5 (Mas Rampinyo - Can Pomada - Carrerada - Pla d'en Coll);Montcada i Reixac;106.5
Montgat 1 (Barris de Llevant);Agrupación Censal;Montgat 1 (Barris de Llevant);Montgat;118.7
Montgat 2 (Barris de Ponent);Agrupación Censal;Montgat 2 (Barris de Ponent);Montgat;110.1
Montmeló;Agrupación Censal;Montmeló;Montmeló;101.4
Montornès del Vallès 1 (Nord);Agrupación Censal;Montornès del Vallès 1 (Nord);Montornès del Vallès;60.4
Montornès del Vallès 2 (Centre i Sud);Agrupación Censal;Montornès del Vallès 2 (Centre i Sud);Montornès del Vallès;104.2
Olesa de Montserrat 1 (Centre);Agrupación Censal;Olesa de Montserrat 1 (Centre);Olesa de Montserrat;97.3
Olesa de Montserrat 2 (Est);Agrupación Censal;Olesa de Montserrat 2 (Est);Olesa de Montserrat;103.4
Olesa de Montserrat 3 (Oest);Agrupación Censal;Olesa de Montserrat 3 (Oest);Olesa de Montserrat;102.3
Palau-solità i Plegamans 1 (Sud);Agrupación Censal;Palau-solità i Plegamans 1 (Sud);Palau-solità i Plegamans;111.1
Palau-solità i Plegamans 2 (Nord);Agrupación Censal;Palau-solità i Plegamans 2 (Nord);Palau-solità i Plegamans;107.1
Pallejà 1 (Nucli Urbà Nord);Agrupación Censal;Pallejà 1 (Nucli Urbà Nord);Pallejà;107.9
Pallejà 2 (Nucli Urbà Sud - la Magina - Fontpineda);Agrupación Censal;Pallejà 2 (Nucli Urbà Sud - la Magina - Fontpineda);Pallejà;115.4
Parets del Vallès 1 (Sud);Agrupación Censal;Parets del Vallès 1 (Sud);Parets del Vallès;103.7
Parets del Vallès 2 (Nord);Agrupación Censal;Parets del Vallès 2 (Nord);Parets del Vallès;108.1
Piera 1 (Exterior i Urbanitzacions);Agrupación Censal;Piera 1 (Exterior i Urbanitzacions);Piera;98.7
Piera 2 (Nucli Urbà);Agrupación Censal;Piera 2 (Nucli Urbà);Piera;89.5
Pineda de Mar 1 (Litoral Central i Interior);Agrupación Censal;Pineda de Mar 1 (Litoral Central i Interior);Pineda de Mar;95.1
Pineda de Mar 2 (Litoral Sud-oest);Agrupación Censal;Pineda de Mar 2 (Litoral Sud-oest);Pineda de Mar;85.9
Pineda de Mar 3 (Litoral Nord-est);Agrupación Censal;Pineda de Mar 3 (Litoral Nord-est);Pineda de Mar;88.2
Polinyà;Agrupación Censal;Polinyà;Polinyà;104.6
Prat de Llobregat 1 (Nucli Antic Oest), el;Agrupación Censal;Prat de Llobregat 1 (Nucli Antic Oest), el;Prat de Llobregat;96.6
Prat de Llobregat 2 (Nucli Antic Est), el;Agrupación Censal;Prat de Llobregat 2 (Nucli Antic Est), el;Prat de Llobregat;104.5
Prat de Llobregat 3 (Eixample Est - Barceloneta - les Palmeres), el;Agrupación Censal;Prat de Llobregat 3 (Eixample Est - Barceloneta - les Palmeres), el;Prat de Llobregat;109.1
Prat de Llobregat 4 (Eixample Nord), el;Agrupación Censal;Prat de Llobregat 4 (Eixample Nord), el;Prat de Llobregat;100.8
Prat de Llobregat 5 (Eixample Sud), el;Agrupación Censal;Prat de Llobregat 5 (Eixample Sud), el;Prat de Llobregat;100.3
Prat de Llobregat 6 (Eixample Oest), el;Agrupación Censal;Prat de Llobregat 6 (Eixample Oest), el;Prat de Llobregat;98.0
Prat de Llobregat 7 (Sant Jordi - Ribera Baixa - Mas Mateu), el;Agrupación Censal;Prat de Llobregat 7 (Sant Jordi - Ribera Baixa - Mas Mateu), el;Prat de Llobregat;105.3
Prat de Llobregat 8 (Sant Cosme - la Granja), el;Agrupación Censal;Prat de Llobregat 8 (Sant Cosme - la Granja), el;Prat de Llobregat;73.7
Premià de Mar 1 (Est);Agrupación Censal;Premià de Mar 1 (Est);Premià de Mar;115.0
Premià de Mar 2 (Interior Central);Agrupación Censal;Premià de Mar 2 (Interior Central);Premià de Mar;87.0
Premià de Mar 3 (Oest);Agrupación Censal;Premià de Mar 3 (Oest);Premià de Mar;111.1
Ripollet 1 (Centre - Maragall);Agrupación Censal;Ripollet 1 (Centre - Maragall);Ripollet;89.0
Ripollet 2 (Can Clos - els Pinetons);Agrupación Censal;Ripollet 2 (Can Clos - els Pinetons);Ripollet;105.8
Ripollet 3 (Sant Andreu - Can Vargas);Agrupación Censal;Ripollet 3 (Sant Andreu - Can Vargas);Ripollet;99.7
Ripollet 4 (Can Mas);Agrupación Censal;Ripollet 4 (Can Mas);Ripollet;82.5
Ripollet 5 (Can Tiana-Pont Vell);Agrupación Censal;Ripollet 5 (Can Tiana-Pont Vell);Ripollet;88.9
Ripollet 6 (Sant Lluís);Agrupación Censal;Ripollet 6 (Sant Lluís);Ripollet;111.1
Roca del Vallès, la;Agrupación Censal;Roca del Vallès, la;Roca del Vallès;112.8
Rubí 1 (Districte 1 Nord-oest);Agrupación Censal;Rubí 1 (Districte 1 Nord-oest);Rubí;108.9
Rubí 2 (Districte 2 Sud-oest);Agrupación Censal;Rubí 2 (Districte 2 Sud-oest);Rubí;103.5
Rubí 3 (Districte 3 Sud);Agrupación Censal;Rubí 3 (Districte 3 Sud);Rubí;91.0
Rubí 4 (Districte 4 Centre);Agrupación Censal;Rubí 4 (Districte 4 Centre);Rubí;94.9
Rubí 5 (Districte 5 Nord Central);Agrupación Censal;Rubí 5 (Districte 5 Nord Central);Rubí;95.5
Rubí 6 (Districte 6 Est);Agrupación Censal;Rubí 6 (Districte 6 Est);Rubí;94.8
Rubí 7 (Districte 5 Nord-est);Agrupación Censal;Rubí 7 (Districte 5 Nord-est);Rubí;98.8
Sabadell 1 (Centre, Ajuntament-Maristes);Agrupación Censal;Sabadell 1 (Centre, Ajuntament-Maristes);Sabadell;120.8
Sabadell 2 (Centre, Escola Pia-Hostafrancs);Agrupación Censal;Sabadell 2 (Centre, Escola Pia-Hostafrancs);Sabadell;120.1
Sabadell 3 (Centre, Museu d'Art-Imperial);Agrupación Censal;Sabadell 3 (Centre, Museu d'Art-Imperial);Sabadell;123.0
Sabadell 4 (Covadonga);Agrupación Censal;Sabadell 4 (Covadonga);Sabadell;109.7
Sabadell 5 (Avinguda - Eixample);Agrupación Censal;Sabadell 5 (Avinguda - Eixample);Sabadell;107.7
Sabadell 6 (Sol i Padrís - Nostra Llar);Agrupación Censal;Sabadell 6 (Sol i Padrís - Nostra Llar);Sabadell;101.4
Sabadell 7 (Can Puiggener);Agrupación Censal;Sabadell 7 (Can Puiggener);Sabadell;61.8
Sabadell 8 (la Creu Alta Oest - Eix Macià);Agrupación Censal;Sabadell 8 (la Creu Alta Oest - Eix Macià);Sabadell;109.7
Sabadell 9 (la Creu Alta Est - Taulí);Agrupación Censal;Sabadell 9 (la Creu Alta Est - Taulí);Sabadell;109.8
Sabadell 10 (Ca n'Oriac - Torreguitart - Torrent del Capellà);Agrupación Censal;Sabadell 10 (Ca n'Oriac - Torreguitart - Torrent del Capellà);Sabadell;83.8
Sabadell 11 (Can Deu - la Plana del Pintor);Agrupación Censal;Sabadell 11 (Can Deu - la Plana del Pintor);Sabadell;83.7
Sabadell 12 (la Roureda - Sant Julià);Agrupación Censal;Sabadell 12 (la Roureda - Sant Julià);Sabadell;92.3
Sabadell 13 (Can Llong - Castellarnau);Agrupación Censal;Sabadell 13 (Can Llong - Castellarnau);Sabadell;116.4
Sabadell 14 (Can Rull Nord - Via Alexandra);Agrupación Censal;Sabadell 14 (Can Rull Nord - Via Alexandra);Sabadell;89.6
Sabadell 15 (Can Rull Sud - Cifuentes);Agrupación Censal;Sabadell 15 (Can Rull Sud - Cifuentes);Sabadell;87.2
Sabadell 16 (la Concòrdia);Agrupación Censal;Sabadell 16 (la Concòrdia);Sabadell;97.0
Sabadell 17 (Can Feu - els Merinals - la Serra d'en Camaró);Agrupación Censal;Sabadell 17 (Can Feu - els Merinals - la Serra d'en Camaró);Sabadell;92.9
Sabadell 18 (Gràcia);Agrupación Censal;Sabadell 18 (Gràcia);Sabadell;111.2
Sabadell 19 (la Creu de Barberà Oest);Agrupación Censal;Sabadell 19 (la Creu de Barberà Oest);Sabadell;84.7
Sabadell 20 (la Creu de Barberà Est - les Termes);Agrupación Censal;Sabadell 20 (la Creu de Barberà Est - les Termes);Sabadell;82.6
Sabadell 21 (Campoamor - Espronceda);Agrupación Censal;Sabadell 21 (Campoamor - Espronceda);Sabadell;72.4
Sabadell 22 (Torre-romeu - Can Roqueta - el Poblenou);Agrupación Censal;Sabadell 22 (Torre-romeu - Can Roqueta - el Poblenou);Sabadell;74.7
Sant Adrià de Besòs 1 (Sant Adrià Nord - sector Església-Ajuntament);Agrupación Censal;Sant Adrià de Besòs 1 (Sant Adrià Nord - sector Església-Ajuntament);Sant Adrià de Besòs;99.6
Sant Adrià de Besòs 2 (Sant Adrià Nord - sector els Encants);Agrupación Censal;Sant Adrià de Besòs 2 (Sant Adrià Nord - sector els Encants);Sant Adrià de Besòs;96.5
Sant Adrià de Besòs 3 (Sant Joan Baptista - la Marina del Besòs);Agrupación Censal;Sant Adrià de Besòs 3 (Sant Joan Baptista - la Marina del Besòs);Sant Adrià de Besòs;96.9
Sant Adrià de Besòs 4 (la Mina - la Catalana);Agrupación Censal;Sant Adrià de Besòs 4 (la Mina - la Catalana);Sant Adrià de Besòs;72.3
Sant Adrià de Besòs 5 (el Besòs - Via Trajana-Montsolís);Agrupación Censal;Sant Adrià de Besòs 5 (el Besòs - Via Trajana-Montsolís);Sant Adrià de Besòs;85.0
Sant Andreu de la Barca 1 (Centre);Agrupación Censal;Sant Andreu de la Barca 1 (Centre);Sant Andreu de la Barca;93.6
Sant Andreu de la Barca 2 (la Solana);Agrupación Censal;Sant Andreu de la Barca 2 (la Solana);Sant Andreu de la Barca;97.4
Sant Andreu de la Barca 3 (Estació - Raval de Corbera - la Creu de Susalba);Agrupación Censal;Sant Andreu de la Barca 3 (Estació - Raval de Corbera - la Creu de Susalba);Sant Andreu de la Barca;99.5
Sant Andreu de la Barca 4 (el Palau);Agrupación Censal;Sant Andreu de la Barca 4 (el Palau);Sant Andreu de la Barca;110.9
Sant Andreu de Llavaneres;Agrupación Censal;Sant Andreu de Llavaneres;Sant Andreu de Llavaneres;113.4
Sant Boi de Llobregat 1 (Centre);Agrupación Censal;Sant Boi de Llobregat 1 (Centre);Sant Boi de Llobregat;101.2
Sant Boi de Llobregat 2 (Nucli Antic);Agrupación Censal;Sant Boi de Llobregat 2 (Nucli Antic);Sant Boi de Llobregat;105.3
Sant Boi de Llobregat 3 (Vinyets Sud - Molí Vell - les Salines);Agrupación Censal;Sant Boi de Llobregat 3 (Vinyets Sud - Molí Vell - les Salines);Sant Boi de Llobregat;100.2
Sant Boi de Llobregat 4 (Vinyets Nord);Agrupación Censal;Sant Boi de Llobregat 4 (Vinyets Nord);Sant Boi de Llobregat;101.4
Sant Boi de Llobregat 5 (Casablanca);Agrupación Censal;Sant Boi de Llobregat 5 (Casablanca);Sant Boi de Llobregat;91.8
Sant Boi de Llobregat 6 (Camps Blancs);Agrupación Censal;Sant Boi de Llobregat 6 (Camps Blancs);Sant Boi de Llobregat;86.9
Sant Boi de Llobregat 7 (Marianao - Parc - Can Carreras - Benviure);Agrupación Censal;Sant Boi de Llobregat 7 (Marianao - Parc - Can Carreras - Benviure);Sant Boi de Llobregat;112.7
Sant Boi de Llobregat 8 (Marianao - Centre);Agrupación Censal;Sant Boi de Llobregat 8 (Marianao - Centre);Sant Boi de Llobregat;99.6
Sant Boi de Llobregat 9 (Marianao - Salesians);Agrupación Censal;Sant Boi de Llobregat 9 (Marianao - Salesians);Sant Boi de Llobregat;96.9
Sant Boi de Llobregat 10 (Marianao - l'Hospital);Agrupación Censal;Sant Boi de Llobregat 10 (Marianao - l'Hospital);Sant Boi de Llobregat;107.8
Sant Boi de Llobregat 11 (Ciutat Cooperativa);Agrupación Censal;Sant Boi de Llobregat 11 (Ciutat Cooperativa);Sant Boi de Llobregat;91.6
Sant Celoni 1 (Nucli Urbà Nord - Exterior);Agrupación Censal;Sant Celoni 1 (Nucli Urbà Nord - Exterior);Sant Celoni;103.1
Sant Celoni 2 (Nucli Urbà Sud);Agrupación Censal;Sant Celoni 2 (Nucli Urbà Sud);Sant Celoni;93.8
Sant Cugat del Vallès 1 (Nucli Antic);Agrupación Censal;Sant Cugat del Vallès 1 (Nucli Antic);Sant Cugat del Vallès;112.1
Sant Cugat del Vallès 2 (Torreblanca - Torrenegra - Sol i Aire - Sant Medir);Agrupación Censal;Sant Cugat del Vallès 2 (Torreblanca - Torrenegra - Sol i Aire - Sant Medir);Sant Cugat del Vallès;129.0
Sant Cugat del Vallès 3 (Vila del Prat - Eixample Sud - Can Trabal);Agrupación Censal;Sant Cugat del Vallès 3 (Vila del Prat - Eixample Sud - Can Trabal);Sant Cugat del Vallès;117.2
Sant Cugat del Vallès 4 (la Floresta - les Planes - Collserola - Can Burrull - Can Cortès);Agrupación Censal;Sant Cugat del Vallès 4 (la Floresta - les Planes - Collserola - Can Burrull - Can Cortès);Sant Cugat del Vallès;113.9
Sant Cugat del Vallès 5 (Valldoreix - Colònia Montserrat - Can Galopa);Agrupación Censal;Sant Cugat del Vallès 5 (Valldoreix - Colònia Montserrat - Can Galopa);Sant Cugat del Vallès;128.5
Sant Cugat del Vallès 6 (Mirasol - Mas Gener - Can Cabassa - Can Fontanals - les Casetes de Can Ravella);Agrupación Censal;Sant Cugat del Vallès 6 (Mirasol - Mas Gener - Can Cabassa - Can Fontanals - les Casetes de Can Ravella);Sant Cugat del Vallès;127.2
Sant Cugat del Vallès 7 (Turó de Can Mates - Bell Indret - Colònia Oller - Can Gatxet);Agrupación Censal;Sant Cugat del Vallès 7 (Turó de Can Mates - Bell Indret - Colònia Oller - Can Gatxet);Sant Cugat del Vallès;130.6
Sant Cugat del Vallès 8 (Parc Central - el Colomer - Pla de la Pagesa - Can Majó);Agrupación Censal;Sant Cugat del Vallès 8 (Parc Central - el Colomer - Pla de la Pagesa - Can Majó);Sant Cugat del Vallès;133.3
Sant Cugat del Vallès 9 (Can Sant Joan - Sant Mamet - Vullpalleres - Can Barata - Sector Nord - Can Graells);Agrupación Censal;Sant Cugat del Vallès 9 (Can Sant Joan - Sant Mamet - Vullpalleres - Can Barata - Sector Nord - Can Graells);Sant Cugat del Vallès;126.9
Sant Cugat del Vallès 10 (Roquetes - Coll Favà - Sant Domènec);Agrupación Censal;Sant Cugat del Vallès 10 (Roquetes - Coll Favà - Sant Domènec);Sant Cugat del Vallès;128.4
Sant Cugat del Vallès 11 (Sant Francesc - Can Magí el Coll);Agrupación Censal;Sant Cugat del Vallès 11 (Sant Francesc - Can Magí el Coll);Sant Cugat del Vallès;107.5
Sant Feliu de Llobregat 1 (Can Nadal - Can Maginàs);Agrupación Censal;Sant Feliu de Llobregat 1 (Can Nadal - Can Maginàs);Sant Feliu de Llobregat;115.6
Sant Feliu de Llobregat 2 (la Salut);Agrupación Censal;Sant Feliu de Llobregat 2 (la Salut);Sant Feliu de Llobregat;91.3
Sant Feliu de Llobregat 3 (Can Calders);Agrupación Censal;Sant Feliu de Llobregat 3 (Can Calders);Sant Feliu de Llobregat;96.8
Sant Feliu de Llobregat 4 (Mas Lluhí);Agrupación Censal;Sant Feliu de Llobregat 4 (Mas Lluhí);Sant Feliu de Llobregat;122.7
Sant Feliu de Llobregat 5 (Roses - Castellbell);Agrupación Censal;Sant Feliu de Llobregat 5 (Roses - Castellbell);Sant Feliu de Llobregat;108.2
Sant Feliu de Llobregat 6 (Can Falguera - el Pla - Palau - Bon Salvador);Agrupación Censal;Sant Feliu de Llobregat 6 (Can Falguera - el Pla - Palau - Bon Salvador);Sant Feliu de Llobregat;110.0
Sant Feliu de Llobregat 7 (Can Falguera - Parc del Llobregat - Eixample - l'Armentera);Agrupación Censal;Sant Feliu de Llobregat 7 (Can Falguera - Parc del Llobregat - Eixample - l'Armentera);Sant Feliu de Llobregat;109.7
Vilassar de Dalt;Agrupación Censal;Vilassar de Dalt;Vilassar de Dalt;111.7
Sant Joan Despí 1 (Nucli Antic - Centre);Agrupación Censal;Sant Joan Despí 1 (Nucli Antic - Centre);Sant Joan Despí;110.2
Sant Joan Despí 2 (Nucli Antic - Bon Viatge);Agrupación Censal;Sant Joan Despí 2 (Nucli Antic - Bon Viatge);Sant Joan Despí;113.8
Sant Joan Despí 3 (Nucli Antic - Eixample);Agrupación Censal;Sant Joan Despí 3 (Nucli Antic - Eixample);Sant Joan Despí;126.2
Sant Joan Despí 4 (Pla del Vent - Sant Joan - les Mossotes);Agrupación Censal;Sant Joan Despí 4 (Pla del Vent - Sant Joan - les Mossotes);Sant Joan Despí;119.7
Sant Joan Despí 5 (les Planes);Agrupación Censal;Sant Joan Despí 5 (les Planes);Sant Joan Despí;89.4
Sant Joan de Vilatorrada;Agrupación Censal;Sant Joan de Vilatorrada;Sant Joan de Vilatorrada;99.1
Vilassar de Mar 1 (Litoral i Est);Agrupación Censal;Vilassar de Mar 1 (Litoral i Est);Vilassar de Mar;118.8
Vilassar de Mar 2 (Interior i Nord);Agrupación Censal;Vilassar de Mar 2 (Interior i Nord);Vilassar de Mar;114.2
Sant Just Desvern 1 (Centre - Bellsoleig - la Plana - la Miranda);Agrupación Censal;Sant Just Desvern 1 (Centre - Bellsoleig - la Plana - la Miranda);Sant Just Desvern;126.9
Sant Just Desvern 2 (Nord - Carretera - les Basses de Sant Pere);Agrupación Censal;Sant Just Desvern 2 (Nord - Carretera - les Basses de Sant Pere);Sant Just Desvern;119.0
Sant Just Desvern 3 (Can Sagrera - Sud);Agrupación Censal;Sant Just Desvern 3 (Can Sagrera - Sud);Sant Just Desvern;123.9
Premià de Dalt;Agrupación Censal;Premià de Dalt;Premià de Dalt;112.8
Sant Pere de Ribes 1 (Nucli Urbà i Exterior Oest);Agrupación Censal;Sant Pere de Ribes 1 (Nucli Urbà i Exterior Oest);Sant Pere de Ribes;105.6
Sant Pere de Ribes 2 (les Roquetes);Agrupación Censal;Sant Pere de Ribes 2 (les Roquetes);Sant Pere de Ribes;88.6
Sant Pere de Ribes 3 (Urbanitzacions i Exteriors Est i Sud);Agrupación Censal;Sant Pere de Ribes 3 (Urbanitzacions i Exteriors Est i Sud);Sant Pere de Ribes;109.9
Sant Quirze del Vallès 1 (Exterior i Urbanitzacions);Agrupación Censal;Sant Quirze del Vallès 1 (Exterior i Urbanitzacions);Sant Quirze del Vallès;122.5
Sant Quirze del Vallès 2 (Nucli Urbà);Agrupación Censal;Sant Quirze del Vallès 2 (Nucli Urbà);Sant Quirze del Vallès;117.3
Sant Sadurní d'Anoia 1 (Districte Censal 1);Agrupación Censal;Sant Sadurní d'Anoia 1 (Districte Censal 1);Sant Sadurní d'Anoia;105.5
Sant Sadurní d'Anoia 2 (Districte Censal 2);Agrupación Censal;Sant Sadurní d'Anoia 2 (Districte Censal 2);Sant Sadurní d'Anoia;107.5
Santa Coloma de Gramenet 1 (Centre);Agrupación Censal;Santa Coloma de Gramenet 1 (Centre);Santa Coloma de Gramenet;98.0
Santa Coloma de Gramenet 2 (Sagarra - Rambla de Sant Sebastià);Agrupación Censal;Santa Coloma de Gramenet 2 (Sagarra - Rambla de Sant Sebastià);Santa Coloma de Gramenet;91.6
Santa Coloma de Gramenet 3 (Can Mariner);Agrupación Censal;Santa Coloma de Gramenet 3 (Can Mariner);Santa Coloma de Gramenet;73.8
Santa Coloma de Gramenet 4 (Riu Sud - Torre Balldovina);Agrupación Censal;Santa Coloma de Gramenet 4 (Riu Sud - Torre Balldovina);Santa Coloma de Gramenet;82.4
Santa Coloma de Gramenet 5 (Riu Sud - Pont de Santa Coloma);Agrupación Censal;Santa Coloma de Gramenet 5 (Riu Sud - Pont de Santa Coloma);Santa Coloma de Gramenet;89.8
Santa Coloma de Gramenet 6 (Riu Nord);Agrupación Censal;Santa Coloma de Gramenet 6 (Riu Nord);Santa Coloma de Gramenet;98.9
Santa Coloma de Gramenet 7 (Singuerlin - Can Zam);Agrupación Censal;Santa Coloma de Gramenet 7 (Singuerlin - Can Zam);Santa Coloma de Gramenet;93.1
Santa Coloma de Gramenet 8 (les Oliveres - Can Franquesa);Agrupación Censal;Santa Coloma de Gramenet 8 (les Oliveres - Can Franquesa);Santa Coloma de Gramenet;82.7
Santa Coloma de Gramenet 9 (la Guinardera - Singuerlin Est - Torribera);Agrupación Censal;Santa Coloma de Gramenet 9 (la Guinardera - Singuerlin Est - Torribera);Santa Coloma de Gramenet;99.0
Santa Coloma de Gramenet 10 (Cementiri Vell - la Riera Alta - Llatí Nord);Agrupación Censal;Santa Coloma de Gramenet 10 (Cementiri Vell - la Riera Alta - Llatí Nord);Santa Coloma de Gramenet;94.2
Santa Coloma de Gramenet 11 (Llatí);Agrupación Censal;Santa Coloma de Gramenet 11 (Llatí);Santa Coloma de Gramenet;80.3
Santa Coloma de Gramenet 12 (Rambla del Fondo);Agrupación Censal;Santa Coloma de Gramenet 12 (Rambla del Fondo);Santa Coloma de Gramenet;62.9
Santa Coloma de Gramenet 13 (el Fondo Alt);Agrupación Censal;Santa Coloma de Gramenet 13 (el Fondo Alt);Santa Coloma de Gramenet;52.4
Santa Coloma de Gramenet 14 (Santa Rosa - Pirineus);Agrupación Censal;Santa Coloma de Gramenet 14 (Santa Rosa - Pirineus);Santa Coloma de Gramenet;66.0
Santa Coloma de Gramenet 15 (Santa Rosa - Pont de Potosí);Agrupación Censal;Santa Coloma de Gramenet 15 (Santa Rosa - Pont de Potosí);Santa Coloma de Gramenet;70.4
Santa Coloma de Gramenet 16 (el Raval - Safaretjos);Agrupación Censal;Santa Coloma de Gramenet 16 (el Raval - Safaretjos);Santa Coloma de Gramenet;73.5
Santa Margarida de Montbui;Agrupación Censal;Santa Margarida de Montbui;Santa Margarida de Montbui;85.8
Barberà del Vallès 1 (Centre Nord - Can Llobet - Parc Central);Agrupación Censal;Barberà del Vallès 1 (Centre Nord - Can Llobet - Parc Central);Barberà del Vallès;105.6
Barberà del Vallès 2 (la Romànica - Can Rabella - Molí d'en Santo - Parc d'Europa);Agrupación Censal;Barberà del Vallès 2 (la Romànica - Can Rabella - Molí d'en Santo - Parc d'Europa);Barberà del Vallès;109.0
Barberà del Vallès 3 (Barri Antic - Polígons Ronda Santa Maria, Santiga i Salvatella);Agrupación Censal;Barberà del Vallès 3 (Barri Antic - Polígons Ronda Santa Maria, Santiga i Salvatella);Barberà del Vallès;100.7
Barberà del Vallès 4 (Centre Sud - Can Serra);Agrupación Censal;Barberà del Vallès 4 (Centre Sud - Can Serra);Barberà del Vallès;101.8
Barberà del Vallès 5 (Can Gorgs - Ca n'Esteper);Agrupación Censal;Barberà del Vallès 5 (Can Gorgs - Ca n'Esteper);Barberà del Vallès;107.7
Santa Perpètua de Mogoda 1 (Nucli Urbà);Agrupación Censal;Santa Perpètua de Mogoda 1 (Nucli Urbà);Santa Perpètua de Mogoda;90.0
Santa Perpètua de Mogoda 2 (Exterior i Urbanitzacions);Agrupación Censal;Santa Perpètua de Mogoda 2 (Exterior i Urbanitzacions);Santa Perpètua de Mogoda;110.1
Sant Vicenç dels Horts 1 (Nucli Antic - la Vinyala - el Poble Nou);Agrupación Censal;Sant Vicenç dels Horts 1 (Nucli Antic - la Vinyala - el Poble Nou);Sant Vicenç dels Horts;104.6
Sant Vicenç dels Horts 2 (Sant Roc - Sant Antoni);Agrupación Censal;Sant Vicenç dels Horts 2 (Sant Roc - Sant Antoni);Sant Vicenç dels Horts;106.0
Sant Vicenç dels Horts 3 (la Guàrdia - Sant josep);Agrupación Censal;Sant Vicenç dels Horts 3 (la Guàrdia - Sant josep);Sant Vicenç dels Horts;89.2
Sant Vicenç dels Horts 4 (la Vailet - Can Ros - Molí dels Frares);Agrupación Censal;Sant Vicenç dels Horts 4 (la Vailet - Can Ros - Molí dels Frares);Sant Vicenç dels Horts;98.8
Cerdanyola del Vallès 1 (Centre - Sant Ramon - Parcers - Guiera);Agrupación Censal;Cerdanyola del Vallès 1 (Centre - Sant Ramon - Parcers - Guiera);Cerdanyola del Vallès;112.2
Cerdanyola del Vallès 2 (les Fontetes);Agrupación Censal;Cerdanyola del Vallès 2 (les Fontetes);Cerdanyola del Vallès;96.1
Cerdanyola del Vallès 3 (Altamira - Turonet - Canaletes);Agrupación Censal;Cerdanyola del Vallès 3 (Altamira - Turonet - Canaletes);Cerdanyola del Vallès;116.2
Cerdanyola del Vallès 4 (Santa Rosa - Gorgs - Montflorit);Agrupación Censal;Cerdanyola del Vallès 4 (Santa Rosa - Gorgs - Montflorit);Cerdanyola del Vallès;110.9
Cerdanyola del Vallès 5 (Serraparera - Bellaterra);Agrupación Censal;Cerdanyola del Vallès 5 (Serraparera - Bellaterra);Cerdanyola del Vallès;113.1
Cerdanyola del Vallès 6 (la Clota - Cerdanyola 2000 - Banús);Agrupación Censal;Cerdanyola del Vallès 6 (la Clota - Cerdanyola 2000 - Banús);Cerdanyola del Vallès;101.1
Cerdanyola del Vallès 7 (Cordelles - Can Xarau);Agrupación Censal;Cerdanyola del Vallès 7 (Cordelles - Can Xarau);Cerdanyola del Vallès;106.1
Cerdanyola del Vallès 8 (la Sínia - Catalunya - Carretera de Barcelona);Agrupación Censal;Cerdanyola del Vallès 8 (la Sínia - Catalunya - Carretera de Barcelona);Cerdanyola del Vallès;109.0
Sentmenat;Agrupación Censal;Sentmenat;Sentmenat;108.4
Sitges 1 (Centre Urbà);Agrupación Censal;Sitges 1 (Centre Urbà);Sitges;103.4
Sitges 2 (Exterior i Urbanitzacions);Agrupación Censal;Sitges 2 (Exterior i Urbanitzacions);Sitges;115.2
Sitges 3 (Est);Agrupación Censal;Sitges 3 (Est);Sitges;118.7
Terrassa 1 (Cementiri Vell);Agrupación Censal;Terrassa 1 (Cementiri Vell);Terrassa;104.7
Terrassa 2 (Centre - Plaça Vella);Agrupación Censal;Terrassa 2 (Centre - Plaça Vella);Terrassa;119.1
Terrassa 3 (Centre - Estació del Nord);Agrupación Censal;Terrassa 3 (Centre - Estació del Nord);Terrassa;121.0
Terrassa 4 (Vallparadís - Antic Poble de Sant Pere);Agrupación Censal;Terrassa 4 (Vallparadís - Antic Poble de Sant Pere);Terrassa;111.9
Terrassa 5 (Plaça de Catalunya - Escola Industrial);Agrupación Censal;Terrassa 5 (Plaça de Catalunya - Escola Industrial);Terrassa;96.9
Terrassa 6 (Ca n'Anglada);Agrupación Censal;Terrassa 6 (Ca n'Anglada);Terrassa;64.5
Terrassa 7 (Torre-sana - Montserrat - Can Vilardell);Agrupación Censal;Terrassa 7 (Torre-sana - Montserrat - Can Vilardell);Terrassa;89.4
Terrassa 8 (Can Palet);Agrupación Censal;Terrassa 8 (Can Palet);Terrassa;88.6
Terrassa 9 (Can Jofresa - Can Palet II - Guadalhorce - Xúquer);Agrupación Censal;Terrassa 9 (Can Jofresa - Can Palet II - Guadalhorce - Xúquer);Terrassa;78.3
Terrassa 10 (Can Parellada - les Fonts);Agrupación Censal;Terrassa 10 (Can Parellada - les Fonts);Terrassa;97.0
Terrassa 11 (Segle XX);Agrupación Censal;Terrassa 11 (Segle XX);Terrassa;110.2
Terrassa 12 (Ca n'Aurell Est);Agrupación Censal;Terrassa 12 (Ca n'Aurell Est);Terrassa;110.9
Terrassa 13 (Ca n'Aurell Oest);Agrupación Censal;Terrassa 13 (Ca n'Aurell Oest);Terrassa;107.8
Terrassa 14 (la Cogullada);Agrupación Censal;Terrassa 14 (la Cogullada);Terrassa;98.0
Terrassa 15 (la Maurina);Agrupación Censal;Terrassa 15 (la Maurina);Terrassa;83.1
Terrassa 16 (Roc Blanc - Urbanitzacions Districte Censal 4);Agrupación Censal;Terrassa 16 (Roc Blanc - Urbanitzacions Districte Censal 4);Terrassa;107.8
Terrassa 17 (Can Boada);Agrupación Censal;Terrassa 17 (Can Boada);Terrassa;94.5
Terrassa 18 (Can Roca - Pla del Bon Aire);Agrupación Censal;Terrassa 18 (Can Roca - Pla del Bon Aire);Terrassa;107.6
Terrassa 19 (Poble Nou - Zona Esportiva);Agrupación Censal;Terrassa 19 (Poble Nou - Zona Esportiva);Terrassa;108.9
Terrassa 20 (Sant Pere);Agrupación Censal;Terrassa 20 (Sant Pere);Terrassa;107.6
Terrassa 21 (Torrent d'en Pere Parres);Agrupación Censal;Terrassa 21 (Torrent d'en Pere Parres);Terrassa;107.7
Terrassa 22 (les Arenes - la Grípia - Can Montllor);Agrupación Censal;Terrassa 22 (les Arenes - la Grípia - Can Montllor);Terrassa;99.7
Terrassa 23 (Ègara);Agrupación Censal;Terrassa 23 (Ègara);Terrassa;79.2
Terrassa 24 (Sant Llorenç);Agrupación Censal;Terrassa 24 (Sant Llorenç);Terrassa;70.5
Terrassa 25 (Sant Pere Nord - Can Tusell);Agrupación Censal;Terrassa 25 (Sant Pere Nord - Can Tusell);Terrassa;89.5
Tiana;Agrupación Censal;Tiana;Tiana;124.7
Tordera 1 (Nucli Urbà);Agrupación Censal;Tordera 1 (Nucli Urbà);Tordera;89.0
Tordera 2 (Exterior i Urbanitzacions);Agrupación Censal;Tordera 2 (Exterior i Urbanitzacions);Tordera;93.6
Torelló 1 (Nord-est);Agrupación Censal;Torelló 1 (Nord-est);Torelló;98.2
Torelló 2 (Sud-oest);Agrupación Censal;Torelló 2 (Sud-oest);Torelló;87.5
Vallirana 1 (Exterior, Urbanitzacions i P. I. de Can Prunera);Agrupación Censal;Vallirana 1 (Exterior, Urbanitzacions i P. I. de Can Prunera);Vallirana;110.7
Vallirana 2 (Centre Urbà);Agrupación Censal;Vallirana 2 (Centre Urbà);Vallirana;102.9
Vic 1 (Nord-est);Agrupación Censal;Vic 1 (Nord-est);Vic;90.6
Vic 2 (Sud-oest);Agrupación Censal;Vic 2 (Sud-oest);Vic;56.8
Vic 3 (Sud-est);Agrupación Censal;Vic 3 (Sud-est);Vic;85.1
Vic 4 (Nord-oest);Agrupación Censal;Vic 4 (Nord-oest);Vic;101.8
Viladecans 1 (Barri Antic - Centre Sud);Agrupación Censal;Viladecans 1 (Barri Antic - Centre Sud);Viladecans;96.8
Viladecans 2 (Can Sellarès - Poblats Roca i Hospital - Can Palmer - Can Batllori - Can Xic);Agrupación Censal;Viladecans 2 (Can Sellarès - Poblats Roca i Hospital - Can Palmer - Can Batllori - Can Xic);Viladecans;96.9
Viladecans 3 (Alba - Rosa);Agrupación Censal;Viladecans 3 (Alba - Rosa);Viladecans;116.2
Viladecans 4 (Santa Isabel - Torrent Ballester);Agrupación Censal;Viladecans 4 (Santa Isabel - Torrent Ballester);Viladecans;112.2
Viladecans 5 (Montserratina - Mas Rates);Agrupación Censal;Viladecans 5 (Montserratina - Mas Rates);Viladecans;96.7
Viladecans 6 (el Molí - Can Ginestar);Agrupación Censal;Viladecans 6 (el Molí - Can Ginestar);Viladecans;110.3
Viladecans 7 (Centre Nord);Agrupación Censal;Viladecans 7 (Centre Nord);Viladecans;98.7
Viladecans 8 (Torre Roja - Levadura);Agrupación Censal;Viladecans 8 (Torre Roja - Levadura);Viladecans;110.7
Viladecans 9 (Sales - Sant Jordi - Gabrielistes);Agrupación Censal;Viladecans 9 (Sales - Sant Jordi - Gabrielistes);Viladecans;106.7
Vilanova del Camí 1 (Sud-oest);Agrupación Censal;Vilanova del Camí 1 (Sud-oest);Vilanova del Camí;89.5
Vilanova del Camí 2 (Nord-est);Agrupación Censal;Vilanova del Camí 2 (Nord-est);Vilanova del Camí;95.4
Vilafranca del Penedès 1 (Sant Julià - Barceloneta - Centre Vila - el Bordellet);Agrupación Censal;Vilafranca del Penedès 1 (Sant Julià - Barceloneta - Centre Vila - el Bordellet);Vilafranca del Penedès;98.1
Vilafranca del Penedès 2 (Poble Nou);Agrupación Censal;Vilafranca del Penedès 2 (Poble Nou);Vilafranca del Penedès;100.2
Vilafranca del Penedès 3 (l'Espirall - Centre Vila);Agrupación Censal;Vilafranca del Penedès 3 (l'Espirall - Centre Vila);Vilafranca del Penedès;77.7
Vilafranca del Penedès 4 (les Clotes - Centre Vila - Sant Pau);Agrupación Censal;Vilafranca del Penedès 4 (les Clotes - Centre Vila - Sant Pau);Vilafranca del Penedès;88.3
Vilafranca del Penedès 5 (la Girada - Molí d'en Rovira - Poble Nou Sud-oest - Cal Salines - Pere Pau);Agrupación Censal;Vilafranca del Penedès 5 (la Girada - Molí d'en Rovira - Poble Nou Sud-oest - Cal Salines - Pere Pau);Vilafranca del Penedès;112.9
Vilanova i la Geltrú 1 (Sant Joan Sud - Can Marquès - Plaça de la Sardana);Agrupación Censal;Vilanova i la Geltrú 1 (Sant Joan Sud - Can Marquès - Plaça de la Sardana);Vilanova i la Geltrú;105.4
Vilanova i la Geltrú 2 (Sant Joan Nord);Agrupación Censal;Vilanova i la Geltrú 2 (Sant Joan Nord);Vilanova i la Geltrú;94.1
Vilanova i la Geltrú 3 (Barri de Mar - Ribes Roges - Prat de Vilanova);Agrupación Censal;Vilanova i la Geltrú 3 (Barri de Mar - Ribes Roges - Prat de Vilanova);Vilanova i la Geltrú;104.1
Vilanova i la Geltrú 4 (la Geltrú - Masia Nova);Agrupación Censal;Vilanova i la Geltrú 4 (la Geltrú - Masia Nova);Vilanova i la Geltrú;103.9
Vilanova i la Geltrú 5 (l'Armanyà - Casernes - Tacó);Agrupación Censal;Vilanova i la Geltrú 5 (l'Armanyà - Casernes - Tacó);Vilanova i la Geltrú;85.9
Vilanova i la Geltrú 6 (Centrevila - Nucli Antic);Agrupación Censal;Vilanova i la Geltrú 6 (Centrevila - Nucli Antic);Vilanova i la Geltrú;103.6
Vilanova i la Geltrú 7 (Molí de Vent - l'Aragai);Agrupación Censal;Vilanova i la Geltrú 7 (Molí de Vent - l'Aragai);Vilanova i la Geltrú;107.2
Vilanova i la Geltrú 8 (la Collada - els Sis Camins - Fondo Somella);Agrupación Censal;Vilanova i la Geltrú 8 (la Collada - els Sis Camins - Fondo Somella);Vilanova i la Geltrú;108.0
Badia del Vallès 1 (Badia vora Riu Sec);Agrupación Censal;Badia del Vallès 1 (Badia vora Riu Sec);Badia del Vallès;82.8
Badia del Vallès 2 (Badia vora Barberà);Agrupación Censal;Badia del Vallès 2 (Badia vora Barberà);Badia del Vallès;88.5
Banyoles 1 (Sud-oest);Agrupación Censal;Banyoles 1 (Sud-oest);Banyoles;103.3
Banyoles 2 (Nord-est);Agrupación Censal;Banyoles 2 (Nord-est);Banyoles;82.9
Bisbal d'Empordà, la;Agrupación Censal;Bisbal d'Empordà, la;Bisbal d'Empordà;84.8
Blanes 1 (Litoral Sud);Agrupación Censal;Blanes 1 (Litoral Sud);Blanes;85.2
Blanes 2 (Interior Central);Agrupación Censal;Blanes 2 (Interior Central);Blanes;86.7
Blanes 3 (Interior Nord i Oest);Agrupación Censal;Blanes 3 (Interior Nord i Oest);Blanes;90.6
Blanes 4 (Litoral Central i Nord);Agrupación Censal;Blanes 4 (Litoral Central i Nord);Blanes;103.3
Calonge i Sant Antoni;Agrupación Censal;Calonge i Sant Antoni;Calonge i Sant Antoni;94.9
Cassà de la Selva;Agrupación Censal;Cassà de la Selva;Cassà de la Selva;93.2
Castelló d'Empúries;Agrupación Censal;Castelló d'Empúries;Castelló d'Empúries;74.4
Castell d'Aro, Platja d'Aro i s'Agaró;Agrupación Censal;Castell d'Aro, Platja d'Aro i s'Agaró;Castell d'Aro;87.6
Escala, l';Agrupación Censal;Escala, l';Escala;85.0
Figueres 1 (Centre-nord);Agrupación Censal;Figueres 1 (Centre-nord);Figueres;66.3
Figueres 2 (Centre-sud);Agrupación Censal;Figueres 2 (Centre-sud);Figueres;72.9
Figueres 3 (Nord-oest);Agrupación Censal;Figueres 3 (Nord-oest);Figueres;82.4
Figueres 4 (Oest);Agrupación Censal;Figueres 4 (Oest);Figueres;50.7
Figueres 5 (Est);Agrupación Censal;Figueres 5 (Est);Figueres;63.1
Figueres 6 (Sud);Agrupación Censal;Figueres 6 (Sud);Figueres;86.1
Girona 1 (Barri Vell, el Carme, el Mercadal, Sant Daniel);Agrupación Censal;Girona 1 (Barri Vell, el Carme, el Mercadal, Sant Daniel);Girona;102.3
Girona 2 (la Font de la Pólvora - Vila-roja);Agrupación Censal;Girona 2 (la Font de la Pólvora - Vila-roja);Girona;52.0
Girona 3 (Eixample Nord-est);Agrupación Censal;Girona 3 (Eixample Nord-est);Girona;111.6
Girona 4 (Eixample Nord-oest);Agrupación Censal;Girona 4 (Eixample Nord-oest);Girona;106.3
Girona 5 (Eixample Sud-est);Agrupación Censal;Girona 5 (Eixample Sud-est);Girona;110.3
Girona 6 (Eixample Sud-oest - Sant Narcís - Mas Xirgu);Agrupación Censal;Girona 6 (Eixample Sud-oest - Sant Narcís - Mas Xirgu);Girona;79.5
Girona 7 (Montjuïc);Agrupación Censal;Girona 7 (Montjuïc);Girona;128.0
Girona 8 (Pedret, Pont Major);Agrupación Censal;Girona 8 (Pedret, Pont Major);Girona;83.0
Girona 9 (Oest - Fontajau, Sant Ponç, Talaià, Domeny);Agrupación Censal;Girona 9 (Oest - Fontajau, Sant Ponç, Talaià, Domeny);Girona;101.9
Girona 10 (Santa Eugènia - Can Gibert del Pla);Agrupación Censal;Girona 10 (Santa Eugènia - Can Gibert del Pla);Girona;74.5
Girona 11 (Montilivi, Creueta, Palau, l'Avellaneda);Agrupación Censal;Girona 11 (Montilivi, Creueta, Palau, l'Avellaneda);Girona;115.0
Llagostera;Agrupación Censal;Llagostera;Llagostera;88.0
Lloret de Mar 1 (Interior Nord i Oest);Agrupación Censal;Lloret de Mar 1 (Interior Nord i Oest);Lloret de Mar;92.2
Lloret de Mar 2 (Litoral Central i Oest);Agrupación Censal;Lloret de Mar 2 (Litoral Central i Oest);Lloret de Mar;72.1
Lloret de Mar 3 (Litoral Est i Interior Est);Agrupación Censal;Lloret de Mar 3 (Litoral Est i Interior Est);Lloret de Mar;76.5
Lloret de Mar 4 (Interior Central);Agrupación Censal;Lloret de Mar 4 (Interior Central);Lloret de Mar;80.4
Olot 1 (Centre-nord i Nord);Agrupación Censal;Olot 1 (Centre-nord i Nord);Olot;64.4
Olot 2 (Sud);Agrupación Censal;Olot 2 (Sud);Olot;88.2
Olot 3 (Centre-est i Est);Agrupación Censal;Olot 3 (Centre-est i Est);Olot;97.6
Olot 4 (Oest);Agrupación Censal;Olot 4 (Oest);Olot;99.3
Palafrugell 1 (Oest);Agrupación Censal;Palafrugell 1 (Oest);Palafrugell;76.8
Palafrugell 2 (Est);Agrupación Censal;Palafrugell 2 (Est);Palafrugell;90.9
Palamós 1 (Est);Agrupación Censal;Palamós 1 (Est);Palamós;91.5
Palamós 2 (Oest);Agrupación Censal;Palamós 2 (Oest);Palamós;97.5
Puigcerdà;Agrupación Censal;Puigcerdà;Puigcerdà;87.2
Ripoll;Agrupación Censal;Ripoll;Ripoll;88.6
Roses 1 (Litoral Central i Oest);Agrupación Censal;Roses 1 (Litoral Central i Oest);Roses;70.7
Roses 2 (Interior i Est);Agrupación Censal;Roses 2 (Interior i Est);Roses;91.8
Salt 1 (Nucli Urbà Sud i Exterior);Agrupación Censal;Salt 1 (Nucli Urbà Sud i Exterior);Salt;79.5
Salt 2 (Nucli Urbà Nord-est);Agrupación Censal;Salt 2 (Nucli Urbà Nord-est);Salt;54.7
Salt 3 (Nucli Urbà Nord-oest);Agrupación Censal;Salt 3 (Nucli Urbà Nord-oest);Salt;36.2
Sant Feliu de Guíxols 1 (Est, Centre i Oest);Agrupación Censal;Sant Feliu de Guíxols 1 (Est, Centre i Oest);Sant Feliu de Guíxols;90.6
Sant Feliu de Guíxols 2 (Nord);Agrupación Censal;Sant Feliu de Guíxols 2 (Nord);Sant Feliu de Guíxols;76.0
Santa Coloma de Farners 1 (Centre Urbà);Agrupación Censal;Santa Coloma de Farners 1 (Centre Urbà);Santa Coloma de Farners;77.3
Santa Coloma de Farners 2 (Eixamples Sud-est i Nord-oest, i Exterior);Agrupación Censal;Santa Coloma de Farners 2 (Eixamples Sud-est i Nord-oest, i Exterior);Santa Coloma de Farners;95.7
Torroella de Montgrí;Agrupación Censal;Torroella de Montgrí;Torroella de Montgrí;87.3
Balaguer 1 (Nucli Urbà Est i Exterior);Agrupación Censal;Balaguer 1 (Nucli Urbà Est i Exterior);Balaguer;78.8
Balaguer 2 (Nucli Urbà Oest - Nucli Antic);Agrupación Censal;Balaguer 2 (Nucli Urbà Oest - Nucli Antic);Balaguer;49.2
Balaguer 3 (Nucli Urbà Sud-est);Agrupación Censal;Balaguer 3 (Nucli Urbà Sud-est);Balaguer;103.1
Cervera;Agrupación Censal;Cervera;Cervera;85.7
Guissona;Agrupación Censal;Guissona;Guissona;70.9
Lleida 1 (Balàfia);Agrupación Censal;Lleida 1 (Balàfia);Lleida;89.9
Lleida 2 (Bordeta - Magraners);Agrupación Censal;Lleida 2 (Bordeta - Magraners);Lleida;95.9
Lleida 3 (Camp d'Esports, Joc de la Bola, Xalets - Humbert Torres);Agrupación Censal;Lleida 3 (Camp d'Esports, Joc de la Bola, Xalets - Humbert Torres);Lleida;104.8
Lleida 4 (Cappont);Agrupación Censal;Lleida 4 (Cappont);Lleida;101.4
Lleida 5 (Centre Històric, Rambla Ferran-Estació);Agrupación Censal;Lleida 5 (Centre Històric, Rambla Ferran-Estació);Lleida;63.7
Lleida 6 (Instituts - Templers, Caparrella, Butsènit);Agrupación Censal;Lleida 6 (Instituts - Templers, Caparrella, Butsènit);Lleida;93.3
Lleida 7 (Llívia, Secà de Sant Pere);Agrupación Censal;Lleida 7 (Llívia, Secà de Sant Pere);Lleida;87.2
Lleida 8 (Mariola);Agrupación Censal;Lleida 8 (Mariola);Lleida;62.5
Lleida 9 (Pardinyes);Agrupación Censal;Lleida 9 (Pardinyes);Lleida;95.7
Lleida 10 (Príncep de Viana - Clot);Agrupación Censal;Lleida 10 (Príncep de Viana - Clot);Lleida;79.1
Lleida 11 (Universitat);Agrupación Censal;Lleida 11 (Universitat);Lleida;93.6
Lleida 12 (Vila Montcada - Ciutat Jardí, Raimat, Sucs);Agrupación Censal;Lleida 12 (Vila Montcada - Ciutat Jardí, Raimat, Sucs);Lleida;121.6
Mollerussa 1 (Centre i Nord);Agrupación Censal;Mollerussa 1 (Centre i Nord);Mollerussa;73.1
Mollerussa 2 (Est, Sud i Oest);Agrupación Censal;Mollerussa 2 (Est, Sud i Oest);Mollerussa;90.0
Seu d'Urgell 1 (Sud-est), la;Agrupación Censal;Seu d'Urgell 1 (Sud-est), la;Seu d'Urgell;80.1
Seu d'Urgell 2 (Nord-oest), la;Agrupación Censal;Seu d'Urgell 2 (Nord-oest), la;Seu d'Urgell;93.9
Tàrrega 1 (Oest);Agrupación Censal;Tàrrega 1 (Oest);Tàrrega;90.4
Tàrrega 2 (Est);Agrupación Censal;Tàrrega 2 (Est);Tàrrega;93.6
Alcanar;Agrupación Censal;Alcanar;Alcanar;82.3
Amposta 1 (Nord);Agrupación Censal;Amposta 1 (Nord);Amposta;79.8
Amposta 2 (Sud);Agrupación Censal;Amposta 2 (Sud);Amposta;93.6
Calafell 1 (Interior i Litoral Oest);Agrupación Censal;Calafell 1 (Interior i Litoral Oest);Calafell;93.6
Calafell 2 (Est i Litoral Central);Agrupación Censal;Calafell 2 (Est i Litoral Central);Calafell;97.7
Calafell 3 (Litoral Est);Agrupación Censal;Calafell 3 (Litoral Est);Calafell;80.5
Cambrils 1 (Centre);Agrupación Censal;Cambrils 1 (Centre);Cambrils;90.7
Cambrils 2 (Est);Agrupación Censal;Cambrils 2 (Est);Cambrils;113.2
Cambrils 3 (Oest);Agrupación Censal;Cambrils 3 (Oest);Cambrils;105.5
Cunit 1 (Interior);Agrupación Censal;Cunit 1 (Interior);Cunit;92.6
Cunit 2 (Litoral i Sector Parc del Terrablanc);Agrupación Censal;Cunit 2 (Litoral i Sector Parc del Terrablanc);Cunit;81.9
Mont-roig del Camp;Agrupación Censal;Mont-roig del Camp;Mont-roig del Camp;86.4
Reus 1 (Casc Antic - Centre);Agrupación Censal;Reus 1 (Casc Antic - Centre);Reus;85.2
Reus 2 (Horts Miró, Muralla);Agrupación Censal;Reus 2 (Horts Miró, Muralla);Reus;80.9
Reus 3 (Carrilet, Pastoreta);Agrupación Censal;Reus 3 (Carrilet, Pastoreta);Reus;80.9
Reus 4 (Misericòrdia, Mas Vilanova, Monestirs);Agrupación Censal;Reus 4 (Misericòrdia, Mas Vilanova, Monestirs);Reus;99.4
Reus 5 (Escorxador, Mare Molas);Agrupación Censal;Reus 5 (Escorxador, Mare Molas);Reus;95.1
Reus 6 (Ample, Mineta, Niloga, Poetes);Agrupación Censal;Reus 6 (Ample, Mineta, Niloga, Poetes);Reus;107.8
Reus 7 (Xalets Quintana);Agrupación Censal;Reus 7 (Xalets Quintana);Reus;105.0
Reus 8 (Mas Abelló, Mas Iglésies);Agrupación Censal;Reus 8 (Mas Abelló, Mas Iglésies);Reus;86.8
Reus 9 (Fortuny, Juroca, Montserrat);Agrupación Censal;Reus 9 (Fortuny, Juroca, Montserrat);Reus;68.1
Reus 10 (Immaculada);Agrupación Censal;Reus 10 (Immaculada);Reus;108.5
Reus 11 (Gaudí, Alcolea);Agrupación Censal;Reus 11 (Gaudí, Alcolea);Reus;84.8
Ràpita 1 (Nord), la;Agrupación Censal;Ràpita 1 (Nord), la;Ràpita;86.9
Ràpita 2 (Sud), la;Agrupación Censal;Ràpita 2 (Sud), la;Ràpita;97.3
Tarragona 1 (Part Alta);Agrupación Censal;Tarragona 1 (Part Alta);Tarragona;91.3
Tarragona 2 (Eixample Tarragona);Agrupación Censal;Tarragona 2 (Eixample Tarragona);Tarragona;97.3
Tarragona 3 (Barris Marítims);Agrupación Censal;Tarragona 3 (Barris Marítims);Tarragona;95.0
Tarragona 4 (Nou Eixample Nord-est);Agrupación Censal;Tarragona 4 (Nou Eixample Nord-est);Tarragona;109.1
Tarragona 5 (Nou Eixample Nord-oest);Agrupación Censal;Tarragona 5 (Nou Eixample Nord-oest);Tarragona;114.4
Tarragona 6 (Nou Eixample Sud);Agrupación Censal;Tarragona 6 (Nou Eixample Sud);Tarragona;104.6
Tarragona 7 (Torreforta i Barris Adjacents);Agrupación Censal;Tarragona 7 (Torreforta i Barris Adjacents);Tarragona;72.4
Tarragona 8 (Campclar);Agrupación Censal;Tarragona 8 (Campclar);Tarragona;70.5
Tarragona 9 (Bonavista);Agrupación Censal;Tarragona 9 (Bonavista);Tarragona;72.0
Tarragona 10 (Sant Salvador);Agrupación Censal;Tarragona 10 (Sant Salvador);Tarragona;74.0
Tarragona 11 (Sant Pere i Sant Pau);Agrupación Censal;Tarragona 11 (Sant Pere i Sant Pau);Tarragona;98.5
Tarragona 12 (Urbanitzacions de Llevant);Agrupación Censal;Tarragona 12 (Urbanitzacions de Llevant);Tarragona;121.7
Torredembarra 1 (Interior i Litoral);Agrupación Censal;Torredembarra 1 (Interior i Litoral);Torredembarra;99.1
Torredembarra 2 (Centre);Agrupación Censal;Torredembarra 2 (Centre);Torredembarra;87.8
Tortosa 1 (Sud-est);Agrupación Censal;Tortosa 1 (Sud-est);Tortosa;95.4
Tortosa 2 (Oest);Agrupación Censal;Tortosa 2 (Oest);Tortosa;91.7
Tortosa 3 (Nord-est);Agrupación Censal;Tortosa 3 (Nord-est);Tortosa;52.4
Valls 1 (Oest, Nucli Urbà Est, Exteriors Nord i Est);Agrupación Censal;Valls 1 (Oest, Nucli Urbà Est, Exteriors Nord i Est);Valls;100.2
Valls 2 (Nucli Urbà Nord);Agrupación Censal;Valls 2 (Nucli Urbà Nord);Valls;78.9
Valls 3 (Sud);Agrupación Censal;Valls 3 (Sud);Valls;69.0
Vendrell 1 (Centre i Exteriors Sud i Nord-est), el;Agrupación Censal;Vendrell 1 (Centre i Exteriors Sud i Nord-est), el;Vendrell;90.5
Vendrell 2 (Est i Litoral), el;Agrupación Censal;Vendrell 2 (Est i Litoral), el;Vendrell;97.7
Vendrell 3 (Nucli Urbà Oest i Exterior Sud-oest), el;Agrupación Censal;Vendrell 3 (Nucli Urbà Oest i Exterior Sud-oest), el;Vendrell;102.0
Vendrell 4 (Nucli Urbà Nord i Exterior Nord-oest), el;Agrupación Censal;Vendrell 4 (Nucli Urbà Nord i Exterior Nord-oest), el;Vendrell;70.4
Vila-seca 1 (Oest);Agrupación Censal;Vila-seca 1 (Oest);Vila-seca;89.9
Vila-seca 2 (Est);Agrupación Censal;Vila-seca 2 (Est);Vila-seca;110.2
Deltebre;Agrupación Censal;Deltebre;Deltebre;92.5
Salou 1 (Nucli Urbà Litoral);Agrupación Censal;Salou 1 (Nucli Urbà Litoral);Salou;75.2
Salou 2 (Nucli Urbà Interior);Agrupación Censal;Salou 2 (Nucli Urbà Interior);Salou;93.0
Salou 3 (Exterior);Agrupación Censal;Salou 3 (Exterior);Salou;105.7
Alt Camp Sud (Alcover);Agrupación Censal;Alt Camp Sud (Alcover);Alt Camp Sud (Alcover);104.3
Alt Camp Est (el Pla de Santa Maria);Agrupación Censal;Alt Camp Est (el Pla de Santa Maria);Alt Camp Est (el Pla de Santa Maria);95.3
Alt Empordà Nord-oest (la Jonquera);Agrupación Censal;Alt Empordà Nord-oest (la Jonquera);Alt Empordà Nord-oest (la Jonquera);88.4
Alt Empordà Oest (Vilafant);Agrupación Censal;Alt Empordà Oest (Vilafant);Alt Empordà Oest (Vilafant);106.6
Alt Empordà Centre (Peralada);Agrupación Censal;Alt Empordà Centre (Peralada);Alt Empordà Centre (Peralada);103.4
Alt Empordà Nord-est (Llançà - Cadaqués);Agrupación Censal;Alt Empordà Nord-est (Llançà - Cadaqués);Alt Empordà Nord-est (Llançà - Cadaqués);94.7
Alt Empordà Sud (Bàscara - Sant Pere Pescador);Agrupación Censal;Alt Empordà Sud (Bàscara - Sant Pere Pescador);Alt Empordà Sud (Bàscara - Sant Pere Pescador);89.8
Alt Penedès Nord-est (Gelida);Agrupación Censal;Alt Penedès Nord-est (Gelida);Alt Penedès Nord-est (Gelida);105.3
Alt Penedès Est (Olèrdola - Subirats);Agrupación Censal;Alt Penedès Est (Olèrdola - Subirats);Alt Penedès Est (Olèrdola - Subirats);108.3
Alt Penedès Nord (Sant Pere de Riudebitlles - Mediona);Agrupación Censal;Alt Penedès Nord (Sant Pere de Riudebitlles - Mediona);Alt Penedès Nord (Sant Pere de Riudebitlles - Mediona);97.8
Alt Penedès Oest (Sant Martí Sarroca);Agrupación Censal;Alt Penedès Oest (Sant Martí Sarroca);Alt Penedès Oest (Sant Martí Sarroca);98.5
Alt Penedès Sud (Santa Margarida i els Monjos);Agrupación Censal;Alt Penedès Sud (Santa Margarida i els Monjos);Alt Penedès Sud (Santa Margarida i els Monjos);96.9
Alt Urgell (sense la Seu d'Urgell);Agrupación Censal;Alt Urgell (sense la Seu d'Urgell);Alt Urgell (sense la Seu d'Urgell);95.5
Alta Ribagorça;Agrupación Censal;Alta Ribagorça;Alta Ribagorça;99.5
Anoia Nord i Oest (Calaf - Òdena);Agrupación Censal;Anoia Nord i Oest (Calaf - Òdena);Anoia Nord i Oest (Calaf - Òdena);103.2
Anoia Est (Masquefa);Agrupación Censal;Anoia Est (Masquefa);Anoia Est (Masquefa);104.5
Anoia Centre (Capellades);Agrupación Censal;Anoia Centre (Capellades);Anoia Centre (Capellades);102.4
Bages Nord (Navàs);Agrupación Censal;Bages Nord (Navàs);Bages Nord (Navàs);99.9
Bages Nord-est (Sallent - Artés);Agrupación Censal;Bages Nord-est (Sallent - Artés);Bages Nord-est (Sallent - Artés);99.1
Bages Centre-est (Sant Fruitós de Bages);Agrupación Censal;Bages Centre-est (Sant Fruitós de Bages);Bages Centre-est (Sant Fruitós de Bages);106.3
Bages Sud-est (Sant Vicenç de Castellet);Agrupación Censal;Bages Sud-est (Sant Vicenç de Castellet);Bages Sud-est (Sant Vicenç de Castellet);91.8
Bages Sud i Sud-oest (Castellbell i el Vilar - Sant Salvador de Guardiola);Agrupación Censal;Bages Sud i Sud-oest (Castellbell i el Vilar - Sant Salvador de Guardiola);Bages Sud i Sud-oest (Castellbell i el Vilar - Sant Salvador de Guardiola);102.6
Bages Nord-oest i Oest (Súria - Cardona);Agrupación Censal;Bages Nord-oest i Oest (Súria - Cardona);Bages Nord-oest i Oest (Súria - Cardona);99.3
Bages Centre (Santpedor);Agrupación Censal;Bages Centre (Santpedor);Bages Centre (Santpedor);113.4
Baix Camp Nord i Est (la Selva del Camp);Agrupación Censal;Baix Camp Nord i Est (la Selva del Camp);Baix Camp Nord i Est (la Selva del Camp);111.9
Baix Camp Centre (Riudoms);Agrupación Censal;Baix Camp Centre (Riudoms);Baix Camp Centre (Riudoms);99.7
Baix Camp Sud-oest i Oest (Vandellòs i l'Hospitalet de l'Infant - Riudecanyes);Agrupación Censal;Baix Camp Sud-oest i Oest (Vandellòs i l'Hospitalet de l'Infant - Riudecanyes);Baix Camp Sud-oest i Oest (Vandellòs i l'Hospitalet de l'Infant - Riudecanyes);100.4
Baix Ebre Oest (Roquetes);Agrupación Censal;Baix Ebre Oest (Roquetes);Baix Ebre Oest (Roquetes);94.0
Baix Ebre Nord-est (l'Ametlla de Mar);Agrupación Censal;Baix Ebre Nord-est (l'Ametlla de Mar);Baix Ebre Nord-est (l'Ametlla de Mar);86.3
Baix Ebre Sud-est (l'Aldea);Agrupación Censal;Baix Ebre Sud-est (l'Aldea);Baix Ebre Sud-est (l'Aldea);81.4
Baix Empordà Nord (Verges);Agrupación Censal;Baix Empordà Nord (Verges);Baix Empordà Nord (Verges);99.8
Baix Empordà Est (Begur);Agrupación Censal;Baix Empordà Est (Begur);Baix Empordà Est (Begur);103.2
Baix Empordà Centre-oest (Forallac - Santa Cristina d'Aro);Agrupación Censal;Baix Empordà Centre-oest (Forallac - Santa Cristina d'Aro);Baix Empordà Centre-oest (Forallac - Santa Cristina d'Aro);103.9
Baix Llobregat Nord-oest (Sant Esteve Sesrovires);Agrupación Censal;Baix Llobregat Nord-oest (Sant Esteve Sesrovires);Baix Llobregat Nord-oest (Sant Esteve Sesrovires);115.8
Baix Llobregat Centre-nord (el Papiol);Agrupación Censal;Baix Llobregat Centre-nord (el Papiol);Baix Llobregat Centre-nord (el Papiol);111.6
Baix Llobregat Centre-oest (Cervelló);Agrupación Censal;Baix Llobregat Centre-oest (Cervelló);Baix Llobregat Centre-oest (Cervelló);114.6
Baix Llobregat Centre-sud (Santa Coloma de Cervelló);Agrupación Censal;Baix Llobregat Centre-sud (Santa Coloma de Cervelló);Baix Llobregat Centre-sud (Santa Coloma de Cervelló);116.6
Baix Llobregat Sud-oest (Begues);Agrupación Censal;Baix Llobregat Sud-oest (Begues);Baix Llobregat Sud-oest (Begues);118.8
Baix Penedès Oest (la Bisbal del Penedès);Agrupación Censal;Baix Penedès Oest (la Bisbal del Penedès);Baix Penedès Oest (la Bisbal del Penedès);90.3
Baix Penedès Nord-est (Banyeres del Penedès);Agrupación Censal;Baix Penedès Nord-est (Banyeres del Penedès);Baix Penedès Nord-est (Banyeres del Penedès);100.8
Baix Penedès Centre-est (l'Arboç);Agrupación Censal;Baix Penedès Centre-est (l'Arboç);Baix Penedès Centre-est (l'Arboç);86.1
Berguedà Nord (Bagà);Agrupación Censal;Berguedà Nord (Bagà);Berguedà Nord (Bagà);105.1
Berguedà Sud (Gironella - Puig-reig);Agrupación Censal;Berguedà Sud (Gironella - Puig-reig);Berguedà Sud (Gironella - Puig-reig);99.5
Cerdanya (sense Puigcerdà);Agrupación Censal;Cerdanya (sense Puigcerdà);Cerdanya (sense Puigcerdà);113.8
Conca de Barberà Nord-est (Santa Coloma de Queralt);Agrupación Censal;Conca de Barberà Nord-est (Santa Coloma de Queralt);Conca de Barberà Nord-est (Santa Coloma de Queralt);98.6
Conca de Barberà Sud-oest (Montblanc);Agrupación Censal;Conca de Barberà Sud-oest (Montblanc);Conca de Barberà Sud-oest (Montblanc);98.4
Garraf Nord (Canyelles - Olivella);Agrupación Censal;Garraf Nord (Canyelles - Olivella);Garraf Nord (Canyelles - Olivella);104.4
Garrigues;Agrupación Censal;Garrigues;Garrigues;91.1
Garrotxa Nord (Sant Joan les Fonts - Besalú);Agrupación Censal;Garrotxa Nord (Sant Joan les Fonts - Besalú);Garrotxa Nord (Sant Joan les Fonts - Besalú);102.9
Garrotxa Sud (Vall d'en Bas);Agrupación Censal;Garrotxa Sud (Vall d'en Bas);Garrotxa Sud (Vall d'en Bas);109.2
Gironès Nord (Sarrià de Ter);Agrupación Censal;Gironès Nord (Sarrià de Ter);Gironès Nord (Sarrià de Ter);108.4
Gironès Nord-est (Celrà);Agrupación Censal;Gironès Nord-est (Celrà);Gironès Nord-est (Celrà);97.2
Gironès Oest i Nord-oest (Bescanó);Agrupación Censal;Gironès Oest i Nord-oest (Bescanó);Gironès Oest i Nord-oest (Bescanó);115.4
Gironès Centre (Quart);Agrupación Censal;Gironès Centre (Quart);Gironès Centre (Quart);120.3
Maresme A (Santa Susanna - Palafolls);Agrupación Censal;Maresme A (Santa Susanna - Palafolls);Maresme A (Santa Susanna - Palafolls);102.4
Maresme B (Sant Pol de Mar - Sant Cebrià de Vallalta);Agrupación Censal;Maresme B (Sant Pol de Mar - Sant Cebrià de Vallalta);Maresme B (Sant Pol de Mar - Sant Cebrià de Vallalta);112.0
Maresme C (Arenys de Munt - Sant Iscle de Vallalta);Agrupación Censal;Maresme C (Arenys de Munt - Sant Iscle de Vallalta);Maresme C (Arenys de Munt - Sant Iscle de Vallalta);106.6
Maresme D (Sant Vicenç de Montalt - Caldes d'Estrac);Agrupación Censal;Maresme D (Sant Vicenç de Montalt - Caldes d'Estrac);Maresme D (Sant Vicenç de Montalt - Caldes d'Estrac);114.2
Maresme E (Argentona - Dosrius);Agrupación Censal;Maresme E (Argentona - Dosrius);Maresme E (Argentona - Dosrius);112.4
Maresme F (Cabrils - Cabrera de Mar);Agrupación Censal;Maresme F (Cabrils - Cabrera de Mar);Maresme F (Cabrils - Cabrera de Mar);120.4
Maresme G (Alella - Teià);Agrupación Censal;Maresme G (Alella - Teià);Maresme G (Alella - Teià);120.9
Montsià Nord (Santa Bàrbara - Sant Jaume d'Enveja);Agrupación Censal;Montsià Nord (Santa Bàrbara - Sant Jaume d'Enveja);Montsià Nord (Santa Bàrbara - Sant Jaume d'Enveja);88.3
Montsià Sud-oest (Ulldecona - la Sénia);Agrupación Censal;Montsià Sud-oest (Ulldecona - la Sénia);Montsià Sud-oest (Ulldecona - la Sénia);78.0
Noguera Est (Artesa de Segre - Ponts);Agrupación Censal;Noguera Est (Artesa de Segre - Ponts);Noguera Est (Artesa de Segre - Ponts);86.4
Noguera Centre-oest (Camarasa - Albesa);Agrupación Censal;Noguera Centre-oest (Camarasa - Albesa);Noguera Centre-oest (Camarasa - Albesa);96.9
Osona Nord (Sant Pere de Torelló - Sant Quirze de Besora);Agrupación Censal;Osona Nord (Sant Pere de Torelló - Sant Quirze de Besora);Osona Nord (Sant Pere de Torelló - Sant Quirze de Besora);100.8
Osona Nord-est (Roda de Ter);Agrupación Censal;Osona Nord-est (Roda de Ter);Osona Nord-est (Roda de Ter);100.0
Osona Est (Taradell);Agrupación Censal;Osona Est (Taradell);Osona Est (Taradell);110.8
Osona Centre-sud i Sud-est (Tona - Seva);Agrupación Censal;Osona Centre-sud i Sud-est (Tona - Seva);Osona Centre-sud i Sud-est (Tona - Seva);107.1
Osona Sud (Centelles);Agrupación Censal;Osona Sud (Centelles);Osona Sud (Centelles);101.7
Osona Oest (Prats de Lluçanès);Agrupación Censal;Osona Oest (Prats de Lluçanès);Osona Oest (Prats de Lluçanès);106.4
Osona Centre-nord (Sant Hipòlit de Voltregà);Agrupación Censal;Osona Centre-nord (Sant Hipòlit de Voltregà);Osona Centre-nord (Sant Hipòlit de Voltregà);107.9
Pallars Jussà;Agrupación Censal;Pallars Jussà;Pallars Jussà;92.6
Pallars Sobirà;Agrupación Censal;Pallars Sobirà;Pallars Sobirà;107.4
Pla d'Urgell Nord (Linyola);Agrupación Censal;Pla d'Urgell Nord (Linyola);Pla d'Urgell Nord (Linyola);85.5
Pla d'Urgell Centre-sud (Palau d'Anglesola);Agrupación Censal;Pla d'Urgell Centre-sud (Palau d'Anglesola);Pla d'Urgell Centre-sud (Palau d'Anglesola);97.1
Pla de l'Estany (sense Banyoles);Agrupación Censal;Pla de l'Estany (sense Banyoles);Pla de l'Estany (sense Banyoles);111.8
Priorat;Agrupación Censal;Priorat;Priorat;96.9
Ribera d'Ebre Nord (Flix);Agrupación Censal;Ribera d'Ebre Nord (Flix);Ribera d'Ebre Nord (Flix);91.4
Ribera d'Ebre Sud (Móra d'Ebre);Agrupación Censal;Ribera d'Ebre Sud (Móra d'Ebre);Ribera d'Ebre Sud (Móra d'Ebre);89.9
Ripollès (sense Ripoll);Agrupación Censal;Ripollès (sense Ripoll);Ripollès (sense Ripoll);104.6
Segarra (sense Cervera i Guissona);Agrupación Censal;Segarra (sense Cervera i Guissona);Segarra (sense Cervera i Guissona);103.7
Segrià Nord (Almacelles);Agrupación Censal;Segrià Nord (Almacelles);Segrià Nord (Almacelles);81.5
Segrià Nord-est (Alcoletge);Agrupación Censal;Segrià Nord-est (Alcoletge);Segrià Nord-est (Alcoletge);98.9
Segrià Centre-nord (Alpicat-Torrefarrera);Agrupación Censal;Segrià Centre-nord (Alpicat-Torrefarrera);Segrià Centre-nord (Alpicat-Torrefarrera);110.6
Segrià Centre-oest (Alcarràs);Agrupación Censal;Segrià Centre-oest (Alcarràs);Segrià Centre-oest (Alcarràs);77.5
Segrià Sud-oest (Aitona);Agrupación Censal;Segrià Sud-oest (Aitona);Segrià Sud-oest (Aitona);70.8
Segrià Sud-est (Albatàrrec);Agrupación Censal;Segrià Sud-est (Albatàrrec);Segrià Sud-est (Albatàrrec);96.3
Selva Nord (Anglès);Agrupación Censal;Selva Nord (Anglès);Selva Nord (Anglès);92.9
Selva Oest (Arbúcies - Sant Hilari Sacalm);Agrupación Censal;Selva Oest (Arbúcies - Sant Hilari Sacalm);Selva Oest (Arbúcies - Sant Hilari Sacalm);83.4
Selva Sud-oest (Riells i Viabrea - Breda);Agrupación Censal;Selva Sud-oest (Riells i Viabrea - Breda);Selva Sud-oest (Riells i Viabrea - Breda);102.8
Selva Est (Caldes de Malavella);Agrupación Censal;Selva Est (Caldes de Malavella);Selva Est (Caldes de Malavella);103.8
Selva Sud-est (Vidreres);Agrupación Censal;Selva Sud-est (Vidreres);Selva Sud-est (Vidreres);94.5
Selva Sud (Maçanet de la Selva - Hostalric);Agrupación Censal;Selva Sud (Maçanet de la Selva - Hostalric);Selva Sud (Maçanet de la Selva - Hostalric);91.0
Solsonès;Agrupación Censal;Solsonès;Solsonès;97.6
Tarragonès Nord-est (Roda de Berà);Agrupación Censal;Tarragonès Nord-est (Roda de Berà);Tarragonès Nord-est (Roda de Berà);94.4
Tarragonès Centre-est (Altafulla - el Catllar);Agrupación Censal;Tarragonès Centre-est (Altafulla - el Catllar);Tarragonès Centre-est (Altafulla - el Catllar);111.5
Tarragonès Centre-nord (els Pallaresos);Agrupación Censal;Tarragonès Centre-nord (els Pallaresos);Tarragonès Centre-nord (els Pallaresos);114.4
Tarragonès Nord-oest (la Pobla de Mafumet - el Morell);Agrupación Censal;Tarragonès Nord-oest (la Pobla de Mafumet - el Morell);Tarragonès Nord-oest (la Pobla de Mafumet - el Morell);102.6
Tarragonès Centre-oest (Constantí - la Canonja);Agrupación Censal;Tarragonès Centre-oest (Constantí - la Canonja);Tarragonès Centre-oest (Constantí - la Canonja);90.7
Terra Alta;Agrupación Censal;Terra Alta;Terra Alta;89.6
Urgell Nord (Agramunt);Agrupación Censal;Urgell Nord (Agramunt);Urgell Nord (Agramunt);91.2
Urgell Sud (Bellpuig);Agrupación Censal;Urgell Sud (Bellpuig);Urgell Sud (Bellpuig);91.0
Aran;Agrupación Censal;Aran;Aran;104.0
Vallès Occidental Nord-est (Matadepera);Agrupación Censal;Vallès Occidental Nord-est (Matadepera);Vallès Occidental Nord-est (Matadepera);123.8
Vallès Occidental Nord-oest (Viladecavalls - Vacarisses);Agrupación Censal;Vallès Occidental Nord-oest (Viladecavalls - Vacarisses);Vallès Occidental Nord-oest (Viladecavalls - Vacarisses);115.1
Vallès Oriental Nord-est (Santa Maria de Palautordera);Agrupación Censal;Vallès Oriental Nord-est (Santa Maria de Palautordera);Vallès Oriental Nord-est (Santa Maria de Palautordera);109.4
Vallès Oriental Centre-nord (Sant Antoni de Vilamajor);Agrupación Censal;Vallès Oriental Centre-nord (Sant Antoni de Vilamajor);Vallès Oriental Centre-nord (Sant Antoni de Vilamajor);111.2
Vallès Oriental Nord-oest i Nord (Bigues i Riells del Fai - Aiguafreda);Agrupación Censal;Vallès Oriental Nord-oest i Nord (Bigues i Riells del Fai - Aiguafreda);Vallès Oriental Nord-oest i Nord (Bigues i Riells del Fai - Aiguafreda);106.3
Vallès Oriental Centre-oest (Santa Eulàlia de Ronçana - Lliçà de Vall);Agrupación Censal;Vallès Oriental Centre-oest (Santa Eulàlia de Ronçana - Lliçà de Vall);Vallès Oriental Centre-oest (Santa Eulàlia de Ronçana - Lliçà de Vall);110.1
Vallès Oriental Centre-est (Llinars del Vallès);Agrupación Censal;Vallès Oriental Centre-est (Llinars del Vallès);Vallès Oriental Centre-est (Llinars del Vallès);106.3
Vallès Oriental Sud-est (Vilanova del Vallès);Agrupación Censal;Vallès Oriental Sud-est (Vilanova del Vallès);Vallès Oriental Sud-est (Vilanova del Vallès);118.6
Vallès Oriental Sud (Sant Fost de Campsentelles);Agrupación Censal;Vallès Oriental Sud (Sant Fost de Campsentelles);Vallès Oriental Sud (Sant Fost de Campsentelles);107.5
Moianès;Agrupación Censal;Moianès;Moianès;102.9
Catalunya;Agrupación Censal;Catalunya;Catalunya;100.0
Abella de la Conca;Municipio;Abella de la Conca;Abella de la Conca;94.7
Abrera;Municipio;Abrera;Abrera;110.7
Àger;Municipio;Àger;Àger;97.6
Agramunt;Municipio;Agramunt;Agramunt;93.4
Aguilar de Segarra;Municipio;Aguilar de Segarra;Aguilar de Segarra;121.8
Agullana;Municipio;Agullana;Agullana;107.2
Aiguafreda;Municipio;Aiguafreda;Aiguafreda;109.7
Aiguamúrcia;Municipio;Aiguamúrcia;Aiguamúrcia;95.4
Aiguaviva;Municipio;Aiguaviva;Aiguaviva;118.5
Aitona;Municipio;Aitona;Aitona;66.7
Alamús, els;Municipio;Alamús, els;Alamús, els;107.8
Alàs i Cerc;Municipio;Alàs i Cerc;Alàs i Cerc;98.4
Albagés, l';Municipio;Albagés, l';Albagés, l';103.7
Albanyà;Municipio;Albanyà;Albanyà;89.7
Albatàrrec;Municipio;Albatàrrec;Albatàrrec;90.3
Albesa;Municipio;Albesa;Albesa;85.8
Albi, l';Municipio;Albi, l';Albi, l';100.4
Albinyana;Municipio;Albinyana;Albinyana;94.3
Albiol, l';Municipio;Albiol, l';Albiol, l';115.4
Albons;Municipio;Albons;Albons;100.9
Alcanó;Municipio;Alcanó;Alcanó;110.8
Alcarràs;Municipio;Alcarràs;Alcarràs;78.0
Alcoletge;Municipio;Alcoletge;Alcoletge;97.8
Alcover;Municipio;Alcover;Alcover;101.5
Aldea, l';Municipio;Aldea, l';Aldea, l';73.8
Aldover;Municipio;Aldover;Aldover;90.5
Aleixar, l';Municipio;Aleixar, l';Aleixar, l';100.0
Alella;Municipio;Alella;Alella;120.8
Alfara de Carles;Municipio;Alfara de Carles;Alfara de Carles;101.4
Alfarràs;Municipio;Alfarràs;Alfarràs;80.1
Alfés;Municipio;Alfés;Alfés;109.2
Alforja;Municipio;Alforja;Alforja;102.8
Algerri;Municipio;Algerri;Algerri;100.7
Alguaire;Municipio;Alguaire;Alguaire;87.0
Alins;Municipio;Alins;Alins;109.2
Alió;Municipio;Alió;Alió;106.3
Almacelles;Municipio;Almacelles;Almacelles;75.9
Almatret;Municipio;Almatret;Almatret;94.9
Almenar;Municipio;Almenar;Almenar;87.4
Almoster;Municipio;Almoster;Almoster;123.5
Alòs de Balaguer;Municipio;Alòs de Balaguer;Alòs de Balaguer;109.7
Alp;Municipio;Alp;Alp;113.5
Alpens;Municipio;Alpens;Alpens;113.0
Alpicat;Municipio;Alpicat;Alpicat;114.9
Alt Àneu;Municipio;Alt Àneu;Alt Àneu;118.7
Altafulla;Municipio;Altafulla;Altafulla;110.6
Amer;Municipio;Amer;Amer;98.3
Ametlla de Mar, l';Municipio;Ametlla de Mar, l';Ametlla de Mar, l';87.4
Ampolla, l';Municipio;Ampolla, l';Ampolla, l';90.2
Amposta;Municipio;Amposta;Amposta;85.2
Anglès;Municipio;Anglès;Anglès;85.4
Anglesola;Municipio;Anglesola;Anglesola;91.2
Arbeca;Municipio;Arbeca;Arbeca;92.1
Arboç, l';Municipio;Arboç, l';Arboç, l';81.5
Arbolí;Municipio;Arbolí;Arbolí;117.8
Arbúcies;Municipio;Arbúcies;Arbúcies;85.5
Arenys de Mar;Municipio;Arenys de Mar;Arenys de Mar;105.5
Arenys de Munt;Municipio;Arenys de Munt;Arenys de Munt;106.3
Argelaguer;Municipio;Argelaguer;Argelaguer;110.4
Argençola;Municipio;Argençola;Argençola;114.6
Argentera, l';Municipio;Argentera, l';Argentera, l';120.0
Argentona;Municipio;Argentona;Argentona;112.2
Armentera, l';Municipio;Armentera, l';Armentera, l';93.7
Arnes;Municipio;Arnes;Arnes;92.2
Arres;Municipio;Arres;Arres;109.1
Arsèguel;Municipio;Arsèguel;Arsèguel;115.3
Artés;Municipio;Artés;Artés;97.5
Artesa de Lleida;Municipio;Artesa de Lleida;Artesa de Lleida;94.5
Artesa de Segre;Municipio;Artesa de Segre;Artesa de Segre;81.9
Ascó;Municipio;Ascó;Ascó;94.4
Aspa;Municipio;Aspa;Aspa;85.2
Avellanes i Santa Linya, les;Municipio;Avellanes i Santa Linya, les;Avellanes i Santa Linya, les;104.2
Avià;Municipio;Avià;Avià;110.7
Avinyó;Municipio;Avinyó;Avinyó;100.5
Avinyonet de Puigventós;Municipio;Avinyonet de Puigventós;Avinyonet de Puigventós;110.7
Avinyonet del Penedès;Municipio;Avinyonet del Penedès;Avinyonet del Penedès;106.2
Badalona;Municipio;Badalona;Badalona;94.5
Badia del Vallès;Municipio;Badia del Vallès;Badia del Vallès;86.0
Bagà;Municipio;Bagà;Bagà;108.1
Baix Pallars;Municipio;Baix Pallars;Baix Pallars;107.2
Balaguer;Municipio;Balaguer;Balaguer;79.3
Balenyà;Municipio;Balenyà;Balenyà;94.9
Balsareny;Municipio;Balsareny;Balsareny;101.4
Banyeres del Penedès;Municipio;Banyeres del Penedès;Banyeres del Penedès;101.0
Banyoles;Municipio;Banyoles;Banyoles;92.3
Barbens;Municipio;Barbens;Barbens;56.5
Barberà de la Conca;Municipio;Barberà de la Conca;Barberà de la Conca;97.8
Barberà del Vallès;Municipio;Barberà del Vallès;Barberà del Vallès;105.0
Barcelona;Municipio;Barcelona;Barcelona;107.0
Baronia de Rialb, la;Municipio;Baronia de Rialb, la;Baronia de Rialb, la;108.6
Bàscara;Municipio;Bàscara;Bàscara;100.0
Bassella;Municipio;Bassella;Bassella;97.3
Batea;Municipio;Batea;Batea;83.6
Bausen;Municipio;Bausen;Bausen;102.8
Begues;Municipio;Begues;Begues;121.0
Begur;Municipio;Begur;Begur;102.1
Belianes;Municipio;Belianes;Belianes;96.6
Bellaguarda;Municipio;Bellaguarda;Bellaguarda;102.2
Bellcaire d'Empordà;Municipio;Bellcaire d'Empordà;Bellcaire d'Empordà;103.8
Bellcaire d'Urgell;Municipio;Bellcaire d'Urgell;Bellcaire d'Urgell;99.2
Bell-lloc d'Urgell;Municipio;Bell-lloc d'Urgell;Bell-lloc d'Urgell;95.3
Bellmunt d'Urgell;Municipio;Bellmunt d'Urgell;Bellmunt d'Urgell;111.3
Bellmunt del Priorat;Municipio;Bellmunt del Priorat;Bellmunt del Priorat;83.9
Bellprat;Municipio;Bellprat;Bellprat;107.2
Bellpuig;Municipio;Bellpuig;Bellpuig;83.7
Bellvei;Municipio;Bellvei;Bellvei;91.5
Bellver de Cerdanya;Municipio;Bellver de Cerdanya;Bellver de Cerdanya;111.2
Bellvís;Municipio;Bellvís;Bellvís;86.9
Benavent de Segrià;Municipio;Benavent de Segrià;Benavent de Segrià;109.0
Benifallet;Municipio;Benifallet;Benifallet;93.9
Benissanet;Municipio;Benissanet;Benissanet;83.5
Berga;Municipio;Berga;Berga;93.0
Besalú;Municipio;Besalú;Besalú;96.3
Bescanó;Municipio;Bescanó;Bescanó;112.6
Beuda;Municipio;Beuda;Beuda;113.0
Bigues i Riells del Fai;Municipio;Bigues i Riells del Fai;Bigues i Riells del Fai;108.4
Biosca;Municipio;Biosca;Biosca;97.5
Bisbal de Montsant, la;Municipio;Bisbal de Montsant, la;Bisbal de Montsant, la;95.2
Bisbal del Penedès, la;Municipio;Bisbal del Penedès, la;Bisbal del Penedès, la;88.4
Biure;Municipio;Biure;Biure;101.4
Blancafort;Municipio;Blancafort;Blancafort;109.2
Blanes;Municipio;Blanes;Blanes;89.9
Boadella i les Escaules;Municipio;Boadella i les Escaules;Boadella i les Escaules;106.4
Bolvir;Municipio;Bolvir;Bolvir;122.7
Bonastre;Municipio;Bonastre;Bonastre;90.7
Bòrdes, Es;Municipio;Bòrdes, Es;Bòrdes, Es;118.5
Bordils;Municipio;Bordils;Bordils;101.1
Borges Blanques, les;Municipio;Borges Blanques, les;Borges Blanques, les;91.8
Borges del Camp, les;Municipio;Borges del Camp, les;Borges del Camp, les;98.6
Borrassà;Municipio;Borrassà;Borrassà;114.5
Borredà;Municipio;Borredà;Borredà;93.3
Bossòst;Municipio;Bossòst;Bossòst;99.4
Bot;Municipio;Bot;Bot;87.9
Botarell;Municipio;Botarell;Botarell;100.3
Bovera;Municipio;Bovera;Bovera;70.6
Bràfim;Municipio;Bràfim;Bràfim;96.0
Breda;Municipio;Breda;Breda;98.0
Bruc, el;Municipio;Bruc, el;Bruc, el;112.7
Brull, el;Municipio;Brull, el;Brull, el;114.2
Brunyola i Sant Martí Sapresa;Municipio;Brunyola i Sant Martí Sapresa;Brunyola i Sant Martí Sapresa;110.8
Cabacés;Municipio;Cabacés;Cabacés;89.6
Cabanabona;Municipio;Cabanabona;Cabanabona;94.8
Cabanelles;Municipio;Cabanelles;Cabanelles;95.2
Cabanes;Municipio;Cabanes;Cabanes;96.9
Cabanyes, les;Municipio;Cabanyes, les;Cabanyes, les;116.1
Cabó;Municipio;Cabó;Cabó;95.1
Cabra del Camp;Municipio;Cabra del Camp;Cabra del Camp;89.0
Cabrera d'Anoia;Municipio;Cabrera d'Anoia;Cabrera d'Anoia;97.8
Cabrera de Mar;Municipio;Cabrera de Mar;Cabrera de Mar;121.9
Cabrils;Municipio;Cabrils;Cabrils;119.4
Cadaqués;Municipio;Cadaqués;Cadaqués;94.2
Calaf;Municipio;Calaf;Calaf;88.7
Calafell;Municipio;Calafell;Calafell;91.5
Calders;Municipio;Calders;Calders;114.0
Caldes d'Estrac;Municipio;Caldes d'Estrac;Caldes d'Estrac;107.7
Caldes de Malavella;Municipio;Caldes de Malavella;Caldes de Malavella;102.0
Caldes de Montbui;Municipio;Caldes de Montbui;Caldes de Montbui;107.0
Calella;Municipio;Calella;Calella;93.0
Calldetenes;Municipio;Calldetenes;Calldetenes;107.4
Callús;Municipio;Callús;Callús;102.7
Calonge de Segarra;Municipio;Calonge de Segarra;Calonge de Segarra;111.3
Camarasa;Municipio;Camarasa;Camarasa;108.3
Camarles;Municipio;Camarles;Camarles;83.7
Cambrils;Municipio;Cambrils;Cambrils;100.4
Camós;Municipio;Camós;Camós;113.1
Campdevànol;Municipio;Campdevànol;Campdevànol;103.0
Campelles;Municipio;Campelles;Campelles;116.6
Campins;Municipio;Campins;Campins;116.9
Campllong;Municipio;Campllong;Campllong;118.7
Camprodon;Municipio;Camprodon;Camprodon;100.1
Canejan;Municipio;Canejan;Canejan;94.8
Canet d'Adri;Municipio;Canet d'Adri;Canet d'Adri;116.1
Canet de Mar;Municipio;Canet de Mar;Canet de Mar;102.2
Canonja, la;Municipio;Canonja, la;Canonja, la;102.3
Canovelles;Municipio;Canovelles;Canovelles;75.9
Cànoves i Samalús;Municipio;Cànoves i Samalús;Cànoves i Samalús;111.2
Cantallops;Municipio;Cantallops;Cantallops;104.2
Canyelles;Municipio;Canyelles;Canyelles;104.0
Capafonts;Municipio;Capafonts;Capafonts;112.4
Capçanes;Municipio;Capçanes;Capçanes;109.5
Capellades;Municipio;Capellades;Capellades;103.2
Capmany;Municipio;Capmany;Capmany;95.5
Capolat;Municipio;Capolat;Capolat;131.2
Cardedeu;Municipio;Cardedeu;Cardedeu;112.0
Cardona;Municipio;Cardona;Cardona;92.1
Carme;Municipio;Carme;Carme;96.7
Caseres;Municipio;Caseres;Caseres;99.4
Casserres;Municipio;Casserres;Casserres;102.4
Castell de l'Areny;Municipio;Castell de l'Areny;Castell de l'Areny;117.9
Castell de Mur;Municipio;Castell de Mur;Castell de Mur;107.3
Castellar de la Ribera;Municipio;Castellar de la Ribera;Castellar de la Ribera;102.6
Castellar de n'Hug;Municipio;Castellar de n'Hug;Castellar de n'Hug;109.8
Castellar del Riu;Municipio;Castellar del Riu;Castellar del Riu;111.5
Castellar del Vallès;Municipio;Castellar del Vallès;Castellar del Vallès;112.1
Castellbell i el Vilar;Municipio;Castellbell i el Vilar;Castellbell i el Vilar;98.4
Castellbisbal;Municipio;Castellbisbal;Castellbisbal;108.8
Castellcir;Municipio;Castellcir;Castellcir;110.5
Castelldans;Municipio;Castelldans;Castelldans;99.1
Castelldefels;Municipio;Castelldefels;Castelldefels;108.3
Castellet i la Gornal;Municipio;Castellet i la Gornal;Castellet i la Gornal;102.3
Castellfollit de la Roca;Municipio;Castellfollit de la Roca;Castellfollit de la Roca;101.6
Castellfollit de Riubregós;Municipio;Castellfollit de Riubregós;Castellfollit de Riubregós;119.7
Castellfollit del Boix;Municipio;Castellfollit del Boix;Castellfollit del Boix;116.8
Castellgalí;Municipio;Castellgalí;Castellgalí;106.3
Castellnou de Bages;Municipio;Castellnou de Bages;Castellnou de Bages;115.5
Castellnou de Seana;Municipio;Castellnou de Seana;Castellnou de Seana;84.0
Castelló de Farfanya;Municipio;Castelló de Farfanya;Castelló de Farfanya;92.8
Castellolí;Municipio;Castellolí;Castellolí;124.8
Castellserà;Municipio;Castellserà;Castellserà;96.4
Castellterçol;Municipio;Castellterçol;Castellterçol;99.5
Castellvell del Camp;Municipio;Castellvell del Camp;Castellvell del Camp;119.3
Castellví de la Marca;Municipio;Castellví de la Marca;Castellví de la Marca;102.8
Castellví de Rosanes;Municipio;Castellví de Rosanes;Castellví de Rosanes;112.9
Catllar, el;Municipio;Catllar, el;Catllar, el;112.6
Cava;Municipio;Cava;Cava;110.8
Cellera de Ter, la;Municipio;Cellera de Ter, la;Cellera de Ter, la;101.3
Celrà;Municipio;Celrà;Celrà;96.0
Centelles;Municipio;Centelles;Centelles;105.1
Cercs;Municipio;Cercs;Cercs;99.3
Cerdanyola del Vallès;Municipio;Cerdanyola del Vallès;Cerdanyola del Vallès;108.1
Cervelló;Municipio;Cervelló;Cervelló;114.2
Cervià de les Garrigues;Municipio;Cervià de les Garrigues;Cervià de les Garrigues;91.6
Cervià de Ter;Municipio;Cervià de Ter;Cervià de Ter;107.0
Cistella;Municipio;Cistella;Cistella;106.3
Ciutadilla;Municipio;Ciutadilla;Ciutadilla;108.4
Clariana de Cardener;Municipio;Clariana de Cardener;Clariana de Cardener;110.4
Cogul, el;Municipio;Cogul, el;Cogul, el;96.7
Colera;Municipio;Colera;Colera;98.4
Coll de Nargó;Municipio;Coll de Nargó;Coll de Nargó;93.8
Collbató;Municipio;Collbató;Collbató;119.9
Colldejou;Municipio;Colldejou;Colldejou;117.6
Collsuspina;Municipio;Collsuspina;Collsuspina;117.4
Colomers;Municipio;Colomers;Colomers;112.0
Coma i la Pedra, la;Municipio;Coma i la Pedra, la;Coma i la Pedra, la;112.4
Conca de Dalt;Municipio;Conca de Dalt;Conca de Dalt;108.3
Conesa;Municipio;Conesa;Conesa;88.5
Constantí;Municipio;Constantí;Constantí;80.6
Copons;Municipio;Copons;Copons;121.0
Corbera d'Ebre;Municipio;Corbera d'Ebre;Corbera d'Ebre;86.5
Corbera de Llobregat;Municipio;Corbera de Llobregat;Corbera de Llobregat;110.3
Corbins;Municipio;Corbins;Corbins;93.8
Corçà;Municipio;Corçà;Corçà;106.0
Cornellà de Llobregat;Municipio;Cornellà de Llobregat;Cornellà de Llobregat;95.0
Cornellà del Terri;Municipio;Cornellà del Terri;Cornellà del Terri;110.3
Cornudella de Montsant;Municipio;Cornudella de Montsant;Cornudella de Montsant;102.9
Creixell;Municipio;Creixell;Creixell;92.5
Crespià;Municipio;Crespià;Crespià;108.2
Cruïlles, Monells i Sant Sadurní de l'Heura;Municipio;Cruïlles, Monells i Sant Sadurní de l'Heura;Cruïlles, Monells i Sant Sadurní de l'Heura;103.4
Cubelles;Municipio;Cubelles;Cubelles;102.6
Cubells;Municipio;Cubells;Cubells;105.4
Cunit;Municipio;Cunit;Cunit;88.3
Darnius;Municipio;Darnius;Darnius;95.7
Das;Municipio;Das;Das;119.7
Dosrius;Municipio;Dosrius;Dosrius;112.2
Duesaigües;Municipio;Duesaigües;Duesaigües;97.6
Esparreguera;Municipio;Esparreguera;Esparreguera;102.1
Espinelves;Municipio;Espinelves;Espinelves;119.4
Espluga Calba, l';Municipio;Espluga Calba, l';Espluga Calba, l';105.6
Espluga de Francolí, l';Municipio;Espluga de Francolí, l';Espluga de Francolí, l';97.8
Esplugues de Llobregat;Municipio;Esplugues de Llobregat;Esplugues de Llobregat;103.4
Espolla;Municipio;Espolla;Espolla;101.7
Esponellà;Municipio;Esponellà;Esponellà;107.4
Espot;Municipio;Espot;Espot;116.4
Espunyola, l';Municipio;Espunyola, l';Espunyola, l';113.8
Esquirol, l';Municipio;Esquirol, l';Esquirol, l';107.3
Estamariu;Municipio;Estamariu;Estamariu;95.4
Estany, l';Municipio;Estany, l';Estany, l';111.1
Estaràs;Municipio;Estaràs;Estaràs;109.8
Esterri d'Àneu;Municipio;Esterri d'Àneu;Esterri d'Àneu;94.6
Esterri de Cardós;Municipio;Esterri de Cardós;Esterri de Cardós;125.1
Falset;Municipio;Falset;Falset;94.4
Far d'Empordà, el;Municipio;Far d'Empordà, el;Far d'Empordà, el;102.6
Farrera;Municipio;Farrera;Farrera;112.7
Fatarella, la;Municipio;Fatarella, la;Fatarella, la;94.9
Febró, la;Municipio;Febró, la;Febró, la;86.8
Figaró-Montmany;Municipio;Figaró-Montmany;Figaró-Montmany;102.4
Fígols;Municipio;Fígols;Fígols;114.0
Fígols i Alinyà;Municipio;Fígols i Alinyà;Fígols i Alinyà;103.2
Figuera, la;Municipio;Figuera, la;Figuera, la;93.3
Figueres;Municipio;Figueres;Figueres;72.0
Figuerola del Camp;Municipio;Figuerola del Camp;Figuerola del Camp;112.9
Flaçà;Municipio;Flaçà;Flaçà;85.1
Flix;Municipio;Flix;Flix;93.6
Floresta, la;Municipio;Floresta, la;Floresta, la;113.9
Fogars de la Selva;Municipio;Fogars de la Selva;Fogars de la Selva;97.0
Fogars de Montclús;Municipio;Fogars de Montclús;Fogars de Montclús;115.0
Foixà;Municipio;Foixà;Foixà;116.4
Folgueroles;Municipio;Folgueroles;Folgueroles;118.6
Fondarella;Municipio;Fondarella;Fondarella;107.9
Fonollosa;Municipio;Fonollosa;Fonollosa;112.0
Fontanals de Cerdanya;Municipio;Fontanals de Cerdanya;Fontanals de Cerdanya;124.9
Fontanilles;Municipio;Fontanilles;Fontanilles;103.4
Fontcoberta;Municipio;Fontcoberta;Fontcoberta;115.4
Font-rubí;Municipio;Font-rubí;Font-rubí;101.7
Foradada;Municipio;Foradada;Foradada;83.9
Forallac;Municipio;Forallac;Forallac;107.2
Forès;Municipio;Forès;Forès;76.0
Fornells de la Selva;Municipio;Fornells de la Selva;Fornells de la Selva;123.7
Fortià;Municipio;Fortià;Fortià;107.3
Franqueses del Vallès, les;Municipio;Franqueses del Vallès, les;Franqueses del Vallès, les;98.5
Freginals;Municipio;Freginals;Freginals;87.9
Fuliola, la;Municipio;Fuliola, la;Fuliola, la;82.5
Fulleda;Municipio;Fulleda;Fulleda;103.7
Gaià;Municipio;Gaià;Gaià;104.0
Galera, la;Municipio;Galera, la;Galera, la;82.5
Gallifa;Municipio;Gallifa;Gallifa;113.0
Gandesa;Municipio;Gandesa;Gandesa;89.0
Garcia;Municipio;Garcia;Garcia;87.2
Garidells, els;Municipio;Garidells, els;Garidells, els;110.8
Garriga, la;Municipio;Garriga, la;Garriga, la;110.9
Garrigàs;Municipio;Garrigàs;Garrigàs;113.7
Garrigoles;Municipio;Garrigoles;Garrigoles;111.8
Garriguella;Municipio;Garriguella;Garriguella;100.8
Gavà;Municipio;Gavà;Gavà;105.0
Gavet de la Conca;Municipio;Gavet de la Conca;Gavet de la Conca;95.0
Gelida;Municipio;Gelida;Gelida;104.5
Ger;Municipio;Ger;Ger;118.4
Gimenells i el Pla de la Font;Municipio;Gimenells i el Pla de la Font;Gimenells i el Pla de la Font;92.8
Ginestar;Municipio;Ginestar;Ginestar;92.7
Girona;Municipio;Girona;Girona;97.7
Gironella;Municipio;Gironella;Gironella;95.4
Gisclareny;Municipio;Gisclareny;Gisclareny;125.3
Godall;Municipio;Godall;Godall;88.3
Golmés;Municipio;Golmés;Golmés;98.6
Gombrèn;Municipio;Gombrèn;Gombrèn;119.4
Gósol;Municipio;Gósol;Gósol;104.9
Granada, la;Municipio;Granada, la;Granada, la;110.2
Granadella, la;Municipio;Granadella, la;Granadella, la;75.3
Granera;Municipio;Granera;Granera;114.4
Granja d'Escarp, la;Municipio;Granja d'Escarp, la;Granja d'Escarp, la;63.0
Granollers;Municipio;Granollers;Granollers;97.2
Granyanella;Municipio;Granyanella;Granyanella;116.5
Granyena de les Garrigues;Municipio;Granyena de les Garrigues;Granyena de les Garrigues;86.8
Granyena de Segarra;Municipio;Granyena de Segarra;Granyena de Segarra;111.4
Gratallops;Municipio;Gratallops;Gratallops;97.0
Gualba;Municipio;Gualba;Gualba;111.4
Gualta;Municipio;Gualta;Gualta;83.5
Guardiola de Berguedà;Municipio;Guardiola de Berguedà;Guardiola de Berguedà;97.2
Guiamets, els;Municipio;Guiamets, els;Guiamets, els;112.1
Guils de Cerdanya;Municipio;Guils de Cerdanya;Guils de Cerdanya;115.3
Guimerà;Municipio;Guimerà;Guimerà;90.2
Guingueta d'Àneu, la;Municipio;Guingueta d'Àneu, la;Guingueta d'Àneu, la;102.3
Guixers;Municipio;Guixers;Guixers;112.1
Gurb;Municipio;Gurb;Gurb;121.5
Horta de Sant Joan;Municipio;Horta de Sant Joan;Horta de Sant Joan;94.3
Hospitalet de Llobregat, l';Municipio;Hospitalet de Llobregat, l';Hospitalet de Llobregat, l';83.4
Hostalets de Pierola, els;Municipio;Hostalets de Pierola, els;Hostalets de Pierola, els;102.3
Hostalric;Municipio;Hostalric;Hostalric;93.7
Igualada;Municipio;Igualada;Igualada;99.2
Isona i Conca Dellà;Municipio;Isona i Conca Dellà;Isona i Conca Dellà;89.2
Isòvol;Municipio;Isòvol;Isòvol;122.1
Ivars d'Urgell;Municipio;Ivars d'Urgell;Ivars d'Urgell;86.6
Ivars de Noguera;Municipio;Ivars de Noguera;Ivars de Noguera;88.6
Ivorra;Municipio;Ivorra;Ivorra;114.6
Jafre;Municipio;Jafre;Jafre;101.9
Jonquera, la;Municipio;Jonquera, la;Jonquera, la;73.2
Jorba;Municipio;Jorba;Jorba;115.7
Josa i Tuixén;Municipio;Josa i Tuixén;Josa i Tuixén;114.2
Juià;Municipio;Juià;Juià;108.9
Juncosa;Municipio;Juncosa;Juncosa;84.6
Juneda;Municipio;Juneda;Juneda;81.0
Les;Municipio;Les;Les;95.5
Linyola;Municipio;Linyola;Linyola;94.0
Llacuna, la;Municipio;Llacuna, la;Llacuna, la;101.0
Lladó;Municipio;Lladó;Lladó;110.9
Lladorre;Municipio;Lladorre;Lladorre;109.2
Lladurs;Municipio;Lladurs;Lladurs;112.0
Llagosta, la;Municipio;Llagosta, la;Llagosta, la;88.0
Llambilles;Municipio;Llambilles;Llambilles;120.5
Llanars;Municipio;Llanars;Llanars;105.3
Llançà;Municipio;Llançà;Llançà;93.8
Llardecans;Municipio;Llardecans;Llardecans;98.3
Llavorsí;Municipio;Llavorsí;Llavorsí;113.4
Lleida;Municipio;Lleida;Lleida;89.9
Llers;Municipio;Llers;Llers;102.6
Lles de Cerdanya;Municipio;Lles de Cerdanya;Lles de Cerdanya;114.5
Lliçà d'Amunt;Municipio;Lliçà d'Amunt;Lliçà d'Amunt;109.0
Lliçà de Vall;Municipio;Lliçà de Vall;Lliçà de Vall;111.5
Llimiana;Municipio;Llimiana;Llimiana;97.1
Llinars del Vallès;Municipio;Llinars del Vallès;Llinars del Vallès;106.7
Llívia;Municipio;Llívia;Llívia;106.2
Lloar, el;Municipio;Lloar, el;Lloar, el;106.6
Llobera;Municipio;Llobera;Llobera;112.2
Llorac;Municipio;Llorac;Llorac;113.3
Llorenç del Penedès;Municipio;Llorenç del Penedès;Llorenç del Penedès;102.8
Lloret de Mar;Municipio;Lloret de Mar;Lloret de Mar;79.1
Llosses, les;Municipio;Llosses, les;Llosses, les;118.9
Lluçà;Municipio;Lluçà;Lluçà;115.0
Maçanet de Cabrenys;Municipio;Maçanet de Cabrenys;Maçanet de Cabrenys;91.6
Maçanet de la Selva;Municipio;Maçanet de la Selva;Maçanet de la Selva;88.5
Madremanya;Municipio;Madremanya;Madremanya;118.7
Maià de Montcal;Municipio;Maià de Montcal;Maià de Montcal;107.0
Maials;Municipio;Maials;Maials;77.5
Maldà;Municipio;Maldà;Maldà;98.0
Malgrat de Mar;Municipio;Malgrat de Mar;Malgrat de Mar;95.3
Malla;Municipio;Malla;Malla;125.8
Manlleu;Municipio;Manlleu;Manlleu;77.9
Manresa;Municipio;Manresa;Manresa;90.5
Marçà;Municipio;Marçà;Marçà;93.1
Margalef;Municipio;Margalef;Margalef;84.5
Marganell;Municipio;Marganell;Marganell;100.5
Martorell;Municipio;Martorell;Martorell;89.1
Martorelles;Municipio;Martorelles;Martorelles;102.5
Mas de Barberans;Municipio;Mas de Barberans;Mas de Barberans;95.6
Masarac i Vilarnadal;Municipio;Masarac i Vilarnadal;Masarac i Vilarnadal;90.3
Masdenverge;Municipio;Masdenverge;Masdenverge;91.8
Masies de Roda, les;Municipio;Masies de Roda, les;Masies de Roda, les;106.6
Masies de Voltregà, les;Municipio;Masies de Voltregà, les;Masies de Voltregà, les;106.6
Masllorenç;Municipio;Masllorenç;Masllorenç;96.6
Masnou, el;Municipio;Masnou, el;Masnou, el;113.6
Masó, la;Municipio;Masó, la;Masó, la;118.2
Maspujols;Municipio;Maspujols;Maspujols;118.1
Masquefa;Municipio;Masquefa;Masquefa;102.1
Masroig, el;Municipio;Masroig, el;Masroig, el;78.9
Massalcoreig;Municipio;Massalcoreig;Massalcoreig;69.6
Massanes;Municipio;Massanes;Massanes;87.7
Massoteres;Municipio;Massoteres;Massoteres;100.1
Matadepera;Municipio;Matadepera;Matadepera;129.9
Mataró;Municipio;Mataró;Mataró;92.5
Mediona;Municipio;Mediona;Mediona;96.1
Menàrguens;Municipio;Menàrguens;Menàrguens;88.6
Meranges;Municipio;Meranges;Meranges;116.9
Mieres;Municipio;Mieres;Mieres;111.2
Milà, el;Municipio;Milà, el;Milà, el;107.5
Miralcamp;Municipio;Miralcamp;Miralcamp;93.5
Miravet;Municipio;Miravet;Miravet;101.3
Moià;Municipio;Moià;Moià;99.2
Molar, el;Municipio;Molar, el;Molar, el;94.5
Molins de Rei;Municipio;Molins de Rei;Molins de Rei;114.7
Mollerussa;Municipio;Mollerussa;Mollerussa;81.4
Mollet de Peralada;Municipio;Mollet de Peralada;Mollet de Peralada;106.3
Mollet del Vallès;Municipio;Mollet del Vallès;Mollet del Vallès;93.0
Molló;Municipio;Molló;Molló;111.7
Molsosa, la;Municipio;Molsosa, la;Molsosa, la;112.8
Monistrol de Calders;Municipio;Monistrol de Calders;Monistrol de Calders;100.6
Monistrol de Montserrat;Municipio;Monistrol de Montserrat;Monistrol de Montserrat;96.8
Montagut i Oix;Municipio;Montagut i Oix;Montagut i Oix;108.5
Montblanc;Municipio;Montblanc;Montblanc;97.8
Montbrió del Camp;Municipio;Montbrió del Camp;Montbrió del Camp;104.9
Montcada i Reixac;Municipio;Montcada i Reixac;Montcada i Reixac;96.3
Montclar;Municipio;Montclar;Montclar;108.2
Montellà i Martinet;Municipio;Montellà i Martinet;Montellà i Martinet;106.8
Montesquiu;Municipio;Montesquiu;Montesquiu;96.8
Montferrer i Castellbò;Municipio;Montferrer i Castellbò;Montferrer i Castellbò;99.7
Montferri;Municipio;Montferri;Montferri;97.0
Montgai;Municipio;Montgai;Montgai;99.9
Montgat;Municipio;Montgat;Montgat;114.1
Montmajor;Municipio;Montmajor;Montmajor;96.7
Montmaneu;Municipio;Montmaneu;Montmaneu;99.3
Montmell, el;Municipio;Montmell, el;Montmell, el;86.5
Montoliu de Lleida;Municipio;Montoliu de Lleida;Montoliu de Lleida;100.5
Montoliu de Segarra;Municipio;Montoliu de Segarra;Montoliu de Segarra;109.0
Montornès de Segarra;Municipio;Montornès de Segarra;Montornès de Segarra;109.2
Montornès del Vallès;Municipio;Montornès del Vallès;Montornès del Vallès;94.7
Mont-ral;Municipio;Mont-ral;Mont-ral;102.5
Mont-ras;Municipio;Mont-ras;Mont-ras;102.3
Montseny;Municipio;Montseny;Montseny;117.8
Móra d'Ebre;Municipio;Móra d'Ebre;Móra d'Ebre;89.8
Móra la Nova;Municipio;Móra la Nova;Móra la Nova;87.6
Morell, el;Municipio;Morell, el;Morell, el;100.0
Morera de Montsant, la;Municipio;Morera de Montsant, la;Morera de Montsant, la;88.1
Muntanyola;Municipio;Muntanyola;Muntanyola;118.2
Mura;Municipio;Mura;Mura;115.7
Nalec;Municipio;Nalec;Nalec;90.6
Naut Aran;Municipio;Naut Aran;Naut Aran;117.0
Navarcles;Municipio;Navarcles;Navarcles;102.3
Navàs;Municipio;Navàs;Navàs;98.9
Navata;Municipio;Navata;Navata;111.4
Navès;Municipio;Navès;Navès;108.5
Nou de Berguedà, la;Municipio;Nou de Berguedà, la;Nou de Berguedà, la;118.0
Nou de Gaià, la;Municipio;Nou de Gaià, la;Nou de Gaià, la;101.5
Nulles;Municipio;Nulles;Nulles;108.6
Odèn;Municipio;Odèn;Odèn;107.4
Òdena;Municipio;Òdena;Òdena;103.9
Ogassa;Municipio;Ogassa;Ogassa;106.7
Olèrdola;Municipio;Olèrdola;Olèrdola;105.5
Olesa de Bonesvalls;Municipio;Olesa de Bonesvalls;Olesa de Bonesvalls;107.3
Olesa de Montserrat;Municipio;Olesa de Montserrat;Olesa de Montserrat;100.6
Oliana;Municipio;Oliana;Oliana;92.5
Oliola;Municipio;Oliola;Oliola;115.5
Olius;Municipio;Olius;Olius;118.8
Olivella;Municipio;Olivella;Olivella;105.1
Olost;Municipio;Olost;Olost;110.5
Olot;Municipio;Olot;Olot;83.6
Oluges, les;Municipio;Oluges, les;Oluges, les;113.0
Olvan;Municipio;Olvan;Olvan;102.1
Omellons, els;Municipio;Omellons, els;Omellons, els;111.3
Omells de na Gaia, els;Municipio;Omells de na Gaia, els;Omells de na Gaia, els;104.5
Ordis;Municipio;Ordis;Ordis;115.0
Organyà;Municipio;Organyà;Organyà;91.3
Orís;Municipio;Orís;Orís;119.3
Oristà;Municipio;Oristà;Oristà;111.2
Orpí;Municipio;Orpí;Orpí;116.2
Òrrius;Municipio;Òrrius;Òrrius;120.3
Os de Balaguer;Municipio;Os de Balaguer;Os de Balaguer;108.6
Osor;Municipio;Osor;Osor;99.1
Ossó de Sió;Municipio;Ossó de Sió;Ossó de Sió;108.8
Pacs del Penedès;Municipio;Pacs del Penedès;Pacs del Penedès;115.1
Palafolls;Municipio;Palafolls;Palafolls;102.3
Palafrugell;Municipio;Palafrugell;Palafrugell;82.2
Palamós;Municipio;Palamós;Palamós;94.3
Palau d'Anglesola, el;Municipio;Palau d'Anglesola, el;Palau d'Anglesola, el;104.6
Palau de Santa Eulàlia;Municipio;Palau de Santa Eulàlia;Palau de Santa Eulàlia;113.1
Palau-sator;Municipio;Palau-sator;Palau-sator;109.4
Palau-saverdera;Municipio;Palau-saverdera;Palau-saverdera;95.7
Palau-solità i Plegamans;Municipio;Palau-solità i Plegamans;Palau-solità i Plegamans;109.2
Pallaresos, els;Municipio;Pallaresos, els;Pallaresos, els;116.8
Pallejà;Municipio;Pallejà;Pallejà;112.3
Palma d'Ebre, la;Municipio;Palma d'Ebre, la;Palma d'Ebre, la;85.5
Palma de Cervelló, la;Municipio;Palma de Cervelló, la;Palma de Cervelló, la;115.5
Palol de Revardit;Municipio;Palol de Revardit;Palol de Revardit;119.3
Pals;Municipio;Pals;Pals;100.8
Papiol, el;Municipio;Papiol, el;Papiol, el;111.0
Pardines;Municipio;Pardines;Pardines;109.4
Parets del Vallès;Municipio;Parets del Vallès;Parets del Vallès;106.3
Parlavà;Municipio;Parlavà;Parlavà;123.9
Passanant i Belltall;Municipio;Passanant i Belltall;Passanant i Belltall;108.0
Pau;Municipio;Pau;Pau;100.6
Paüls;Municipio;Paüls;Paüls;104.2
Pedret i Marzà;Municipio;Pedret i Marzà;Pedret i Marzà;109.3
Penelles;Municipio;Penelles;Penelles;95.4
Pera, la;Municipio;Pera, la;Pera, la;112.7
Perafita;Municipio;Perafita;Perafita;105.0
Perafort;Municipio;Perafort;Perafort;112.7
Peralada;Municipio;Peralada;Peralada;113.6
Peramola;Municipio;Peramola;Peramola;99.5
Perelló, el;Municipio;Perelló, el;Perelló, el;80.2
Piera;Municipio;Piera;Piera;95.4
Piles, les;Municipio;Piles, les;Piles, les;109.2
Pineda de Mar;Municipio;Pineda de Mar;Pineda de Mar;90.7
Pinell de Brai, el;Municipio;Pinell de Brai, el;Pinell de Brai, el;93.1
Pinell de Solsonès;Municipio;Pinell de Solsonès;Pinell de Solsonès;110.1
Pinós;Municipio;Pinós;Pinós;112.6
Pira;Municipio;Pira;Pira;102.3
Pla de Santa Maria, el;Municipio;Pla de Santa Maria, el;Pla de Santa Maria, el;98.7
Pla del Penedès, el;Municipio;Pla del Penedès, el;Pla del Penedès, el;104.2
Planes d'Hostoles, les;Municipio;Planes d'Hostoles, les;Planes d'Hostoles, les;94.9
Planoles;Municipio;Planoles;Planoles;103.1
Plans de Sió, els;Municipio;Plans de Sió, els;Plans de Sió, els;109.5
Poal, el;Municipio;Poal, el;Poal, el;99.8
Pobla de Cérvoles, la;Municipio;Pobla de Cérvoles, la;Pobla de Cérvoles, la;98.7
Pobla de Claramunt, la;Municipio;Pobla de Claramunt, la;Pobla de Claramunt, la;107.1
Pobla de Lillet, la;Municipio;Pobla de Lillet, la;Pobla de Lillet, la;98.5
Pobla de Mafumet, la;Municipio;Pobla de Mafumet, la;Pobla de Mafumet, la;103.2
Pobla de Massaluca, la;Municipio;Pobla de Massaluca, la;Pobla de Massaluca, la;82.7
Pobla de Montornès, la;Municipio;Pobla de Montornès, la;Pobla de Montornès, la;99.5
Pobla de Segur, la;Municipio;Pobla de Segur, la;Pobla de Segur, la;89.4
Poboleda;Municipio;Poboleda;Poboleda;92.1
Pont d'Armentera, el;Municipio;Pont d'Armentera, el;Pont d'Armentera, el;91.1
Pont de Bar, el;Municipio;Pont de Bar, el;Pont de Bar, el;103.3
Pont de Molins;Municipio;Pont de Molins;Pont de Molins;106.4
Pont de Suert, el;Municipio;Pont de Suert, el;Pont de Suert, el;93.2
Pont de Vilomara i Rocafort, el;Municipio;Pont de Vilomara i Rocafort, el;Pont de Vilomara i Rocafort, el;96.7
Pontils;Municipio;Pontils;Pontils;92.4
Pontons;Municipio;Pontons;Pontons;84.2
Pontós;Municipio;Pontós;Pontós;117.4
Ponts;Municipio;Ponts;Ponts;80.9
Porqueres;Municipio;Porqueres;Porqueres;112.5
Porrera;Municipio;Porrera;Porrera;106.5
Port de la Selva, el;Municipio;Port de la Selva, el;Port de la Selva, el;96.9
Portbou;Municipio;Portbou;Portbou;89.6
Portella, la;Municipio;Portella, la;Portella, la;72.9
Pradell de la Teixeta;Municipio;Pradell de la Teixeta;Pradell de la Teixeta;111.8
Prades;Municipio;Prades;Prades;98.3
Prat de Comte;Municipio;Prat de Comte;Prat de Comte;85.4
Prat de Llobregat, el;Municipio;Prat de Llobregat, el;Prat de Llobregat, el;99.0
Pratdip;Municipio;Pratdip;Pratdip;91.5
Prats de Lluçanès;Municipio;Prats de Lluçanès;Prats de Lluçanès;101.6
Prats de Rei, els;Municipio;Prats de Rei, els;Prats de Rei, els;103.3
Prats i Sansor;Municipio;Prats i Sansor;Prats i Sansor;125.9
Preixana;Municipio;Preixana;Preixana;106.6
Preixens;Municipio;Preixens;Preixens;96.5
Premià de Mar;Municipio;Premià de Mar;Premià de Mar;103.1
Preses, les;Municipio;Preses, les;Preses, les;111.0
Prullans;Municipio;Prullans;Prullans;111.2
Puigdàlber;Municipio;Puigdàlber;Puigdàlber;107.6
Puiggròs;Municipio;Puiggròs;Puiggròs;111.0
Puigpelat;Municipio;Puigpelat;Puigpelat;107.2
Puig-reig;Municipio;Puig-reig;Puig-reig;95.1
Puigverd d'Agramunt;Municipio;Puigverd d'Agramunt;Puigverd d'Agramunt;80.4
Puigverd de Lleida;Municipio;Puigverd de Lleida;Puigverd de Lleida;103.7
Pujalt;Municipio;Pujalt;Pujalt;111.2
Quar, la;Municipio;Quar, la;Quar, la;98.5
Quart;Municipio;Quart;Quart;115.6
Queralbs;Municipio;Queralbs;Queralbs;121.1
Querol;Municipio;Querol;Querol;99.0
Rabós;Municipio;Rabós;Rabós;106.9
Rajadell;Municipio;Rajadell;Rajadell;114.9
Ràpita, la;Municipio;Ràpita, la;Ràpita, la;92.0
Rasquera;Municipio;Rasquera;Rasquera;89.4
Regencós;Municipio;Regencós;Regencós;108.3
Rellinars;Municipio;Rellinars;Rellinars;113.3
Renau;Municipio;Renau;Renau;126.1
Reus;Municipio;Reus;Reus;90.8
Rialp;Municipio;Rialp;Rialp;113.0
Riba, la;Municipio;Riba, la;Riba, la;109.4
Riba-roja d'Ebre;Municipio;Riba-roja d'Ebre;Riba-roja d'Ebre;91.6
Ribera d'Ondara;Municipio;Ribera d'Ondara;Ribera d'Ondara;112.4
Ribera d'Urgellet;Municipio;Ribera d'Urgellet;Ribera d'Urgellet;94.7
Ribes de Freser;Municipio;Ribes de Freser;Ribes de Freser;101.7
Riells i Viabrea;Municipio;Riells i Viabrea;Riells i Viabrea;106.8
Riera de Gaià, la;Municipio;Riera de Gaià, la;Riera de Gaià, la;108.3
Riner;Municipio;Riner;Riner;108.6
Ripollet;Municipio;Ripollet;Ripollet;96.1
Riu de Cerdanya;Municipio;Riu de Cerdanya;Riu de Cerdanya;116.4
Riudarenes;Municipio;Riudarenes;Riudarenes;94.4
Riudaura;Municipio;Riudaura;Riudaura;117.2
Riudecanyes;Municipio;Riudecanyes;Riudecanyes;95.9
Riudecols;Municipio;Riudecols;Riudecols;105.8
Riudellots de la Selva;Municipio;Riudellots de la Selva;Riudellots de la Selva;107.3
Riudoms;Municipio;Riudoms;Riudoms;93.6
Riumors;Municipio;Riumors;Riumors;95.8
Rocafort de Queralt;Municipio;Rocafort de Queralt;Rocafort de Queralt;88.4
Roda de Berà;Municipio;Roda de Berà;Roda de Berà;93.2
Roda de Ter;Municipio;Roda de Ter;Roda de Ter;94.8
Rodonyà;Municipio;Rodonyà;Rodonyà;92.6
Roquetes;Municipio;Roquetes;Roquetes;92.6
Roses;Municipio;Roses;Roses;79.0
Rosselló;Municipio;Rosselló;Rosselló;95.9
Rourell, el;Municipio;Rourell, el;Rourell, el;103.0
Rubí;Municipio;Rubí;Rubí;97.7
Rubió;Municipio;Rubió;Rubió;108.8
Rupià;Municipio;Rupià;Rupià;116.9
Rupit i Pruit;Municipio;Rupit i Pruit;Rupit i Pruit;114.0
Sabadell;Municipio;Sabadell;Sabadell;97.5
Sagàs;Municipio;Sagàs;Sagàs;117.1
Salàs de Pallars;Municipio;Salàs de Pallars;Salàs de Pallars;110.3
Saldes;Municipio;Saldes;Saldes;113.4
Sales de Llierca;Municipio;Sales de Llierca;Sales de Llierca;108.6
Sallent;Municipio;Sallent;Sallent;99.8
Salomó;Municipio;Salomó;Salomó;85.6
Salou;Municipio;Salou;Salou;89.9
Salt;Municipio;Salt;Salt;59.8
Sanaüja;Municipio;Sanaüja;Sanaüja;100.3
Sant Adrià de Besòs;Municipio;Sant Adrià de Besòs;Sant Adrià de Besòs;87.4
Sant Agustí de Lluçanès;Municipio;Sant Agustí de Lluçanès;Sant Agustí de Lluçanès;114.3
Sant Andreu de la Barca;Municipio;Sant Andreu de la Barca;Sant Andreu de la Barca;100.4
Sant Andreu Salou;Municipio;Sant Andreu Salou;Sant Andreu Salou;121.7
Sant Aniol de Finestres;Municipio;Sant Aniol de Finestres;Sant Aniol de Finestres;110.4
Sant Antoni de Vilamajor;Municipio;Sant Antoni de Vilamajor;Sant Antoni de Vilamajor;110.5
Sant Bartomeu del Grau;Municipio;Sant Bartomeu del Grau;Sant Bartomeu del Grau;93.0
Sant Boi de Llobregat;Municipio;Sant Boi de Llobregat;Sant Boi de Llobregat;99.7
Sant Boi de Lluçanès;Municipio;Sant Boi de Lluçanès;Sant Boi de Lluçanès;96.0
Sant Cebrià de Vallalta;Municipio;Sant Cebrià de Vallalta;Sant Cebrià de Vallalta;108.7
Sant Celoni;Municipio;Sant Celoni;Sant Celoni;98.9
Sant Climent de Llobregat;Municipio;Sant Climent de Llobregat;Sant Climent de Llobregat;115.1
Sant Climent Sescebes;Municipio;Sant Climent Sescebes;Sant Climent Sescebes;92.4
Sant Cugat del Vallès;Municipio;Sant Cugat del Vallès;Sant Cugat del Vallès;123.0
Sant Cugat Sesgarrigues;Municipio;Sant Cugat Sesgarrigues;Sant Cugat Sesgarrigues;104.5
Sant Esteve de la Sarga;Municipio;Sant Esteve de la Sarga;Sant Esteve de la Sarga;91.3
Sant Esteve de Palautordera;Municipio;Sant Esteve de Palautordera;Sant Esteve de Palautordera;116.3
Sant Esteve Sesrovires;Municipio;Sant Esteve Sesrovires;Sant Esteve Sesrovires;113.4
Sant Feliu de Buixalleu;Municipio;Sant Feliu de Buixalleu;Sant Feliu de Buixalleu;104.1
Sant Feliu de Codines;Municipio;Sant Feliu de Codines;Sant Feliu de Codines;102.3
Sant Feliu de Guíxols;Municipio;Sant Feliu de Guíxols;Sant Feliu de Guíxols;86.2
Sant Feliu de Llobregat;Municipio;Sant Feliu de Llobregat;Sant Feliu de Llobregat;107.8
Sant Feliu de Pallerols;Municipio;Sant Feliu de Pallerols;Sant Feliu de Pallerols;101.6
Sant Feliu Sasserra;Municipio;Sant Feliu Sasserra;Sant Feliu Sasserra;102.6
Sant Ferriol;Municipio;Sant Ferriol;Sant Ferriol;98.6
Sant Fost de Campsentelles;Municipio;Sant Fost de Campsentelles;Sant Fost de Campsentelles;109.5
Sant Fruitós de Bages;Municipio;Sant Fruitós de Bages;Sant Fruitós de Bages;108.5
Sant Gregori;Municipio;Sant Gregori;Sant Gregori;119.6
Sant Guim de Freixenet;Municipio;Sant Guim de Freixenet;Sant Guim de Freixenet;90.3
Sant Guim de la Plana;Municipio;Sant Guim de la Plana;Sant Guim de la Plana;109.4
Sant Hilari Sacalm;Municipio;Sant Hilari Sacalm;Sant Hilari Sacalm;81.1
Sant Hipòlit de Voltregà;Municipio;Sant Hipòlit de Voltregà;Sant Hipòlit de Voltregà;98.0
Sant Iscle de Vallalta;Municipio;Sant Iscle de Vallalta;Sant Iscle de Vallalta;108.6
Sant Jaume d'Enveja;Municipio;Sant Jaume d'Enveja;Sant Jaume d'Enveja;87.8
Sant Jaume de Frontanyà;Municipio;Sant Jaume de Frontanyà;Sant Jaume de Frontanyà;112.5
Sant Jaume de Llierca;Municipio;Sant Jaume de Llierca;Sant Jaume de Llierca;104.5
Sant Jaume dels Domenys;Municipio;Sant Jaume dels Domenys;Sant Jaume dels Domenys;98.8
Sant Joan de les Abadesses;Municipio;Sant Joan de les Abadesses;Sant Joan de les Abadesses;103.9
Sant Joan de Mollet;Municipio;Sant Joan de Mollet;Sant Joan de Mollet;106.4
Sant Joan Despí;Municipio;Sant Joan Despí;Sant Joan Despí;110.7
Sant Joan les Fonts;Municipio;Sant Joan les Fonts;Sant Joan les Fonts;99.7
Sant Jordi Desvalls;Municipio;Sant Jordi Desvalls;Sant Jordi Desvalls;102.5
Sant Julià de Cerdanyola;Municipio;Sant Julià de Cerdanyola;Sant Julià de Cerdanyola;115.3
Sant Julià de Ramis;Municipio;Sant Julià de Ramis;Sant Julià de Ramis;110.4
Sant Julià de Vilatorta;Municipio;Sant Julià de Vilatorta;Sant Julià de Vilatorta;118.2
Sant Julià del Llor i Bonmatí;Municipio;Sant Julià del Llor i Bonmatí;Sant Julià del Llor i Bonmatí;95.9
Sant Just Desvern;Municipio;Sant Just Desvern;Sant Just Desvern;123.9
Sant Llorenç d'Hortons;Municipio;Sant Llorenç d'Hortons;Sant Llorenç d'Hortons;107.8
Sant Llorenç de la Muga;Municipio;Sant Llorenç de la Muga;Sant Llorenç de la Muga;104.1
Sant Llorenç de Morunys;Municipio;Sant Llorenç de Morunys;Sant Llorenç de Morunys;104.8
Sant Llorenç Savall;Municipio;Sant Llorenç Savall;Sant Llorenç Savall;101.4
Sant Martí d'Albars;Municipio;Sant Martí d'Albars;Sant Martí d'Albars;122.1
Sant Martí de Centelles;Municipio;Sant Martí de Centelles;Sant Martí de Centelles;102.6
Sant Martí de Llémena;Municipio;Sant Martí de Llémena;Sant Martí de Llémena;107.6
Sant Martí de Riucorb;Municipio;Sant Martí de Riucorb;Sant Martí de Riucorb;101.8
Sant Martí de Tous;Municipio;Sant Martí de Tous;Sant Martí de Tous;114.5
Sant Martí Sarroca;Municipio;Sant Martí Sarroca;Sant Martí Sarroca;100.7
Sant Martí Sesgueioles;Municipio;Sant Martí Sesgueioles;Sant Martí Sesgueioles;111.4
Sant Martí Vell;Municipio;Sant Martí Vell;Sant Martí Vell;92.7
Sant Mateu de Bages;Municipio;Sant Mateu de Bages;Sant Mateu de Bages;111.9
Sant Miquel de Campmajor;Municipio;Sant Miquel de Campmajor;Sant Miquel de Campmajor;110.6
Sant Miquel de Fluvià;Municipio;Sant Miquel de Fluvià;Sant Miquel de Fluvià;80.6
Sant Mori;Municipio;Sant Mori;Sant Mori;104.3
Sant Pau de Segúries;Municipio;Sant Pau de Segúries;Sant Pau de Segúries;104.2
Sant Pere de Ribes;Municipio;Sant Pere de Ribes;Sant Pere de Ribes;100.2
Sant Pere de Riudebitlles;Municipio;Sant Pere de Riudebitlles;Sant Pere de Riudebitlles;102.6
Sant Pere de Torelló;Municipio;Sant Pere de Torelló;Sant Pere de Torelló;98.5
Sant Pere de Vilamajor;Municipio;Sant Pere de Vilamajor;Sant Pere de Vilamajor;112.3
Sant Pere Pescador;Municipio;Sant Pere Pescador;Sant Pere Pescador;62.9
Sant Pere Sallavinera;Municipio;Sant Pere Sallavinera;Sant Pere Sallavinera;123.1
Sant Pol de Mar;Municipio;Sant Pol de Mar;Sant Pol de Mar;114.1
Sant Quintí de Mediona;Municipio;Sant Quintí de Mediona;Sant Quintí de Mediona;89.1
Sant Quirze de Besora;Municipio;Sant Quirze de Besora;Sant Quirze de Besora;95.8
Sant Quirze del Vallès;Municipio;Sant Quirze del Vallès;Sant Quirze del Vallès;120.8
Sant Quirze Safaja;Municipio;Sant Quirze Safaja;Sant Quirze Safaja;114.4
Sant Ramon;Municipio;Sant Ramon;Sant Ramon;105.2
Sant Sadurní d'Anoia;Municipio;Sant Sadurní d'Anoia;Sant Sadurní d'Anoia;106.6
Sant Sadurní d'Osormort;Municipio;Sant Sadurní d'Osormort;Sant Sadurní d'Osormort;112.5
Sant Salvador de Guardiola;Municipio;Sant Salvador de Guardiola;Sant Salvador de Guardiola;109.2
Sant Vicenç de Castellet;Municipio;Sant Vicenç de Castellet;Sant Vicenç de Castellet;89.8
Sant Vicenç de Montalt;Municipio;Sant Vicenç de Montalt;Sant Vicenç de Montalt;117.6
Sant Vicenç de Torelló;Municipio;Sant Vicenç de Torelló;Sant Vicenç de Torelló;108.0
Sant Vicenç dels Horts;Municipio;Sant Vicenç dels Horts;Sant Vicenç dels Horts;98.9
Santa Bàrbara;Municipio;Santa Bàrbara;Santa Bàrbara;86.8
Santa Cecília de Voltregà;Municipio;Santa Cecília de Voltregà;Santa Cecília de Voltregà;125.8
Santa Coloma de Cervelló;Municipio;Santa Coloma de Cervelló;Santa Coloma de Cervelló;115.8
Santa Coloma de Farners;Municipio;Santa Coloma de Farners;Santa Coloma de Farners;86.2
Santa Coloma de Gramenet;Municipio;Santa Coloma de Gramenet;Santa Coloma de Gramenet;81.0
Santa Coloma de Queralt;Municipio;Santa Coloma de Queralt;Santa Coloma de Queralt;98.5
Santa Cristina d'Aro;Municipio;Santa Cristina d'Aro;Santa Cristina d'Aro;101.5
Santa Eugènia de Berga;Municipio;Santa Eugènia de Berga;Santa Eugènia de Berga;102.3
Santa Eulàlia de Riuprimer;Municipio;Santa Eulàlia de Riuprimer;Santa Eulàlia de Riuprimer;112.3
Santa Eulàlia de Ronçana;Municipio;Santa Eulàlia de Ronçana;Santa Eulàlia de Ronçana;108.8
Santa Fe del Penedès;Municipio;Santa Fe del Penedès;Santa Fe del Penedès;110.9
Santa Llogaia d'Àlguema;Municipio;Santa Llogaia d'Àlguema;Santa Llogaia d'Àlguema;97.6
Santa Margarida i els Monjos;Municipio;Santa Margarida i els Monjos;Santa Margarida i els Monjos;95.1
Santa Maria d'Oló;Municipio;Santa Maria d'Oló;Santa Maria d'Oló;105.9
Santa Maria de Besora;Municipio;Santa Maria de Besora;Santa Maria de Besora;108.1
Santa Maria de Martorelles;Municipio;Santa Maria de Martorelles;Santa Maria de Martorelles;115.6
Santa Maria de Merlès;Municipio;Santa Maria de Merlès;Santa Maria de Merlès;116.1
Santa Maria de Miralles;Municipio;Santa Maria de Miralles;Santa Maria de Miralles;110.1
Santa Maria de Palautordera;Municipio;Santa Maria de Palautordera;Santa Maria de Palautordera;105.3
Santa Oliva;Municipio;Santa Oliva;Santa Oliva;89.9
Santa Pau;Municipio;Santa Pau;Santa Pau;114.3
Santa Perpètua de Mogoda;Municipio;Santa Perpètua de Mogoda;Santa Perpètua de Mogoda;100.0
Santa Susanna;Municipio;Santa Susanna;Santa Susanna;103.1
Santpedor;Municipio;Santpedor;Santpedor;113.0
Sarral;Municipio;Sarral;Sarral;92.1
Sarrià de Ter;Municipio;Sarrià de Ter;Sarrià de Ter;108.2
Sarroca de Bellera;Municipio;Sarroca de Bellera;Sarroca de Bellera;115.2
Sarroca de Lleida;Municipio;Sarroca de Lleida;Sarroca de Lleida;98.8
Saus, Camallera i Llampaies;Municipio;Saus, Camallera i Llampaies;Saus, Camallera i Llampaies;97.5
Savallà del Comtat;Municipio;Savallà del Comtat;Savallà del Comtat;114.4
Secuita, la;Municipio;Secuita, la;Secuita, la;109.2
Selva de Mar, la;Municipio;Selva de Mar, la;Selva de Mar, la;104.0
Selva del Camp, la;Municipio;Selva del Camp, la;Selva del Camp, la;106.8
Senan;Municipio;Senan;Senan;99.1
Sénia, la;Municipio;Sénia, la;Sénia, la;85.1
Senterada;Municipio;Senterada;Senterada;103.6
Sentiu de Sió, la;Municipio;Sentiu de Sió, la;Sentiu de Sió, la;108.3
Serinyà;Municipio;Serinyà;Serinyà;110.6
Seròs;Municipio;Seròs;Seròs;65.4
Serra de Daró;Municipio;Serra de Daró;Serra de Daró;105.7
Setcases;Municipio;Setcases;Setcases;116.6
Seu d'Urgell, la;Municipio;Seu d'Urgell, la;Seu d'Urgell, la;87.2
Seva;Municipio;Seva;Seva;111.3
Sidamon;Municipio;Sidamon;Sidamon;104.9
Sils;Municipio;Sils;Sils;96.7
Sitges;Municipio;Sitges;Sitges;111.7
Siurana;Municipio;Siurana;Siurana;113.5
Sobremunt;Municipio;Sobremunt;Sobremunt;109.5
Soleràs, el;Municipio;Soleràs, el;Soleràs, el;83.2
Solivella;Municipio;Solivella;Solivella;102.3
Solsona;Municipio;Solsona;Solsona;91.7
Sora;Municipio;Sora;Sora;109.3
Soriguera;Municipio;Soriguera;Soriguera;115.6
Sort;Municipio;Sort;Sort;104.7
Soses;Municipio;Soses;Soses;78.8
Subirats;Municipio;Subirats;Subirats;108.7
Sudanell;Municipio;Sudanell;Sudanell;95.0
Sunyer;Municipio;Sunyer;Sunyer;86.6
Súria;Municipio;Súria;Súria;96.4
Susqueda;Municipio;Susqueda;Susqueda;100.6
Tagamanent;Municipio;Tagamanent;Tagamanent;109.4
Talamanca;Municipio;Talamanca;Talamanca;119.6
Talarn;Municipio;Talarn;Talarn;95.6
Talavera;Municipio;Talavera;Talavera;112.9
Tallada d'Empordà, la;Municipio;Tallada d'Empordà, la;Tallada d'Empordà, la;117.6
Taradell;Municipio;Taradell;Taradell;108.3
Tarragona;Municipio;Tarragona;Tarragona;94.9
Tàrrega;Municipio;Tàrrega;Tàrrega;92.0
Tarrés;Municipio;Tarrés;Tarrés;117.6
Tarroja de Segarra;Municipio;Tarroja de Segarra;Tarroja de Segarra;110.2
Tavèrnoles;Municipio;Tavèrnoles;Tavèrnoles;129.1
Tavertet;Municipio;Tavertet;Tavertet;112.4
Teià;Municipio;Teià;Teià;121.1
Térmens;Municipio;Térmens;Térmens;95.7
Terrades;Municipio;Terrades;Terrades;108.6
Terrassa;Municipio;Terrassa;Terrassa;98.1
Tírvia;Municipio;Tírvia;Tírvia;102.8
Tiurana;Municipio;Tiurana;Tiurana;115.5
Tivenys;Municipio;Tivenys;Tivenys;86.0
Tivissa;Municipio;Tivissa;Tivissa;96.8
Tona;Municipio;Tona;Tona;104.4
Torà;Municipio;Torà;Torà;99.5
Tordera;Municipio;Tordera;Tordera;91.5
Torelló;Municipio;Torelló;Torelló;93.4
Torms, els;Municipio;Torms, els;Torms, els;107.4
Tornabous;Municipio;Tornabous;Tornabous;80.6
Torre de Cabdella, la;Municipio;Torre de Cabdella, la;Torre de Cabdella, la;116.4
Torre de Claramunt, la;Municipio;Torre de Claramunt, la;Torre de Claramunt, la;101.3
Torre de Fontaubella, la;Municipio;Torre de Fontaubella, la;Torre de Fontaubella, la;109.2
Torre de l'Espanyol, la;Municipio;Torre de l'Espanyol, la;Torre de l'Espanyol, la;80.9
Torrebesses;Municipio;Torrebesses;Torrebesses;98.1
Torredembarra;Municipio;Torredembarra;Torredembarra;94.0
Torrefarrera;Municipio;Torrefarrera;Torrefarrera;104.8
Torrefeta i Florejacs;Municipio;Torrefeta i Florejacs;Torrefeta i Florejacs;111.6
Torregrossa;Municipio;Torregrossa;Torregrossa;80.9
Torrelameu;Municipio;Torrelameu;Torrelameu;74.7
Torrelavit;Municipio;Torrelavit;Torrelavit;107.2
Torrelles de Foix;Municipio;Torrelles de Foix;Torrelles de Foix;85.1
Torrelles de Llobregat;Municipio;Torrelles de Llobregat;Torrelles de Llobregat;117.6
Torrent;Municipio;Torrent;Torrent;114.9
Torres de Segre;Municipio;Torres de Segre;Torres de Segre;74.3
Torre-serona;Municipio;Torre-serona;Torre-serona;99.2
Torroella de Fluvià;Municipio;Torroella de Fluvià;Torroella de Fluvià;101.0
Torroja del Priorat;Municipio;Torroja del Priorat;Torroja del Priorat;102.8
Tortellà;Municipio;Tortellà;Tortellà;107.9
Tortosa;Municipio;Tortosa;Tortosa;85.0
Toses;Municipio;Toses;Toses;121.9
Tossa de Mar;Municipio;Tossa de Mar;Tossa de Mar;92.3
Tremp;Municipio;Tremp;Tremp;87.8
Ullà;Municipio;Ullà;Ullà;67.8
Ullastrell;Municipio;Ullastrell;Ullastrell;120.4
Ullastret;Municipio;Ullastret;Ullastret;119.9
Ulldecona;Municipio;Ulldecona;Ulldecona;70.6
Ulldemolins;Municipio;Ulldemolins;Ulldemolins;104.8
Ultramort;Municipio;Ultramort;Ultramort;120.5
Urús;Municipio;Urús;Urús;122.7
Vacarisses;Municipio;Vacarisses;Vacarisses;113.0
Vajol, la;Municipio;Vajol, la;Vajol, la;87.1
Vall d'en Bas, la;Municipio;Vall d'en Bas, la;Vall d'en Bas, la;115.4
Vall de Bianya, la;Municipio;Vall de Bianya, la;Vall de Bianya, la;109.7
Vall de Boí, la;Municipio;Vall de Boí, la;Vall de Boí, la;113.0
Vall de Cardós;Municipio;Vall de Cardós;Vall de Cardós;105.2
Vallbona d'Anoia;Municipio;Vallbona d'Anoia;Vallbona d'Anoia;102.2
Vallbona de les Monges;Municipio;Vallbona de les Monges;Vallbona de les Monges;105.1
Vallcebre;Municipio;Vallcebre;Vallcebre;107.7
Vallclara;Municipio;Vallclara;Vallclara;110.0
Vallfogona de Balaguer;Municipio;Vallfogona de Balaguer;Vallfogona de Balaguer;103.3
Vallfogona de Ripollès;Municipio;Vallfogona de Ripollès;Vallfogona de Ripollès;118.1
Vallfogona de Riucorb;Municipio;Vallfogona de Riucorb;Vallfogona de Riucorb;110.3
Vallgorguina;Municipio;Vallgorguina;Vallgorguina;111.5
Vallirana;Municipio;Vallirana;Vallirana;108.3
Vall-llobrega;Municipio;Vall-llobrega;Vall-llobrega;112.7
Vallmoll;Municipio;Vallmoll;Vallmoll;104.7
Vallromanes;Municipio;Vallromanes;Vallromanes;120.9
Valls;Municipio;Valls;Valls;91.1
Valls d'Aguilar, les;Municipio;Valls d'Aguilar, les;Valls d'Aguilar, les;98.4
Valls de Valira, les;Municipio;Valls de Valira, les;Valls de Valira, les;93.5
Vandellòs i l'Hospitalet de l'Infant;Municipio;Vandellòs i l'Hospitalet de l'Infant;Vandellòs i l'Hospitalet de l'Infant;101.7
Vansa i Fórnols, la;Municipio;Vansa i Fórnols, la;Vansa i Fórnols, la;89.0
Veciana;Municipio;Veciana;Veciana;110.9
Vendrell, el;Municipio;Vendrell, el;Vendrell, el;90.9
Ventalló;Municipio;Ventalló;Ventalló;98.7
Verdú;Municipio;Verdú;Verdú;100.8
Verges;Municipio;Verges;Verges;95.7
Vespella de Gaià;Municipio;Vespella de Gaià;Vespella de Gaià;95.4
Vic;Municipio;Vic;Vic;83.1
Vidrà;Municipio;Vidrà;Vidrà;114.5
Vidreres;Municipio;Vidreres;Vidreres;94.8
Vielha e Mijaran;Municipio;Vielha e Mijaran;Vielha e Mijaran;101.3
Vilabella;Municipio;Vilabella;Vilabella;99.1
Vilabertran;Municipio;Vilabertran;Vilabertran;101.8
Vilablareix;Municipio;Vilablareix;Vilablareix;123.2
Vilada;Municipio;Vilada;Vilada;115.7
Viladamat;Municipio;Viladamat;Viladamat;110.2
Viladasens;Municipio;Viladasens;Viladasens;104.8
Viladecans;Municipio;Viladecans;Viladecans;103.7
Viladecavalls;Municipio;Viladecavalls;Viladecavalls;116.0
Vilademuls;Municipio;Vilademuls;Vilademuls;106.7
Viladrau;Municipio;Viladrau;Viladrau;111.5
Vilafant;Municipio;Vilafant;Vilafant;104.2
Vilafranca del Penedès;Municipio;Vilafranca del Penedès;Vilafranca del Penedès;96.1
Vilagrassa;Municipio;Vilagrassa;Vilagrassa;104.0
Vilajuïga;Municipio;Vilajuïga;Vilajuïga;98.0
Vilalba dels Arcs;Municipio;Vilalba dels Arcs;Vilalba dels Arcs;94.6
Vilalba Sasserra;Municipio;Vilalba Sasserra;Vilalba Sasserra;100.6
Vilaller;Municipio;Vilaller;Vilaller;104.4
Vilallonga de Ter;Municipio;Vilallonga de Ter;Vilallonga de Ter;107.7
Vilallonga del Camp;Municipio;Vilallonga del Camp;Vilallonga del Camp;106.1
Vilamacolum;Municipio;Vilamacolum;Vilamacolum;73.5
Vilamalla;Municipio;Vilamalla;Vilamalla;97.8
Vilamaniscle;Municipio;Vilamaniscle;Vilamaniscle;113.7
Vilamòs;Municipio;Vilamòs;Vilamòs;116.3
Vilanant;Municipio;Vilanant;Vilanant;110.7
Vilanova d'Escornalbou;Municipio;Vilanova d'Escornalbou;Vilanova d'Escornalbou;98.9
Vilanova de Bellpuig;Municipio;Vilanova de Bellpuig;Vilanova de Bellpuig;95.1
Vilanova de l'Aguda;Municipio;Vilanova de l'Aguda;Vilanova de l'Aguda;114.3
Vilanova de la Barca;Municipio;Vilanova de la Barca;Vilanova de la Barca;98.3
Vilanova de Meià;Municipio;Vilanova de Meià;Vilanova de Meià;99.8
Vilanova de Prades;Municipio;Vilanova de Prades;Vilanova de Prades;94.9
Vilanova de Sau;Municipio;Vilanova de Sau;Vilanova de Sau;115.8
Vilanova de Segrià;Municipio;Vilanova de Segrià;Vilanova de Segrià;95.8
Vilanova del Camí;Municipio;Vilanova del Camí;Vilanova del Camí;91.7
Vilanova del Vallès;Municipio;Vilanova del Vallès;Vilanova del Vallès;117.5
Vilanova i la Geltrú;Municipio;Vilanova i la Geltrú;Vilanova i la Geltrú;102.3
Vilaplana;Municipio;Vilaplana;Vilaplana;108.6
Vila-rodona;Municipio;Vila-rodona;Vila-rodona;89.4
Vila-sacra;Municipio;Vila-sacra;Vila-sacra;99.4
Vila-sana;Municipio;Vila-sana;Vila-sana;109.2
Vila-seca;Municipio;Vila-seca;Vila-seca;95.7
Vilassar de Mar;Municipio;Vilassar de Mar;Vilassar de Mar;116.7
Vilaür;Municipio;Vilaür;Vilaür;113.7
Vilaverd;Municipio;Vilaverd;Vilaverd;98.2
Vilella Alta, la;Municipio;Vilella Alta, la;Vilella Alta, la;113.2
Vilella Baixa, la;Municipio;Vilella Baixa, la;Vilella Baixa, la;94.4
Vilobí d'Onyar;Municipio;Vilobí d'Onyar;Vilobí d'Onyar;105.9
Vilobí del Penedès;Municipio;Vilobí del Penedès;Vilobí del Penedès;108.3
Vilopriu;Municipio;Vilopriu;Vilopriu;120.1
Vilosell, el;Municipio;Vilosell, el;Vilosell, el;94.4
Vimbodí i Poblet;Municipio;Vimbodí i Poblet;Vimbodí i Poblet;105.5
Vinaixa;Municipio;Vinaixa;Vinaixa;105.1
Vinebre;Municipio;Vinebre;Vinebre;81.4
Vinyols i els Arcs;Municipio;Vinyols i els Arcs;Vinyols i els Arcs;98.9
Viver i Serrateix;Municipio;Viver i Serrateix;Viver i Serrateix;115.5
Xerta;Municipio;Xerta;Xerta;98.0
