estadio;equipo_local;id_territorio;ciudad;barrio
CAMP DE FUTBOL MPAL. DE TÉRMENS;ESCOLA LA NOGUERA, C.E. A;Térmens;Térmens;Térmens
CAMP DE FUTBOL MPAL. SANT MARTÍ DE PROVENÇALS;PEÑA PASION XENEIZE BARCELONA, ASSOC.  A;Barcelona;Barcelona;Barcelona
CAMP DE FUTBOL MPAL. DE SALT;PENYA BONS AIRES E A;Salt;Salt;Salt
CAMP DE FUTBOL ZEM DE RIPOLLET;RIPOLLET, C.F. A;Ripollet 1 (Centre - Maragall);Ripollet;Centre - Maragall
CAMP DE FUTBOL MPAL. LA FERRERIA;MONTCADA, C.D B;Montcada i Reixac;Montcada i Reixac;Montcada i Reixac
CAMP DE FUTBOL MPAL. DE PREMIÀ DE DALT;LEGION,C.F.  A;Premià de Dalt;Premià de Dalt;Premià de Dalt
CAMP DE FUTBOL MPAL. GAUDENCI SELLÉS ROMÀ;QUART, U.E. A;Quart;Quart;Quart
CAMP DE FUTBOL MPAL. TORRE-ROMEU;TIBIDABO TORRE ROMEU, U.D. B;Sabadell 22 (Torre-romeu - Can Roqueta - el Poblenou);Sabadell;Torre-romeu - Can Roqueta - el Poblenou
CAMP DE FUTBOL CEM BESÒS-TRAJANA;ONA SANT ADRIA, F.C. A;Barcelona 179 (el Besòs);Barcelona;el Besòs
CAMP DE FUTBOL MPAL. LA FERRERIA;BASE MONTCADA CLUB FUTBOL  B;Montcada i Reixac;Montcada i Reixac;Montcada i Reixac
CAMP DE FUTBOL CEM MARESME;PUJADAS, C.D. A;Barcelona 180 (el Maresme i el Maresme Vell);Barcelona;el Maresme i el Maresme Vell
CAMP DE FUTBOL MPAL. DE BATEA;BATEA, C.F. A;Batea;Batea;Batea
CAMP DE FUTBOL MPAL. DE VALLVIDRERA;DAUMAR , ASSOCIACIO CLUB  A;Desconocido;Desconocido;Desconocido
No especificado;VILA-SECA C.F. B;Vila-seca;Vila-seca;Vila-seca
CAMP DE FUTBOL MPAL. VILARTAGUES;SANT FELIU DE GUIXOLS C.F. B;Sant Feliu de Buixalleu;Sant Feliu de Buixalleu;Sant Feliu de Buixalleu
CAMP DE FUTBOL MPAL. DE MONT-RAS;MONT-RAS,C.E. A;Mont-ras;Mont-ras;Mont-ras
No especificado;CANONJA, C.F. A;Canonja, la;La Canonja;La Canonja
CAMP DE FUTBOL MPAL. DE VIDA ACTIVA;CARDONA, C.F. A;Cardona;Cardona;Cardona
CAMP DE FUTBOL MPAL. DISTRICTE 5È;UNIO ASTORGA, C.E. A;Desconocido;Desconocido;Desconocido
CAMP DE FUTBOL MPAL. D´OCATA;MASNOU AT. B;Masnou, el;El Masnou;El Masnou
No especificado;TORTOSA EBRE, C.F.  B;Tortosa;Tortosa;Tortosa
CAMP DE FUTBOL MPAL. DE MONELLS;MONELLS, A.E. A;Cruïlles, Monells i Sant Sadurní de l'Heura;Cruïlles, Monells i Sant Sadurní de l'Heura;Cruïlles, Monells i Sant Sadurní de l'Heura
CAMP DE FUTBOL MPAL. DE SANT FRUITÓS DE BAGES;FRUITOSENC, F.C. B;Sant Fruitós de Bages;Sant Fruitós de Bages;Sant Fruitós de Bages
CAMP DE FUTBOL ZEM DE ROQUETES ANNEX;ROQUETENC, C.D. A;Roquetes;Roquetes;Roquetes
No especificado;CARDEDEU, F.C. B;Cardedeu;Cardedeu;Cardedeu
CAMP DE FUTBOL ZEM CAN CABANYES;SISTRELLS C.F. A;Badalona 18 (Sistrells);Badalona;Sistrells
CAMP DE FUTBOL MPAL. DE CAMBRILS (1);CAMBRILS UNIÓ C.E. B;Cambrils;Cambrils;Cambrils
CAMP DE FUTBOL MPAL. DE VILABLAREIX;VILABLAREIX FUTBOL CLUB B;Vilablareix;Vilablareix;Vilablareix
CAMP DE FUTBOL MPAL. DE RODA DE TER (1);RODA DE TER, C.E. B;Roda de Berà;Roda de Berà;Roda de Berà
CAMP DE FUTBOL MPAL. DEL 25 DE SETEMBRE;RÖNIN FUTBOL CLUB A;Rubí 7 (Districte 5 Nord-est);Rubí;Districte 5 Nord-est
CAMP DE FUTBOL MPAL. JOAN CAPDEVILA MÉNDEZ;ESCOLA F.TARREGA, C.E. C;Sant Joan de les Abadesses;Sant Joan de les Abadesses;Sant Joan de les Abadesses
CAMP DE FUTBOL MPAL. NOU DE BANYOLES;BANYOLES, C.E. B;Banyoles;Banyoles;Banyoles
CAMP DE FUTBOL MPAL. NOVA CIUTAT ESPORTIVA BLANES;RACING BLANENC F.C. A;Blanes;Blanes;Blanes
CAMP DE FUTBOL MPAL. LA DEVESA;NAVAS,C.E. B;Navàs;Navàs;Navàs
CAMP DE FUTBOL MPAL. DE GOLMÉS;PLA URGELL, C.E. A;Golmés;Golmés;Golmés
No especificado;SURIA, C.E. B;Súria;Súria;Súria
CAMP DE FUTBOL MPAL. DE LA CELLERA DE TER;CELLERA, C.F. B;Cellera de Ter, la;La Cellera de Ter;La Cellera de Ter
CAMP DE FUTBOL CEM FERNANDO GONZÁLEZ RESINA;LA ROCA PENYA BLANC BLAVA CLUB FUTBOL  A;Roca del Vallès, la;La Roca del Vallès;La Roca del Vallès
CAMP DE FUTBOL MPAL. DE VILATENIM;RECREATIVO MARCA, CLUB  A;Marçà;Marçà;Marçà
CAMP DE FUTBOL MPAL. DE SANT FRUITÓS DE BAGES;FRUITOSENC, F.C. C;Sant Fruitós de Bages;Sant Fruitós de Bages;Sant Fruitós de Bages
CAMP DE FUTBOL MPAL. DE SANTA BÀRBARA;SANTA BARBARA, C.F. A;Santa Bàrbara;Santa Bàrbara;Santa Bàrbara
CAMP DE FUTBOL MPAL. DEL PLA DE BARRA;TERRES  DE L'EBRE, C.F. A;Pla de Santa Maria, el;El Pla de Santa Maria;El Pla de Santa Maria
CAMP DE FUTBOL MPAL. JOSEP HERMS;AVINYO , C.E. A;Avinyó;Avinyó;Avinyó
CAMP DE FUTBOL CEM JULIO MÉNDEZ;FUNDACIO PRIVADA ASSOC. ESP. PRAT  B;Prat de Comte;Prat de Comte;Prat de Comte
No especificado;ALDEANA, U.E. A;Aldea, l';L'Aldea;L'Aldea
CAMP DE FUTBOL CLUB ESCOLA FUTBOL GARROTXA;ESCOLA F. GARROTXA A;Desconocido;Desconocido;Desconocido
CAMP DE FUTBOL MPAL. ANTONI SERRA I PUJOL;BARBERÀ CLUB DE FUTBOL  B;Barberà de la Conca;Barberà de la Conca;Barberà de la Conca
No especificado;ESCOLA FUTBOL BASE GUISSONA A;Guissona;Guissona;Guissona
CAMP DE FUTBOL ZEM DE ROQUETES ANNEX;ROQUETENC, C.D. B;Roquetes;Roquetes;Roquetes
CAMP DE FUTBOL MPAL. ALFONS GONFAUS;AVIA, U.E. B;Avià;Avià;Avià
CAMP DE FUTBOL COL·LEGI BELL-LLOC;BELL LLOC, C.P. A;Bell-lloc d'Urgell;Bell-lloc d'Urgell;Bell-lloc d'Urgell
CAMP DE FUTBOL MPAL. LA VINYASSA;BASE ROSES, C.F. A;Roses;Roses;Roses
CAMP DE FUTBOL CEM LA GUINEUETA;ESCOLA ESPORTIVA GUINEUETA C.F A;Barcelona 135 (la Guineueta);Barcelona;la Guineueta
CAMP DE FUTBOL MPAL. PALASTADIUM LLUÍS MONER;PALAFOLLS, C.D. A;Palafolls;Palafolls;Palafolls
CAMP DE FUTBOL MPAL. NOU DE BANYOLES;BANYOLES, C.E. A;Banyoles;Banyoles;Banyoles
CAMP DE FUTBOL MPAL. VILA-ROJA;FUNDACIO FUTUR GIRONAEST A;Girona;Girona;Girona
CAMP DE FUTBOL MPAL. PALASTADIUM LLUÍS MONER;PALAFOLLS, C.D. B;Palafolls;Palafolls;Palafolls
CAMP DE FUTBOL MPAL. DE GARRIGUELLA;GARRIGUELLA,C.E. A;Garriguella;Garriguella;Garriguella
CAMP DE FUTBOL MPAL. EL GREGAL;LA PUNXA , CLUB DE FUTBOL  A;Desconocido;Desconocido;Desconocido
CAMP DE FUTBOL MPAL. CAN GIBERT;SANTA EUGÈNIA CLUB FUTBOL A;Girona;Girona;Girona
CAMP DE FUTBOL MPAL. DE CABANES;CABANES, U.E. A;Cabanes;Cabanes;Cabanes
CAMP DE FUTBOL MPAL. LES PRESES;LES PRESES, C.F. A;Preses, les;Les Preses;Les Preses
CAMP DE FUTBOL MPAL. DEL PLA DE BARRA;TERRES DE L'EBRE, C.F. B;Pla de Santa Maria, el;El Pla de Santa Maria;El Pla de Santa Maria
CAMP DE FUTBOL MPAL. DE CORNELLÀ DE LLOBREGAT;FUNDACIO UNIO ESPORTIVA CORNELLA B;Cornellà de Llobregat;Cornellà de Llobregat;Cornellà de Llobregat
CAMP DE FUTBOL MPAL. ESPORTIU PITORT;HUMAES ESPORTS, C.F. A;Desconocido;Desconocido;Desconocido
CAMP DE FUTBOL MPAL. TORRE-ROJA;ATHLETIC VILADECANS FUTBOL CLUB A;Torre de Cabdella, la;La Torre de Cabdella;La Torre de Cabdella
CAMP DE FUTBOL MPAL. POBLENOU-AGAPITO FERNÁNDEZ;VILA OLIMPICA CLUB ESP. B;Barcelona 172 (la Vila Olímpica i el Bogatell);Barcelona;la Vila Olímpica i el Bogatell
CAMP DE FUTBOL MPAL. DANI JARQUE CIUTAT COOPERATIVA;CIUDAD COOPERATIVA, C.F. A;Sant Boi de Llobregat 11 (Ciutat Cooperativa);Sant Boi de Llobregat;Ciutat Cooperativa
CAMP DE FUTBOL MPAL. CA N´ORIAC;SABADELL NORD,CF. A;Sabadell 10 (Ca n'Oriac - Torreguitart - Torrent del Capellà);Sabadell;Ca n'Oriac - Torreguitart - Torrent del Capellà
CAMP DE FUTBOL COL·LEGI SAGRAT COR SARRIÀ;COL.LEGI SAGRAT COR SARRIA AMPA A;Sarrià de Ter;Sarrià de Ter;Sarrià de Ter
CAMP DE FUTBOL CLUB JUNIOR, F.C.;JUNIOR,C.F. C;Sant Cugat del Vallès 9 (Can Sant Joan - Sant Mamet - Vullpalleres - Can Barata - Sector Nord - Can Graells);Sant Cugat del Vallès;Can Sant Joan - Sant Mamet - Vullpalleres - Can Barata - Sector Nord - Can Graells
CAMP DE FUTBOL MPAL. SANTA AGNÈS;Pª BLAUGRANA DE LA ROCA DEL VALLÈS A;Roca del Vallès, la;La Roca del Vallès;La Roca del Vallès
CAMP DE FUTBOL COL·LEGI VIARÓ;VIARÓ, C.E. A;Sant Cugat del Vallès 9 (Can Sant Joan - Sant Mamet - Vullpalleres - Can Barata - Sector Nord - Can Graells);Sant Cugat del Vallès;Can Sant Joan - Sant Mamet - Vullpalleres - Can Barata - Sector Nord - Can Graells
CAMP DE FUTBOL COL·LEGI XALOC;BALANDRAU, ASSOCIACIÓ CULTURAL  A;Hospitalet de Llobregat 26 (Santa Eulàlia - Centre Sud - Ciutat de la Justícia), l';Hospitalet de Llobregat;Santa Eulàlia - Centre Sud - Ciutat de la Justícia
CAMP DE FUTBOL MPAL. DE MONTBRIÓ DEL CAMP;MONTBRIO, C.E. A;Montbrió del Camp;Montbrió del Camp;Montbrió del Camp
No especificado;OAR VIC A;Vic;Vic;Vic
CAMP DE FUTBOL MPAL. RAMON ESPASA;ESCOLA COMARCAL F. LES GARRIGUES A;Borges Blanques, les;Les Borges Blanques;Les Borges Blanques
CAMP DE FUTBOL ZEM DE RIPOLL (1);ESCOLA FUTBOL DEL RIPOLLES A.E A;Ripoll;Ripoll;Ripoll
CAMP DE FUTBOL COL·LEGI SALESIANS D´HORTA;SALESIANS BOSCO-HORTA CE. A;Barcelona 124 (Sant Joan d'Horta);Barcelona;Sant Joan d'Horta
CAMP DE FUTBOL ESCOLA PIA DE SARRIÀ;ESCOLA PIA SARRIÀ S.E. B;Sarrià de Ter;Sarrià de Ter;Sarrià de Ter
No especificado;MANLLEU, A.E.C. A;Manlleu;Manlleu;Manlleu
CAMP DE FUTBOL MPAL. DE CIRERA;CIRERA, U.D. A;Mataró 9 (Cirera);Mataró;Cirera
CAMP DE FUTBOL MPAL. XEVI RAMON;FUNDACIO  UNIÓ ESPORTIVA VILASSAR  B;Sant Ramon;Sant Ramon;Sant Ramon
CAMP DE FUTBOL MPAL. DE LES MALLORQUINES;SILS, C.F. A;Sils;Sils;Sils
CAMP DE FUTBOL MPAL. DISTRICTE 5È;MAS IGLESIAS DE REUS CE. A;Mas de Barberans;Mas de Barberans;Mas de Barberans
CAMP DE FUTBOL MPAL. DE SANT PAU D´ORDAL;SUBIRATS UNIO ESPORTIVA A;Sant Pau de Segúries;Sant Pau de Segúries;Sant Pau de Segúries
CAMP DE FUTBOL MPAL. DE SOLSONA;FUTBOL BASE SOLSONA ARRELS A;Solsona;Solsona;Solsona
CAMP DE FUTBOL ZEM DE TORROELLA DE MONTGRÍ;ESCOLA F. BAIX TER, C.E A;Baix Pallars;Baix Pallars;Baix Pallars
CAMP DE FUTBOL ZEM EL DESPUJOL-VINYOLES;LA GLEVA, C.F. A;Desconocido;Desconocido;Desconocido
CAMP DE FUTBOL MPAL. D'ALÀS I CERC;ENFAF CONSTRUCCIONS MODERNES ANDORRA A;Alàs i Cerc;Alàs i Cerc;Alàs i Cerc
CAMP DE FUTBOL MPAL. DE PUIGDÀLBER;PUIGDÀLBER, F.C. A;Puigdàlber;Puigdàlber;Puigdàlber
CAMP DE FUTBOL ZEM LES ESPLANES;LLANÇA, C.E. A;Llançà;Llançà;Llançà
CAMP DE FUTBOL MPAL. DE TOSSA DE MAR;TOSSA UNIO ESPORTIVA B;Tossa de Mar;Tossa de Mar;Tossa de Mar
CAMP DE FUTBOL UB ESPORTS;DIAGONAL CLUB ESP.;Barcelona 73 (Pedralbes, la Mercè i el Palau Reial);Barcelona;Pedralbes, la Mercè i el Palau Reial
CAMP DE FUTBOL INEF BARCELONA;Pª BARC. ANGUERA A;Barcelona;Barcelona;Barcelona
No especificado;MASNOU, C.D. A;Masnou, el;El Masnou;El Masnou
CAMP DE FUTBOL MPAL. OLÍMPIA;SABADELL F.C., C.E. B;Sabadell;Sabadell;Sabadell
CAMP DE FUTBOL MPAL. ELS PINS;BASE OLERDOLA, C.E. A;Olèrdola;Olèrdola;Olèrdola
No especificado;REMEI, F.C. A;Desconocido;Desconocido;Desconocido
CAMP DE FUTBOL MPAL. LA DEVESA;NAVÀS,C.E. A;Navàs;Navàs;Navàs
CAMP DE FUTBOL CEM CIUTAT MERIDIANA-TORRENT BOSC;UNIFICACIO CIUTAT MERIDIANA,CE A;Barcelona 146 (Torre Baró, Ciutat Meridiana i Vallbona);Barcelona;Torre Baró, Ciutat Meridiana i Vallbona
CAMP DE FUTBOL MPAL. DE SANT PERE DE TORELLÓ;SANTPERENCA U.E. A;Sant Pere de Ribes;Sant Pere de Ribes;Sant Pere de Ribes
CAMP DE FUTBOL MPAL. DE SANTA EULÀLIA DE RIUPRIMER;VIC RIUPRIMER REFO FUTBOL CLUB A;Santa Eulàlia de Riuprimer;Santa Eulàlia de Riuprimer;Santa Eulàlia de Riuprimer
No especificado;ESPLUGUENC, C.F.A. B;Esplugues de Llobregat;Esplugues de Llobregat;Esplugues de Llobregat
CAMP DE FUTBOL COL·LEGI TURÓ;AURA-TURO, C.E.  A;Desconocido;Desconocido;Desconocido
CAMP DE FUTBOL MPAL. DE LA CANYA;LA CANYA, A.E. A;la Canya;la Canya;la Canya
No especificado;PENYA ESPORTIVA MONTAGUT A;Montagut i Oix;Montagut i Oix;Montagut i Oix
CAMP DE FUTBOL MPAL. DE SANT ESTEVE D´EN BAS;VALL D'EN BAS CLUB FUTBOL A;Sant Esteve de la Sarga;Sant Esteve de la Sarga;Sant Esteve de la Sarga
CAMP DE FUTBOL MPAL. CAN BATLLE;CLUB FUTBOL DOSRIUS 2010 A;Dosrius;Dosrius;Dosrius
CAMP DE FUTBOL MPAL. DE SANT ESTEVE D´EN BAS;VALL D'EN BAS CLUB FUTBOL B;Sant Esteve de la Sarga;Sant Esteve de la Sarga;Sant Esteve de la Sarga
No especificado;VILASSAR DALT-GIATSU, C.E. B;Vilassar de Dalt;Vilassar de Dalt;Vilassar de Dalt
CAMP DE FUTBOL MPAL. DE SANT JULIÀ DE LLOR I BONMATÍ;BONMATI, C.F. A;Sant Julià de Cerdanyola;Sant Julià de Cerdanyola;Sant Julià de Cerdanyola
No especificado;FUNDACIO  F. VILANOVA I LA GELTRÚ A;Vilanova d'Escornalbou;Vilanova d'Escornalbou;Vilanova d'Escornalbou
CAMP DE FUTBOL MPAL. DE LA RIERA DE GAIÀ;LA RIERA, C.F. A;Gaià;Gaià;Gaià
CAMP DE FUTBOL MPAL. DE BÀSCARA;BASCARA, F.C. A;Bàscara;Bàscara;Bàscara
CAMP DE FUTBOL MPAL. DE CREIXELL;UNIÓ ESPORTIVA CREIXELL A;Creixell;Creixell;Creixell
CAMP DE FUTBOL MPAL. DE LA PALMA DE CERVELLÓ;LA PALMA CERVELLO, U.E. A;Cervelló;Cervelló;Cervelló
CAMP DE FUTBOL MPAL. CAN FATJÓ;OLIMPIC CAN FATJO, C.E. A;Cornellà de Llobregat 2 (Fontsanta - Fatjó);Cornellà de Llobregat;Fontsanta - Fatjó
CAMP DE FUTBOL MPAL. DE SANT HIPÒLIT DE VOLTREGÀ;VOLTREGA,C.F. A;Sant Hipòlit de Voltregà;Sant Hipòlit de Voltregà;Sant Hipòlit de Voltregà
CAMP DE FUTBOL MPAL. JOSEP FERRÉ FARRIOL;LA GRANADA, C.F. A;Granada, la;La Granada;La Granada
CAMP DE FUTBOL MPAL. DE SANT CUGAT SESGARRIGUES;SANT CUGAT SESGARRIGUES CLUB ESP. A;Sant Cugat del Vallès;Sant Cugat del Vallès;Sant Cugat del Vallès
CAMP DE FUTBOL COMPLEX ESPORTIU ANTONI PALAU;MIG SEGRIA, C.E. A;Palau d'Anglesola, el;El Palau d'Anglesola;El Palau d'Anglesola
CAMP DE FUTBOL MPAL. L'ALZINA;SEVA, U.E. A;Seva;Seva;Seva
CAMP DE FUTBOL ZEM RICARD GINEBREDA;INCRESA ATLETICO CLUB FUTBOL;Breda;Breda;Breda
CAMP DE FUTBOL CEM DE LA SÉNIA;LA SENIA, C.F. A;Sénia, la;La Sénia;La Sénia
CAMP DE FUTBOL MPAL. DE SANTA COLOMA DE QUERALT;SANTA COLOMA QUERALT, U.E. A;Santa Coloma de Cervelló;Santa Coloma de Cervelló;Santa Coloma de Cervelló
No especificado;BASE VILANOVA 2015, CLUB NOU FUTBOL  A;Nou de Berguedà, la;La Nou de Berguedà;La Nou de Berguedà
CAMP DE FUTBOL MPAL. RAMON ESPASA;ESCOLA COMARCAL F. LES GARRIGUES B;Borges Blanques, les;Les Borges Blanques;Les Borges Blanques
CAMP DE FUTBOL MPAL. D´ARTÉS;ARTES, F.C. A;Artés;Artés;Artés
CAMP DE FUTBOL MPAL. DE VERGES;BASE L'EMPORDANET,CF. A;Verges;Verges;Verges
CAMP DE FUTBOL MPAL. DE SANT PERE I SANT PAU;ESCUELA F.SAN PEDRO SAN PABLO A;Sant Pau de Segúries;Sant Pau de Segúries;Sant Pau de Segúries
CAMP DE FUTBOL MPAL. GAUDENCI SELLÉS ROMÀ;QUART, U.E. B;Quart;Quart;Quart
CAMP DE FUTBOL MPAL. LA FORJA CAMP-REDÓ;CAMPREDO, U.D. A;Tortosa;Tortosa;Tortosa
CAMP DE FUTBOL MPAL. DE MAGRANERS;LLEIDA PROMESES, C.F.  A;Lleida;Lleida;Lleida
CAMP DE FUTBOL MPAL. GERMANS GONZALVO (1);MOLLET U.E.,CF. B;Mollet de Peralada;Mollet de Peralada;Mollet de Peralada
No especificado;BISBALENC, AT. A;Bisbal d'Empordà, la;La Bisbal d'Empordà;La Bisbal d'Empordà
CAMP DE FUTBOL MPAL. LA FLORESTA;LA FLORESTA, C.D. A;Floresta, la;La Floresta;La Floresta
CAMP DE FUTBOL MPAL. CEBRIÀ CALVET;CASTELLTERÇOL, C.F. A;Castell d'Aro, Platja d'Aro i s'Agaró;Castell d'Aro, Platja d'Aro i s'Agaró;Castell d'Aro, Platja d'Aro i s'Agaró
CAMP DE FUTBOL MPAL. DE MAGRANERS;FIF LLEIDA, C.E. A;Lleida;Lleida;Lleida
CAMP DE FUTBOL MPAL. DE CAMBRILS (1);CAMBRILS UNIÓ C.E. A;Cambrils;Cambrils;Cambrils
CAMP DE FUTBOL MPAL. DE FOLGUEROLES;FOLGUEROLES,C.F. A;Folgueroles;Folgueroles;Folgueroles
CAMP DE FUTBOL CLUB PUIGCERDÀ C.E.;PUIGCERDA, C.F. A;Puigcerdà;Puigcerdà;Puigcerdà
CAMP DE FUTBOL MPAL. DE PREMIÀ DE DALT;PREMIA DALT, C.D. A;Premià de Dalt;Premià de Dalt;Premià de Dalt
CAMP DE FUTBOL MPAL. DE SANTA EULÀLIA DE RONÇANA;SANTA EULALIA RONÇANA, C.F. A;Santa Eulàlia de Riuprimer;Santa Eulàlia de Riuprimer;Santa Eulàlia de Riuprimer
CAMP DE FUTBOL MPAL. AITANA BONMATÍ CONCA;RIBES, C.D. A;Conca de Dalt;Conca de Dalt;Conca de Dalt
No especificado;CARDEDEU, F.C. A;Cardedeu;Cardedeu;Cardedeu
CAMP DE FUTBOL MPAL. SANTA EULÀLIA;FUNDACIÓ ACADEMIA F. L'HOSPITALET  B;Hospitalet de Llobregat, l';L'Hospitalet de Llobregat;L'Hospitalet de Llobregat
CAMP DE FUTBOL MPAL. LA CREU;SABADELLENCA, UE. A;Sabadell;Sabadell;Sabadell
No especificado;RAMON SICART, A.E. A;Sant Ramon;Sant Ramon;Sant Ramon
CAMP DE FUTBOL ZEM CAN TITÓ;VILANOVA CAMI C.F. B;Vilanova d'Escornalbou;Vilanova d'Escornalbou;Vilanova d'Escornalbou
CAMP DE FUTBOL MPAL. CENTRE PACO NAVARRO (2);UNIFICACIÓN C.F.SANTA PERPETUA A;Santa Perpètua de Mogoda;Santa Perpètua de Mogoda;Santa Perpètua de Mogoda
CAMP DE FUTBOL IEM DEL VILAR;ESCOLA VALLS FUTBOL CLUB B;Valls;Valls;Valls
CAMP DE FUTBOL MPAL. DE MOLLERUSSA;MOLLERUSSA C.F.J. A;Mollerussa;Mollerussa;Mollerussa
CAMP DE FUTBOL MPAL. DE FONTAJAU;SANT PONÇ, AT. B;Girona;Girona;Girona
CAMP DE FUTBOL MPAL. RAMON FARRÚS;CLUB ESPORTIU ATLETIC LLEIDA  A;Lleida;Lleida;Lleida
CAMP DE FUTBOL MPAL. DE RODA DE TER (1);RODA DE TER, C.E. A;Roda de Berà;Roda de Berà;Roda de Berà
CAMP DE FUTBOL MPAL. EL XOPERAL;ESCOLA DE FUTBOL BAIX SEGRIA A;Baix Pallars;Baix Pallars;Baix Pallars
CAMP DE FUTBOL MPAL. DE SANTA PAU;SANTA PAU, P. A;Santa Pau;Santa Pau;Santa Pau
CAMP DE FUTBOL MPAL. DE SANT MARTI DE TOUS;TOUS, U.E. A;Sant Martí d'Albars;Sant Martí d'Albars;Sant Martí d'Albars
CAMP DE FUTBOL MPAL. CAN SORTS;SENTMENAT, C.D. A;Sentmenat;Sentmenat;Sentmenat
CAMP DE FUTBOL MPAL. DE SANT QUIRZE BESORA;SANT QUIRZE BESORA, U.D. A;Sant Quirze de Besora;Sant Quirze de Besora;Sant Quirze de Besora
CAMP DE FUTBOL MPAL. DE SANT PAU D´ORDAL;SUBIRATS UNIO ESPORTIVA B;Sant Pau de Segúries;Sant Pau de Segúries;Sant Pau de Segúries
CAMP DE FUTBOL ZEM LES FONTS-ARTUR TRAVESA;LES FONTS , U.E. A;Terrassa 10 (Can Parellada - les Fonts);Terrassa;Can Parellada - les Fonts
CAMP DE FUTBOL MPAL. PLA DE BAIX;FUNDACIO UNIÓ ESPORTIVA OLOT A;Baix Pallars;Baix Pallars;Baix Pallars
CAMP DE FUTBOL MPAL. DE MONT-RAS;MONT-RAS,C.E. B;Mont-ras;Mont-ras;Mont-ras
No especificado;ESCOLA F. CERVERA,C B;Cervera;Cervera;Cervera
No especificado;L'AMETLLA DE MAR, S.C.E.R. A;Ametlla de Mar, l';L'Ametlla de Mar;L'Ametlla de Mar
CAMP DE FUTBOL MPAL. LES ROQUETES;Pª JOVE DE LES ROQUETES A;Sant Pere de Ribes;Sant Pere de Ribes;Sant Pere de Ribes
CAMP DE FUTBOL MPAL. D´ALPICAT;ALPICAT, CLUB DE FUTBOL U.E. A;Alpicat;Alpicat;Alpicat
No especificado;ESCOLA F. CERVERA,C A;Cervera;Cervera;Cervera
CAMP DE FUTBOL MPAL. CAN BORRELL;RACING BLANENC F.C. B;Blanes;Blanes;Blanes
CAMP DE FUTBOL MPAL. JOAN CAPDEVILA MÉNDEZ;ESCOLA F.TARREGA, C.E.;Sant Joan de les Abadesses;Sant Joan de les Abadesses;Sant Joan de les Abadesses
CAMP DE FUTBOL CE GEIEG PALAU SACOSTA;GEiEG A;Girona;Girona;Girona
CAMP DE FUTBOL ZEM DE VIDRERES;SPORTING-VIDRERENCA, C.E.F A;Vidreres;Vidreres;Vidreres
CAMP DE FUTBOL MPAL. DE SANTA OLIVA;SANTA OLIVA, CLUB FUTBOL ATLETIC A;Santa Oliva;Santa Oliva;Santa Oliva
CAMP DE FUTBOL MPAL. CARMEL;CARMELO, C.D. B;Barcelona 118 (el Baix Carmel);Barcelona;el Baix Carmel
CAMP DE FUTBOL COL·LEGI SANT ANTONI DE PÀDUA-SALESIANS;ESCOLA DE FUTBOL SALESIANS-MATARO B;Mataró;Mataró;Mataró
CAMP DE FUTBOL MPAL. DE VILABLAREIX;VILABLAREIX FUTBOL CLUB A;Vilablareix;Vilablareix;Vilablareix
No especificado;ATLÈTIC CLUB BANYOLES  A;Banyoles;Banyoles;Banyoles
CAMP DE FUTBOL COL·LEGI SANT ANTONI DE PÀDUA-SALESIANS;ESCOLA DE FUTBOL SALESIANS-MATARO A;Mataró;Mataró;Mataró
CAMP DE FUTBOL MPAL. DE L´ESCALA;L'ESCALA, F.C. A;Escala, l';L'Escala;L'Escala
CAMP DE FUTBOL MPAL. GERMANS SÀBAT;ESCOLA F. GIRONES-SABAT A;Girona;Girona;Girona
CAMP DE FUTBOL MPAL. DE MALGRAT DE MAR;MALGRAT , C.E. A;Malgrat de Mar;Malgrat de Mar;Malgrat de Mar
CAMP DE FUTBOL MPAL. DE L´HOSPITALET LLOBREGAT;L'HOSPITALET, CENTRE ESPORTS C;Hospitalet de Llobregat, l';L'Hospitalet de Llobregat;L'Hospitalet de Llobregat
CAMP DE FUTBOL MPAL. DE PERALADA Annex;PERALADA, C.F. A;Peralada;Peralada;Peralada
CAMP DE FUTBOL MPAL. CAMP DE LA SANTA CREU;JESUS CATALONIA, C.F. A;Desconocido;Desconocido;Desconocido
CAMP DE FUTBOL MPAL. DE SANT GREGORI;SANT GREGORI, A.E. A;Sant Gregori;Sant Gregori;Sant Gregori
No especificado;FIGUERES, U.E. A;Figueres;Figueres;Figueres
CAMP DE FUTBOL MPAL. DE CALONGE;ESCOLA M.F.CALONGE-SANTANTONI,C B;Calonge de Segarra;Calonge de Segarra;Calonge de Segarra
CAMP DE FUTBOL MPAL. TON TUNEU;SANTA EUGENIA, J.E. A;Santa Eugènia de Berga;Santa Eugènia de Berga;Santa Eugènia de Berga
CAMP DE FUTBOL MPAL. DE TOSSA DE MAR;TOSSA UNIO ESPORTIVA A;Tossa de Mar;Tossa de Mar;Tossa de Mar
CAMP DE FUTBOL UB ESPORTS;DIAGONAL CLUB ESP. B;Barcelona 73 (Pedralbes, la Mercè i el Palau Reial);Barcelona;Pedralbes, la Mercè i el Palau Reial
CAMP DE FUTBOL MPAL. DE L´HOSPITALET LLOBREGAT;L'HOSPITALET, CENTRE ESPORTS A;Hospitalet de Llobregat, l';L'Hospitalet de Llobregat;L'Hospitalet de Llobregat
CAMP DE FUTBOL MPAL. DE GIRONELLA;GIRONELLA, C.F. AT. A;Gironella;Gironella;Gironella
CAMP DE FUTBOL MPAL. DE MONTMELÓ;MONTMELO UNIO ESPORTIVA,CF A;Montmeló;Montmeló;Montmeló
CAMP DE FUTBOL MPAL. SERGIO BUSQUETS BURGOS;BADIA DEL VALLES, C.D. A;Badia del Vallès;Badia del Vallès;Badia del Vallès
CAMP DE FUTBOL MPAL. DE L´ESPLUGA FRANCOLI;L'ESPLUGA DE FRANCOLI, U.E. A;Espluga Calba, l';L'Espluga Calba;L'Espluga Calba
CAMP DE FUTBOL MPAL. DE SANT JUST DESVERN;FUNDACIO ATLETIC SANT JUST  A;Sant Just Desvern;Sant Just Desvern;Sant Just Desvern
CAMP DE FUTBOL MPAL. LA ROUREDA;TARADELL, U.D. A;Sabadell 12 (la Roureda - Sant Julià);Sabadell;la Roureda - Sant Julià
No especificado;CASTELLBISBAL, U.E. A;Bisbal d'Empordà, la;La Bisbal d'Empordà;La Bisbal d'Empordà
CAMP DE FUTBOL MPAL. DE CALAFELL;ESCOLA FUTBOL BASE CALAFELL CF C;Calaf;Calaf;Calaf
CAMP DE FUTBOL MPAL. VALL D´HEBRON;ESCOLA DE FUTBOL PREMIER BARCELONA B;Barcelona;Barcelona;Barcelona
CAMP DE FUTBOL MPAL. DE CALAFELL;ESCOLA FUTBOL BASE CALAFELL CF B;Calaf;Calaf;Calaf
CAMP DE FUTBOL ZEM DE TONA (1);TONA, U.E. A;Tona;Tona;Tona
No especificado;VISTA ALEGRE,U.D. A;Castelldefels 2 (Vista Alegre - el Castell);Castelldefels;Vista Alegre - el Castell
CAMP DE FUTBOL COL·LEGI LA SALLE BONANOVA;LA SALLE BONANOVA , ASSOC.ESP. A;Barcelona 79 (la Bonanova, la Torre Vilana i l'Avinguda del Tibidabo);Barcelona;la Bonanova, la Torre Vilana i l'Avinguda del Tibidabo
CAMP DE FUTBOL COL·LEGI XALOC;LES CORTS DE BARCELONA CLUB ESP. C;Hospitalet de Llobregat 26 (Santa Eulàlia - Centre Sud - Ciutat de la Justícia), l';Hospitalet de Llobregat;Santa Eulàlia - Centre Sud - Ciutat de la Justícia
No especificado;FUNDACIÓ UNIÓ ESPORTIVA VIC A;Vic;Vic;Vic
CAMP DE FUTBOL MPAL. DANI JARQUE CIUTAT COOPERATIVA;CIUDAD COOPERATIVA, C.F. B;Sant Boi de Llobregat 11 (Ciutat Cooperativa);Sant Boi de Llobregat;Ciutat Cooperativa
CAMP DE FUTBOL MPAL. INDUSTRIAL RIPOLLET;ESCUELA F.BASE RIPOLLET,AD. A;Ripollet 1 (Centre - Maragall);Ripollet;Centre - Maragall
CAMP DE FUTBOL MPAL. CAN BOADA;ESCOLA FUTBOL CAN BOADA A;Terrassa 17 (Can Boada);Terrassa;Can Boada
CAMP DE FUTBOL MPAL. DE POLINYÀ;POLINYA, AT. A;Polinyà;Polinyà;Polinyà
CAMP DE FUTBOL MPAL. MARIANAO;MARIANAO POBLET UD A;Santa Maria d'Oló;Santa Maria d'Oló;Santa Maria d'Oló
CAMP DE FUTBOL IEM CAN SALVI;SANT ANDREU DE LA BARCA AGRUP. B;Sant Andreu de la Barca;Sant Andreu de la Barca;Sant Andreu de la Barca
CAMP DE FUTBOL MPAL. TURÓ DE LA PEIRA;TURO PEIRA, C.C.D. A;Barcelona 133 (el Turó de la Peira i Can Peguera);Barcelona;el Turó de la Peira i Can Peguera
CAMP DE FUTBOL ZEM RAÜL PALOMA;ARGENTONA, C.F. A;Argentona;Argentona;Argentona
CAMP DE FUTBOL SCHOOL EUROPA INTERNATIONAL;EUROPA SPORTS CENTER, C.E. A;Desconocido;Desconocido;Desconocido
CAMP DE FUTBOL ZEM RAÜL PALOMA;ARGENTONA, C.F. B;Argentona;Argentona;Argentona
CAMP DE FUTBOL MPAL. SANT ILDEFONS;SANT ILDEFONS, U.E. B;Cornellà de Llobregat 6 (Sant Ildefons Oest);Cornellà de Llobregat;Sant Ildefons Oest
No especificado;RODA DE BARA AT. A;Roda de Berà;Roda de Berà;Roda de Berà
CAMP DE FUTBOL MPAL. POBLENOU-AGAPITO FERNÁNDEZ;VILA OLÍMPICA CLUB ESP. B;Barcelona 172 (la Vila Olímpica i el Bogatell);Barcelona;la Vila Olímpica i el Bogatell
CAMP DE FUTBOL MPAL. JOAN BAPTISTA MILÀ;SANTBOIA, F.C. A;Milà, el;El Milà;El Milà
CAMP DE FUTBOL MPAL. CAN BUXERES;CAN BUXERES, F.C. B;Hospitalet de Llobregat 16 (Collblanc - Cementiri - Carretera), l';Hospitalet de Llobregat;Collblanc - Cementiri - Carretera
CAMP DE FUTBOL MPAL. GAUDENCI SELLÉS ROMÀ;QUART, U.E. C;Quart;Quart;Quart
CAMP DE FUTBOL ZEM LES FONTETES;CERDANYOLA VALLES, F.C. C;Cerdanyola del Vallès;Cerdanyola del Vallès;Cerdanyola del Vallès
CAMP DE FUTBOL CE DE L´ENERGIA;MERCAT NOU MAGORIA, S.E. CLUB A;Barcelona 62 (Santa Maria de Sants);Barcelona;Santa Maria de Sants
CAMP DE FUTBOL CEM LA BASCULA EMILIO FERNANDEZ F11;SANTS, U.E. C;Barcelona 51 (la Mare de Déu de Port, Can Clos i el Polvorí);Barcelona;la Mare de Déu de Port, Can Clos i el Polvorí
CAMP DE FUTBOL MPAL. LA FERRERIA;BASE MONTCADA CLUB FUTBOL B;Montcada i Reixac;Montcada i Reixac;Montcada i Reixac
CAMP DE FUTBOL CEM ESTRUCH;TERLENKA BARCELONISTA C. F. C;Sant Celoni;Sant Celoni;Sant Celoni
CAMP DE FUTBOL CEM CAN ZAM (1);ARRABAL-CALAF GRAMANET C.D. A;Santa Coloma de Gramenet;Santa Coloma de Gramenet;Santa Coloma de Gramenet
CAMP DE FUTBOL MPAL. LUIS GONZÁLEZ BAEZA;LA FLORIDA C.F. A;Hospitalet de Llobregat 10 (la Florida - Plaça de la Llibertat), l';Hospitalet de Llobregat;la Florida - Plaça de la Llibertat
CAMP DE FUTBOL MPAL. DEL CENTENARI;ESCOLA FUTBOL MATARO C.E B;Mataró;Mataró;Mataró
CAMP DE FUTBOL MPAL. DE BADALONA SUD;YOUNG TALENT BADALONA SUD ASSOC.ESP. A;Badalona;Badalona;Badalona
CAMP DE FUTBOL MPAL. POMAR;POMAR, C.D. A;Badalona 29 (Canyet - Mas Ram - Pomar de Dalt - Pomar);Badalona;Canyet - Mas Ram - Pomar de Dalt - Pomar
CAMP DE FUTBOL MPAL. ANTONI SERRA I PUJOL;BARBERÀ CLUB DE FUTBOL  A;Barberà de la Conca;Barberà de la Conca;Barberà de la Conca
CAMP DE FUTBOL MPAL. CENTRE PACO NAVARRO (2);UNIFICACIÓN C.F.SANTA PERPETUA C;Santa Perpètua de Mogoda;Santa Perpètua de Mogoda;Santa Perpètua de Mogoda
CAMP DE FUTBOL MPAL. DE MIRA-SOL;MIRASOL-BACO UNIÓN, C.F. B;Sant Cugat del Vallès 6 (Mirasol - Mas Gener - Can Cabassa - Can Fontanals - les Casetes de Can Ravella);Sant Cugat del Vallès;Mirasol - Mas Gener - Can Cabassa - Can Fontanals - les Casetes de Can Ravella
CAMP DE FUTBOL MPAL. L'ÀLIGA;EUROPA, C.E. B;Barcelona 103 (Joanic);Barcelona;Joanic
CAMP DE FUTBOL MPAL. DE VILANOVA DEL VALLÈS;VILANOVA VALLES,C.F.;Vilanova d'Escornalbou;Vilanova d'Escornalbou;Vilanova d'Escornalbou
CAMP DE FUTBOL MPAL. CAN MAGÍ;Pª BLAUGRANA SANT CUGAT B;Sant Cugat del Vallès;Sant Cugat del Vallès;Sant Cugat del Vallès
CAMP DE FUTBOL MPAL. DEL 25 DE SETEMBRE;JUVENTUD 25 DE SEPTIEMBRE B;Rubí 7 (Districte 5 Nord-est);Rubí;Districte 5 Nord-est
CAMP DE FUTBOL MPAL. DE L´ESCALA;L'ESCALA, F.C. B;Escala, l';L'Escala;L'Escala
CAMP DE FUTBOL MPAL. TEIXONERA;ESCOLA DE FUTBOL STOITCHKOV-RACING SARRIA  B;Sarrià de Ter;Sarrià de Ter;Sarrià de Ter
CAMP DE FUTBOL INEF BARCELONA;Pª BARC. ANGUERA C;Barcelona;Barcelona;Barcelona
CAMP DE FUTBOL MPAL. VALL D´HEBRON;ESCOLA DE FUTBOL PREMIER BARCELONA A;Barcelona;Barcelona;Barcelona
CAMP DE FUTBOL MPAL. DE SANTA CRISTINA D´ARO;CRISTINENC C.E A;Santa Cristina d'Aro;Santa Cristina d'Aro;Santa Cristina d'Aro
CAMP DE FUTBOL MPAL. DE BEGUR;FUNDACIO PRIV. ESP. DE BEGUR A;Begur;Begur;Begur
CAMP DE FUTBOL MPAL. JOSEP PONS I VENTURA;CUBELLES, C.F. B;Cubelles;Cubelles;Cubelles
CAMP DE FUTBOL ZEM JOSEP MASSOT I SAIS ANNEX 1;GLOBAL-PALAMOS C.F. B;Palamós;Palamós;Palamós
CAMP DE FUTBOL MPAL. JOAN BUSÓ;FORNELLS, UE. B;Fornells de la Selva;Fornells de la Selva;Fornells de la Selva
CAMP DE FUTBOL MPAL. LA SATÀLIA;APA POBLE SEC, CE. D;Barcelona 48 (Santa Madrona, la Satàlia i Montjuïc);Barcelona;Santa Madrona, la Satàlia i Montjuïc
CAMP DE FUTBOL MPAL. DE PREMIÀ DE DALT;PREMIA DALT, C.D. B;Premià de Dalt;Premià de Dalt;Premià de Dalt
CAMP DE FUTBOL COL·LEGI BELL-LLOC;BELL LLOC, C.P. B;Bell-lloc d'Urgell;Bell-lloc d'Urgell;Bell-lloc d'Urgell
No especificado;MANLLEU, A.E.C. B;Manlleu;Manlleu;Manlleu
CAMP DE FUTBOL CLUB CENTRE ESPORTIU VEDRUNA;UNIÓ GIRONA A.C.E. A;Girona;Girona;Girona
CAMP DE FUTBOL MPAL. EL GREGAL;PALAFRUGELL, F.C. A;Palafrugell;Palafrugell;Palafrugell
CAMP DE FUTBOL MPAL. EL MOLÍ (LLORET);JUVENTUS-LLORET FUTBOL CLUB A;Lloret de Mar;Lloret de Mar;Lloret de Mar
No especificado;AMPOSTA, C.F. A;Amposta;Amposta;Amposta
CAMP DE FUTBOL MPAL. DE SOLSONA;FUTBOL BASE SOLSONA ARRELS B;Solsona;Solsona;Solsona
CAMP DE FUTBOL CEM DE SANT SALVADOR;SAN SALVADOR, U.D. A;Sant Salvador de Guardiola;Sant Salvador de Guardiola;Sant Salvador de Guardiola
CAMP DE FUTBOL ZEM CAN JOFRESA;UNIO F. BASE JABAC I TERRASSA A;Terrassa 9 (Can Jofresa - Can Palet II - Guadalhorce - Xúquer);Terrassa;Can Jofresa - Can Palet II - Guadalhorce - Xúquer
CAMP DE FUTBOL MPAL. DE PERALADA Annex;PERALADA, C.F. B;Peralada;Peralada;Peralada
CAMP DE FUTBOL MPAL. VILARTAGUES;SANT FELIU DE GUIXOLS C.F. A;Sant Feliu de Buixalleu;Sant Feliu de Buixalleu;Sant Feliu de Buixalleu
CAMP DE FUTBOL MPAL. JOAN NICOLAU;VILAMAJOR, C.F. A;Sant Joan de les Abadesses;Sant Joan de les Abadesses;Sant Joan de les Abadesses
CAMP DE FUTBOL MPAL. DE CALONGE;ESCOLA M.F.CALONGE-SANTANTONI,C A;Calonge de Segarra;Calonge de Segarra;Calonge de Segarra
CAMP DE FUTBOL CEM LES CREMADES;CALDES MONTBUI, C.F. A;Caldes d'Estrac;Caldes d'Estrac;Caldes d'Estrac
CAMP DE FUTBOL MPAL. L'ARENAL;BASE L'HOSPITALET DE L'INFANT C.E. A;Hospitalet de Llobregat, l';L'Hospitalet de Llobregat;L'Hospitalet de Llobregat
CAMP DE FUTBOL MPAL. BOSC TOSCA ANNEX;ESCOLA F. BOSC DE TOSCA, C B;les Preses;les Preses;les Preses
CAMP DE FUTBOL MPAL. DE TORELLÓ;TORELLO, C.F. A;Torelló;Torelló;Torelló
CAMP DE FUTBOL COL·LEGI SANT IGNASI;SANT IGNASI C.E. C;Barcelona 79 (la Bonanova, la Torre Vilana i l'Avinguda del Tibidabo);Barcelona;la Bonanova, la Torre Vilana i l'Avinguda del Tibidabo
No especificado;ARENYS DE MAR, C.F. A;Arenys de Mar;Arenys de Mar;Arenys de Mar
CAMP DE FUTBOL MPAL. CAN PUIGGENER;ARISTOI FOOTBALL ACADEMY A;Desconocido;Desconocido;Desconocido
CAMP DE FUTBOL MPAL. SANT GENÍS;Pª BARC. VILLAVERDE-PENITENTS B;Barcelona 120 (Sant Genís dels Agudells);Barcelona;Sant Genís dels Agudells
CAMP DE FUTBOL MPAL. DEL CAMI DEL MIG;CERDANYOLA MATARO ASSOC.ESP.LL B;Cerdanyola del Vallès;Cerdanyola del Vallès;Cerdanyola del Vallès
No especificado;MAS MASCORT DE PALAFRUGELL,F.C. A;Mas de Barberans;Mas de Barberans;Mas de Barberans
No especificado;LLINARS, C.E. A;Llinars del Vallès;Llinars del Vallès;Llinars del Vallès
CAMP DE FUTBOL MPAL. U.E.GURB;GURB, U.E. C;Gurb;Gurb;Gurb
CAMP DE FUTBOL MPAL. DE MARTORELLES;MARTORELLES, C.F. A;Martorell;Martorell;Martorell
CAMP DE FUTBOL MPAL. DE LA LLÀNTIA;LA LLANTIA, A.D A;Mataró 10 (la Llàntia);Mataró;la Llàntia
CAMP DE FUTBOL MPAL. LA GRANJA;TARRAGONA, F.C. A;Granja d'Escarp, la;La Granja d'Escarp;La Granja d'Escarp
CAMP DE FUTBOL MPAL. NOU PINS VENS;BLANCA SUBUR, C.F. C;Nou de Berguedà, la;La Nou de Berguedà;La Nou de Berguedà
CAMP DE FUTBOL CEM LES COMES  2 Camps;MONTSERRAT IGUALADA, U.D. A;Igualada;Igualada;Igualada
CAMP DE FUTBOL ZEM JAUME TUBAU;SANT CUGAT FUTBOL CLUB B;Sant Cugat del Vallès;Sant Cugat del Vallès;Sant Cugat del Vallès
CAMP DE FUTBOL MPAL. VALL-LLOBERA;CALDES MALAVELLA, U.E. B;Caldes d'Estrac;Caldes d'Estrac;Caldes d'Estrac
CAMP DE FUTBOL CEM BON PASTOR;BON PASTOR AGRUPACIO ESPORTIVA A;Barcelona 149 (el Bon Pastor);Barcelona;el Bon Pastor
CAMP DE FUTBOL MPAL. FRANCESC GARRIGA;SANT FELIU DE CODINES, C.F. A;Garriga, la;La Garriga;La Garriga
CAMP DE FUTBOL ZEM DE JUNEDA;ESCOLA DE FUTBOL INTERCOMARCAL A;Juneda;Juneda;Juneda
CAMP DE FUTBOL ZEM D´HOSTALRIC;ARBUCIES,CLUB FUTBOL A;Arbúcies;Arbúcies;Arbúcies
CAMP DE FUTBOL MPAL. LA ROUREDA;TARADELL, U.D. B;Sabadell 12 (la Roureda - Sant Julià);Sabadell;la Roureda - Sant Julià
CAMP DE FUTBOL COL·LEGI PARE MANYANET DE REUS;PARE MANYANET, A.E.;Reus;Reus;Reus
CAMP DE FUTBOL MPAL. DE SANT PERE NORD;SANT PERE NORD , C.F. B;Sant Pere de Ribes;Sant Pere de Ribes;Sant Pere de Ribes
CAMP DE FUTBOL MPAL. FRANCESC SERRACANTA;ASS.ESP.F. BASE PALAU 2024,  A;Palau d'Anglesola, el;El Palau d'Anglesola;El Palau d'Anglesola
CAMP DE FUTBOL MPAL. DE BEGUES;BEGUES, C.F. A;Begues;Begues;Begues
CAMP DE FUTBOL MPAL. LA TORRASSA;ESCOLA COLLBLANC-TORRASSA,C.E A;Hospitalet de Llobregat 15 (Collblanc - Centre - Vallparda), l';Hospitalet de Llobregat;Collblanc - Centre - Vallparda
No especificado;CAN VIDALET, C.F. A;Esplugues de Llobregat 2 (Can Vidalet);Esplugues de Llobregat;Can Vidalet
No especificado;HOSPITALENSE, AT.C. A;Hospitalet de Llobregat 3 (Centre - la Farga), l';Hospitalet de Llobregat;Centre - la Farga
CAMP DE FUTBOL MPAL. 1ER. DE MAIG;VALLES, C.AT. B;Granollers;Granollers;Granollers
CAMP DE FUTBOL MPAL. LUIS GONZÁLEZ BAEZA;ALBIRROJITA DE CATALUNYA ASSOCIACIÓ CLUB SOCIAL  A;Catalunya;Catalunya;Catalunya
CAMP DE FUTBOL ZEM CAN TRIES;CAN TRIAS, U.D. A;Viladecavalls;Viladecavalls;Viladecavalls
CAMP DE FUTBOL MPAL. DE PEDRASANTA;ESCOLA F. TREMP, CE A;Tremp;Tremp;Tremp
CAMP DE FUTBOL MPAL. DE CORNELLÀ DE TERRI;CORNELLA TERRI, A.E. A;Cornellà de Llobregat;Cornellà de Llobregat;Cornellà de Llobregat
CAMP DE FUTBOL MPAL. DE PEDRASANTA;ESCOLA F. TREMP, CE B;Tremp;Tremp;Tremp
CAMP DE FUTBOL ZEM DE SANT JULIÀ DE VILATORTA;SANT JULIA DE VILATORTA, C.F. A;Sant Julià de Cerdanyola;Sant Julià de Cerdanyola;Sant Julià de Cerdanyola
CAMP DE FUTBOL CEM ARISTIDES MAILLOL;VETERANS CATALUNYA,AF A;Catalunya;Catalunya;Catalunya
CAMP DE FUTBOL MPAL. LA FERRERIA;BASE MONTCADA CLUB FUTBOL A;Montcada i Reixac;Montcada i Reixac;Montcada i Reixac
CAMP DE FUTBOL MPAL. REDDIS;SANTES CREUS CLUB ESP. B;Reus;Reus;Reus
CAMP DE FUTBOL MPAL. LA PASTORETA;ESCOLA F. LA PASTORETA, CLUB A;Reus;Reus;Reus
CAMP DE FUTBOL MPAL. TORRE-ROMEU;TIBIDABO TORRE ROMEU, U.D. A;Sabadell 22 (Torre-romeu - Can Roqueta - el Poblenou);Sabadell;Torre-romeu - Can Roqueta - el Poblenou
CAMP DE FUTBOL MPAL. DE MIRALCAMP;MIRALCAMP, CF A;Miralcamp;Miralcamp;Miralcamp
CAMP DE FUTBOL MPAL. DE LES PLANES  (OLESA MONT);OLESA,C.F. A;Olesa de Bonesvalls;Olesa de Bonesvalls;Olesa de Bonesvalls
CAMP DE FUTBOL MPAL. BARÓ DE VIVER;BESÓS BARÓN DE VIVER CLUB FUTBOL B;Barcelona 179 (el Besòs);Barcelona;el Besòs
CAMP DE FUTBOL MPAL. POBLENOU-AGAPITO FERNÁNDEZ;VILA OLÍMPICA CLUB ESP. A;Barcelona 172 (la Vila Olímpica i el Bogatell);Barcelona;la Vila Olímpica i el Bogatell
CAMP DE FUTBOL COL·LEGI LA SALLE TARRAGONA;LA SALLE TARRAGONA ASSOC. FUT. A;Tarragona;Tarragona;Tarragona
CAMP DE FUTBOL MPAL. JOSEP GUARDIOLA;SANTPEDOR, C.F. A;Guardiola de Berguedà;Guardiola de Berguedà;Guardiola de Berguedà
CAMP DE FUTBOL CEM LA FANECADA;ALCANAR 2015 ESCOLA FUTBOL  A;Alcanar;Alcanar;Alcanar
CAMP DE FUTBOL MPAL. JOAN CAPDEVILA MÉNDEZ;ESCOLA F.TARREGA, C.E. A;Sant Joan de les Abadesses;Sant Joan de les Abadesses;Sant Joan de les Abadesses
CAMP DE FUTBOL MPAL. DE GRANOLLERS;GRANOLLERS, E.C. B;Granollers;Granollers;Granollers
CAMP DE FUTBOL MPAL. DE VILOBÍ D´ONYAR;BASE VILOBI 2015 CLUB FUTBOL A;Vilobí d'Onyar;Vilobí d'Onyar;Vilobí d'Onyar
CAMP DE FUTBOL MPAL. DE MONTGAT;FUNDACIÓ ESPORTIVA MONTGAT A;Montgat;Montgat;Montgat
No especificado;SINERA UNITED FUTBOL CLUB ASS. A;Arenys de Mar;Arenys de Mar;Arenys de Mar
CAMP DE FUTBOL MPAL. LA PLANA - CERVELLÓ;Pª BLAUGRANA CERVELLO B;Cervelló;Cervelló;Cervelló
CAMP DE FUTBOL MPAL. ROUREDA;ATLÉTICO ROUREDA, C.F.  A;Sabadell 12 (la Roureda - Sant Julià);Sabadell;la Roureda - Sant Julià
CAMP DE FUTBOL MPAL. JOVENTUT SANT PERE MÀRTIR;JOVENTUT SANT PERE MARTIR A;Sant Martí d'Albars;Sant Martí d'Albars;Sant Martí d'Albars
CAMP DE FUTBOL ZEM DE MELIANTA;FONTCOBERTA, U.E. A;Fontcoberta;Fontcoberta;Fontcoberta
CAMP DE FUTBOL MPAL.  LA MARGINERA;BESALU, C.E. A;Besalú;Besalú;Besalú
CAMP DE FUTBOL MPAL. DE PREMIÀ DE DALT;PREMIA DALT, C.D.  A;Premià de Dalt;Premià de Dalt;Premià de Dalt
CAMP DE FUTBOL MPAL. DE PUIGVERD DE LLEIDA;PUIGVERTENC, C.F. A;Lleida;Lleida;Lleida
CAMP DE FUTBOL MPAL. DE CAMPDEVÀNOL;CAMPDEVANOL, U.E. A;Campdevànol;Campdevànol;Campdevànol
CAMP DE FUTBOL MPAL. DE SANT PRIVAT D´EN BAS;SANT PRIVAT D'EN BAS, F.C A;Desconocido;Desconocido;Desconocido
CAMP DE FUTBOL MPAL. DE VILADECANS;VILADECANS U.D. B;Viladecans;Viladecans;Viladecans
CAMP DE FUTBOL MPAL. EL GORNAL;SPORTVENFI, ASSOC. ESP.  A;Hospitalet de Llobregat 28 (el Gornal), l';Hospitalet de Llobregat;el Gornal
No especificado;SURIA, C.E. A;Súria;Súria;Súria
CAMP DE FUTBOL MPAL. DE CASSERRES;CASSERRES, C.F. A;Casserres;Casserres;Casserres
No especificado;OLIMPIC MORA D'EBRE, C.E. A;Móra d'Ebre;Móra d'Ebre;Móra d'Ebre
CAMP DE FUTBOL MPAL. DE GANDESA;GANDESA, C.F. A;Gandesa;Gandesa;Gandesa
No especificado;SAN MAURO, U.D. B;Santa Margarida de Montbui;Santa Margarida de Montbui;Santa Margarida de Montbui
CAMP DE FUTBOL MPAL. CAN MAGÍ;Pª BLAUGRANA SANT CUGAT A;Sant Cugat del Vallès;Sant Cugat del Vallès;Sant Cugat del Vallès
CAMP DE FUTBOL MPAL. TURÓ DE LA PEIRA;TURO PEIRA, C.C.D.;Barcelona 133 (el Turó de la Peira i Can Peguera);Barcelona;el Turó de la Peira i Can Peguera
CAMP DE FUTBOL MPAL. ENRIC TARRAGONA;CASTELLSERÀ, C. AT. A;Castell d'Aro, Platja d'Aro i s'Agaró;Castell d'Aro, Platja d'Aro i s'Agaró;Castell d'Aro, Platja d'Aro i s'Agaró
CAMP DE FUTBOL CEM CAN ZAM (2);SINGUERLIN, C.F. B;Santa Coloma de Gramenet 7 (Singuerlin - Can Zam);Santa Coloma de Gramenet;Singuerlin - Can Zam
CAMP DE FUTBOL MPAL. D´ALPICAT;ALPICAT , AT. C A;Alpicat;Alpicat;Alpicat
CAMP DE FUTBOL MPAL. DE SANT PERE DE TORELLÓ;SANTPERENCA U.E.;Sant Pere de Ribes;Sant Pere de Ribes;Sant Pere de Ribes
CAMP DE FUTBOL MPAL. C.F.CAPELLADES;CAPELLADES, C.F. A;Capellades;Capellades;Capellades
CAMP DE FUTBOL MPAL. ARRAHONA-MERINAL-JOAN MURTRO;MERCANTIL, C.E B;Sant Joan de les Abadesses;Sant Joan de les Abadesses;Sant Joan de les Abadesses
CAMP DE FUTBOL MPAL. DE BEGUES;BEGUES, C.F. B;Begues;Begues;Begues
CAMP DE FUTBOL MPAL. ANTONIO ORTEGA PAREJO;COL.LEGI S.PAU APOSTOL ESP.APA A;Sant Antoni de Vilamajor;Sant Antoni de Vilamajor;Sant Antoni de Vilamajor
CAMP DE FUTBOL MPAL. DE SANT HILARI SACALM;SANT HILARI-FONT VELLA, C.E. A;Sant Hilari Sacalm;Sant Hilari Sacalm;Sant Hilari Sacalm
CAMP DE FUTBOL MPAL. DE BERGA;BERGA, C.E. B;Berga;Berga;Berga
CAMP DE FUTBOL MPAL. JOAN BOCANEGRA;LOURDES, U.D. A;Sant Joan de les Abadesses;Sant Joan de les Abadesses;Sant Joan de les Abadesses
CAMP DE FUTBOL MPAL. DE LLIÇÀ DE VALL;LLIÇA DE VALL C.F. A;Lliçà d'Amunt;Lliçà d'Amunt;Lliçà d'Amunt
CAMP DE FUTBOL MPAL. DE GUARDIOLA DE BERGUEDÀ;ALT BERGUEDÀ, C.C.R. A;Alt Àneu;Alt Àneu;Alt Àneu
No especificado;OLIMPIC LA GARRIGA, C.F. A;Garriga, la;La Garriga;La Garriga
CAMP DE FUTBOL MPAL. DE SANT MIQUEL BALENYA;SANT MIQUEL DE BALENYA, CE. A;Balenyà;Balenyà;Balenyà
CAMP DE FUTBOL MPAL. DE LA FULIOLA;LA FULIOLA, C.E. A;Fuliola, la;La Fuliola;La Fuliola
CAMP DE FUTBOL MPAL. CAN MASARNAU;FATIMA, F.C. B;Igualada;Igualada;Igualada
CAMP DE FUTBOL MPAL. DE SANT FRUITÓS DE BAGES;FRUITOSENC, F.C. A;Sant Fruitós de Bages;Sant Fruitós de Bages;Sant Fruitós de Bages
No especificado;ESCOLA FUTBOL BASE GUISSONA B;Guissona;Guissona;Guissona
CAMP DE FUTBOL MPAL. PARC CATALANA;BARCELONETA, C.F. A;Barcelona 10 (Sant Miquel del Port);Barcelona;Sant Miquel del Port
CAMP DE FUTBOL ZEM CAN ROSÉS (2);Pª BLAUGRANA RAMON LLORENS A;Roses;Roses;Roses
CAMP DE FUTBOL ZEM CAN TRIES;CAN TRIAS, U.D. B;Viladecavalls;Viladecavalls;Viladecavalls
CAMP DE FUTBOL ZEM DE SANT JOAN VILATORRADA;JOANENC, F.C. B;Sant Joan de les Abadesses;Sant Joan de les Abadesses;Sant Joan de les Abadesses
CAMP DE FUTBOL MPAL. DE SANT LLORENÇ D´HORTONS;HORTONENC, F.C. B;Llorenç del Penedès;Llorenç del Penedès;Llorenç del Penedès
CAMP DE FUTBOL MPAL. CANTONIGROS;CANTONIGROS, U.E. A;Sant Antoni de Vilamajor;Sant Antoni de Vilamajor;Sant Antoni de Vilamajor
CAMP DE FUTBOL MPAL. ANDREU LLADÓ;CALLUS, C.F. A;Callús;Callús;Callús
CAMP DE FUTBOL MPAL. DEL CENTRE HISTÒRIC;ESPLAIS, C.F. B;Castelló d'Empúries;Castelló d'Empúries;Castelló d'Empúries
CAMP DE FUTBOL MPAL. FALGUERA;Pª REC.SAN FELIU LLOBREGAT A;Sant Feliu de Buixalleu;Sant Feliu de Buixalleu;Sant Feliu de Buixalleu
No especificado;FORTIA, C.E. A;Fortià;Fortià;Fortià
CAMP DE FUTBOL MPAL. DE CALLDETENES;CALLDETENES, C.F. A;Calldetenes;Calldetenes;Calldetenes
CAMP DE FUTBOL MPAL. PLA DE BAIX;OLOT, AT. A;Baix Pallars;Baix Pallars;Baix Pallars
CAMP DE FUTBOL CEM LES COMES  2 Camps;IGUALADA, C.F. B;Igualada;Igualada;Igualada
CAMP DE FUTBOL MPAL. DE MONELLS;MONELLS, A.E. B;Cruïlles, Monells i Sant Sadurní de l'Heura;Cruïlles, Monells i Sant Sadurní de l'Heura;Cruïlles, Monells i Sant Sadurní de l'Heura
CAMP DE FUTBOL MPAL. DE LA CELLERA DE TER;CELLERA, C.F. A;Cellera de Ter, la;La Cellera de Ter;La Cellera de Ter
CAMP DE FUTBOL MPAL. OLÍMPIA;CERCLE SABADELLES 1856 A;Sabadell;Sabadell;Sabadell
CAMP DE FUTBOL MPAL. DE CASSÀ DE LA SELVA;CASSA, U.D. A;Cassà de la Selva;Cassà de la Selva;Cassà de la Selva
CAMP DE FUTBOL MPAL. DE SANT FOST DE CAMPSENTELLES;SANT FOST , U.E. A;Sant Fost de Campsentelles;Sant Fost de Campsentelles;Sant Fost de Campsentelles
CAMP DE FUTBOL MPAL. TORREFORTA;TORREFORTA, C.D.C. A;Torre de Cabdella, la;La Torre de Cabdella;La Torre de Cabdella
CAMP DE FUTBOL MPAL. DE BELLPUIG;BELLPUIG, C.F A;Bellpuig;Bellpuig;Bellpuig
CAMP DE FUTBOL MPAL. ALFONS GONFAUS;AVIA, U.E. A;Avià;Avià;Avià
No especificado;CERVERA, C.D. B;Cervera;Cervera;Cervera
CAMP DE FUTBOL MPAL. DE PALAU-SAVERDERA;EFC PALAU-SAVERDERA A;Palau d'Anglesola, el;El Palau d'Anglesola;El Palau d'Anglesola
CAMP DE FUTBOL MPAL. DE CELRÀ;CELRA, U.C.E. A;Celrà;Celrà;Celrà
CAMP DE FUTBOL MPAL. DE LES PLANES D´HOSTOLES;LES PLANES, C.F. A;Planes d'Hostoles, les;Les Planes d'Hostoles;Les Planes d'Hostoles
CAMP DE FUTBOL MPAL. DE MATADEPERA;MATADEPERENC, ATHLETIC B;Matadepera;Matadepera;Matadepera
CAMP DE FUTBOL MPAL. DE SANT JORDI DE CERCS;SANT SALVADOR CERCS, CF;Cercs;Cercs;Cercs
CAMP DE FUTBOL MPAL. CAN BUXERES;CAN BUXERES, F.C. A;Hospitalet de Llobregat 16 (Collblanc - Cementiri - Carretera), l';Hospitalet de Llobregat;Collblanc - Cementiri - Carretera
CAMP DE FUTBOL CEM LA BASCULA EMILIO FERNANDEZ F11;SANTS, U.E. A;Barcelona 51 (la Mare de Déu de Port, Can Clos i el Polvorí);Barcelona;la Mare de Déu de Port, Can Clos i el Polvorí
CAMP DE FUTBOL MPAL. LA PASTORETA;ESCOLA F. LA PASTORETA, CLUB B;Reus;Reus;Reus
CAMP DE FUTBOL MPAL. DE TOSSA DE MAR;TOSSA UNIO ESPORTIVA C;Tossa de Mar;Tossa de Mar;Tossa de Mar
CAMP DE FUTBOL MPAL. DE BESCANÓ;BESCANO, C.D. A;Bescanó;Bescanó;Bescanó
CAMP DE FUTBOL MPAL. VISTA ALEGRE-ELS MOLINS;MOLINOS, U.D. B;Castelldefels 2 (Vista Alegre - el Castell);Castelldefels;Vista Alegre - el Castell
CAMP DE FUTBOL MPAL. D'ABRERA;ABRERA, A.E. A;Abrera;Abrera;Abrera
CAMP DE FUTBOL MPAL. ESPIRALL;MARC BARTRA 2020, C.F. A;Vilafranca del Penedès;Vilafranca del Penedès;Vilafranca del Penedès
CAMP DE FUTBOL MPAL. DE LLORET MAR;LLORET, C.F. A;Lloret de Mar;Lloret de Mar;Lloret de Mar
CAMP DE FUTBOL ZEM LES ESPLANES;LLANÇA, C.E. B;Llançà;Llançà;Llançà
No especificado;L'AMETLLA DE MAR, S.C.E.R. B;Ametlla de Mar, l';L'Ametlla de Mar;L'Ametlla de Mar
CAMP DE FUTBOL MPAL. ALMEDA;ALMEDA, C.D. B;Cornellà de Llobregat 9 (Almeda);Cornellà de Llobregat;Almeda
CAMP DE FUTBOL MPAL. DE VILAMALLA Annex F7;VILAMALLA, F.C. A;Malla;Malla;Malla
CAMP DE FUTBOL MPAL. CAN SANT JOAN;SAN JUAN AT. DE MONTCADA,U.E. A;Montcada i Reixac;Montcada i Reixac;Montcada i Reixac
CAMP DE FUTBOL MPAL. DE VILANOVA DEL VALLÈS;VILANOVA VALLES,C.F. C;Vilanova d'Escornalbou;Vilanova d'Escornalbou;Vilanova d'Escornalbou
CAMP DE FUTBOL CLUB JUNIOR, F.C.;JUNIOR,C.F. A;Sant Cugat del Vallès 9 (Can Sant Joan - Sant Mamet - Vullpalleres - Can Barata - Sector Nord - Can Graells);Sant Cugat del Vallès;Can Sant Joan - Sant Mamet - Vullpalleres - Can Barata - Sector Nord - Can Graells
CAMP DE FUTBOL MPAL. DE PORRERA;PORRERA, UNIO ESPORTIVA A;Porrera;Porrera;Porrera
CAMP DE FUTBOL MPAL. PROVENÇANA;FUNDACIÓ ESPORT. HOSPITALET AT A;Hospitalet de Llobregat, l';L'Hospitalet de Llobregat;L'Hospitalet de Llobregat
No especificado;FUNDACIÓ ESPORTIVA GRAMA A;Santa Coloma de Gramenet;Santa Coloma de Gramenet;Santa Coloma de Gramenet
CAMP DE FUTBOL MPAL. MENORCA;Pª BARC. BARCINO, CE B;Barcelona 13 (Sant Pere);Barcelona;Sant Pere
CAMP DE FUTBOL MPAL. CAN GIBERT;CAN GIBERT, U.E A;Girona;Girona;Girona
CAMP DE FUTBOL CEM CLOT DE LA MEL;VILA OLIMPICA CLUB ESP. C;Barcelona 172 (la Vila Olímpica i el Bogatell);Barcelona;la Vila Olímpica i el Bogatell
CAMP DE FUTBOL MPAL. DE BALAGUER;BALAGUER, C.F. A;Balaguer;Balaguer;Balaguer
CAMP DE FUTBOL ZEM LA CRIVELLERA;OLIVELLA, C.E A;Olivella;Olivella;Olivella
CAMP DE FUTBOL MPAL. LA CREU;SABADELLENCA, UE. B;Sabadell;Sabadell;Sabadell
CAMP DE FUTBOL CEM CAN CARALLEU;SARRIA, C.P. A;Sarrià de Ter;Sarrià de Ter;Sarrià de Ter
CAMP DE FUTBOL MPAL. DE MONTMELÓ;MONTMELO UNIO ESPORTIVA,CF B;Montmeló;Montmeló;Montmeló
CAMP DE FUTBOL MPAL. DE LA TORRE DE CLARAMUNT;LA TORRE CLARAMUNT, U.D. A;Torre de Cabdella, la;La Torre de Cabdella;La Torre de Cabdella
CAMP DE FUTBOL CEM JOSEP GOMIS;MONTBLANC, CLUB FUTBOL A;Montblanc;Montblanc;Montblanc
CAMP DE FUTBOL MPAL. DE SANTA COLOMA DE QUERALT;SANTA COLOMA QUERALT, U.E. B;Santa Coloma de Cervelló;Santa Coloma de Cervelló;Santa Coloma de Cervelló
CAMP DE FUTBOL MPAL. TONI BUCH;SANTVICENTI CLUB FUTBOL B;Sant Vicenç de Montalt;Sant Vicenç de Montalt;Sant Vicenç de Montalt
CAMP DE FUTBOL MPAL. EL GREGAL;PALAFRUGELL, C.F. A;Palafrugell;Palafrugell;Palafrugell
CAMP DE FUTBOL MPAL. DELS PALLARESOS;BASE 2012 PALLARESOS CLUB A;Pallaresos, els;Els Pallaresos;Els Pallaresos
CAMP DE FUTBOL ZEM CAN RULL-PACO HERRERA (1);CAN RULL ROMULO TRONCHONI, CFU A;Sabadell 14 (Can Rull Nord - Via Alexandra);Sabadell;Can Rull Nord - Via Alexandra
CAMP DE FUTBOL MPAL. DEL PLA DE SANTA MARIA;C.E.F. EL PLA DE SANTA MARIA A;Pla de Santa Maria, el;El Pla de Santa Maria;El Pla de Santa Maria
CAMP DE FUTBOL CEM GUINARDÓ;MARTINENC, F.C. A;Sant Martí d'Albars;Sant Martí d'Albars;Sant Martí d'Albars
CAMP DE FUTBOL ZEM EL DESPUJOL-VINYOLES;VINYOLES C.F. A;Desconocido;Desconocido;Desconocido
CAMP DE FUTBOL ZEM LES FONTETES;CERDANYOLA VALLES, F.C.  B;Cerdanyola del Vallès;Cerdanyola del Vallès;Cerdanyola del Vallès
No especificado;ESCOLA F. PINYANA, C.E B;Desconocido;Desconocido;Desconocido
CAMP DE FUTBOL MPAL. CASTELLNOU DE BAGES;CASTELLNOU UNIÓ ESPORTIVA CLUB FUTBOL A;Castell d'Aro, Platja d'Aro i s'Agaró;Castell d'Aro, Platja d'Aro i s'Agaró;Castell d'Aro, Platja d'Aro i s'Agaró
CAMP DE FUTBOL MPAL. D´ESPARREGUERA;ATHLETIC CLUB ESPARREGUERA  A;Esparreguera;Esparreguera;Esparreguera
CAMP DE FUTBOL ZEM ELS AMETLLERS;BALSARENY, U.E. A;Balsareny;Balsareny;Balsareny
CAMP DE FUTBOL MPAL. DE MOIÀ;MOIÀ, C.E. A;Moià;Moià;Moià
CAMP DE FUTBOL UB ESPORTS;DIAGONAL CLUB ESP. A;Barcelona 73 (Pedralbes, la Mercè i el Palau Reial);Barcelona;Pedralbes, la Mercè i el Palau Reial
CAMP DE FUTBOL MPAL. D´ARMENTERA;L'ARMENTERA, C.F. A;Armentera, l';L'Armentera;L'Armentera
CAMP DE FUTBOL MPAL. D´AMER;REMENCES , ASSOCIACIÓ  ESPORTIVA UNIÓ  B;Amer;Amer;Amer
CAMP DE FUTBOL MPAL. DE NAVATA;NAVATA, C.F. A;Navata;Navata;Navata
No especificado;ALCOVER, C.E. A;Alcover;Alcover;Alcover
CAMP DE FUTBOL MPAL. DE SAGUARDA;CADAQUES, U.D. A;Cadaqués;Cadaqués;Cadaqués
CAMP DE FUTBOL MPAL. LLEFIÀ;UNIFICACION LLEFIA,CF. A;Badalona 13 (Sant Antoni de Llefià);Badalona;Sant Antoni de Llefià
CAMP DE FUTBOL MPAL. LA PARELLADA St. Boi;VINYETS MOLI-VELL, C.F. A;Sant Boi de Llobregat;Sant Boi de Llobregat;Sant Boi de Llobregat
CAMP DE FUTBOL MPAL. DE MAGRANERS;MAGRANERS, C.D. A;Desconocido;Desconocido;Desconocido
CAMP DE FUTBOL MPAL. DE VILADRAU;VILADRAU F.C. A;Viladrau;Viladrau;Viladrau
CAMP DE FUTBOL MPAL. CAN MASARNAU;FATIMA, F.C. A;Igualada;Igualada;Igualada
CAMP DE FUTBOL MPAL. DE SANT ANTONI DE CALONGE;SANT ANTONI, C.F. A;Calonge de Segarra;Calonge de Segarra;Calonge de Segarra
CAMP DE FUTBOL CLUB NATACIÓ TERRASSA;NATACIO TERRASSA, C A;Terrassa;Terrassa;Terrassa
No especificado;SARRIA TER, C.F. A;Sarrià de Ter;Sarrià de Ter;Sarrià de Ter
CAMP DE FUTBOL MPAL. 1ER. DE MAIG;SPORTING CLUB GRANOLLERS  A;Granollers;Granollers;Granollers
CAMP DE FUTBOL MPAL. PARC ESPORTIU TENES;LLIÇA D'AMUNT, C.E. A;Lliçà d'Amunt;Lliçà d'Amunt;Lliçà d'Amunt
CAMP DE FUTBOL MPAL. DE SOLSONA;SOLSONA, C.F B;Solsona;Solsona;Solsona
No especificado;BIGUES, C.E. A;Bigues i Riells del Fai;Bigues i Riells del Fai;Bigues i Riells del Fai
No especificado;ROSES, A.E. A;Roses;Roses;Roses
No especificado;PREMIA CLUB ESP. A;Premià de Dalt;Premià de Dalt;Premià de Dalt
CAMP DE FUTBOL CE CAN MONCLUS;SANT ESTEVE , FUTBOL CLUB  A;Sant Esteve de la Sarga;Sant Esteve de la Sarga;Sant Esteve de la Sarga
CAMP DE FUTBOL ZEM LES VERNEDES;MONTORNES NORTE, C.D. A;Montornès de Segarra;Montornès de Segarra;Montornès de Segarra
CAMP DE FUTBOL CEM FERNANDO GONZÁLEZ RESINA;LA ROCA PENYA BLANC BLAVA CLUB FUTBOL A;Roca del Vallès, la;La Roca del Vallès;La Roca del Vallès
No especificado;AMPOSTA, C.F. B;Amposta;Amposta;Amposta
CAMP DE FUTBOL MPAL. DEL MORELL;MORELL, C.D. B;Morell, el;El Morell;El Morell
CAMP DE FUTBOL MPAL. ROUREDA;ATLÉTICO ROUREDA, C.F.  B;Sabadell 12 (la Roureda - Sant Julià);Sabadell;la Roureda - Sant Julià
CAMP DE FUTBOL MPAL. DE SERÒS;SEROS, C.F. A;Seròs;Seròs;Seròs
CAMP DE FUTBOL MPAL. DE MONT-ROIG DEL CAMP;MONTROIG AT. A;Mont-roig del Camp;Mont-roig del Camp;Mont-roig del Camp
No especificado;LLAGOSTERA, U.E. B;Llagostera;Llagostera;Llagostera
CAMP DE FUTBOL MPAL. DE RIUDARENES;RIUDARENES 2005 CE. A;Riudarenes;Riudarenes;Riudarenes
CAMP DE FUTBOL ZEM JOSEP MASSOT I SAIS ANNEX 1;GLOBAL-PALAMOS C.F. A;Palamós;Palamós;Palamós
No especificado;TORDERA, C.F. A;Tordera;Tordera;Tordera
CAMP DE FUTBOL MPAL. DE TORELLÓ;TORELLO, C.F. B;Torelló;Torelló;Torelló
CAMP DE FUTBOL ZEM DE CORRÓ D´AMUNT;CORRO D'AMUNT U.S. A;Desconocido;Desconocido;Desconocido
CAMP DE FUTBOL MPAL. DE PONTS;PONTS CLUB ESP. A;Ponts;Ponts;Ponts
CAMP DE FUTBOL MPAL. D´ULLASTRELL;ULLASTRELL C.F. A;Ullastrell;Ullastrell;Ullastrell
CAMP DE FUTBOL MPAL. DE LES GARRIGUES;CALAF, U.D. A;Borges Blanques, les;Les Borges Blanques;Les Borges Blanques
No especificado;RAPITENCA, U.E. A;Desconocido;Desconocido;Desconocido
CAMP DE FUTBOL MPAL. LES FORQUES;LA JONQUERA, U.E. A;Jonquera, la;La Jonquera;La Jonquera
CAMP DE FUTBOL MPAL. MAS IGLESIAS;MAS PELLICER, U.D.C. A;Mas de Barberans;Mas de Barberans;Mas de Barberans
CAMP DE FUTBOL MPAL. DE SANTA MARGARIDA I ELS MONJOS;MAS CATARRO, CF.B. A;Mas de Barberans;Mas de Barberans;Mas de Barberans
CAMP DE FUTBOL MPAL. CANOVELLES;CANOVELLES, U.E. B;Canovelles;Canovelles;Canovelles
CAMP DE FUTBOL MPAL. DE PRATS DE LLUÇANES;PRADENC,F.C. A;Lluçà;Lluçà;Lluçà
CAMP DE FUTBOL MPAL. DE SANT CUGAT SESGARRIGUES;SANT CUGAT SESGARRIGUES, C.F. A;Sant Cugat del Vallès;Sant Cugat del Vallès;Sant Cugat del Vallès
CAMP DE FUTBOL COL·LEGI SANT IGNASI;SANT IGNASI C.E. B;Barcelona 79 (la Bonanova, la Torre Vilana i l'Avinguda del Tibidabo);Barcelona;la Bonanova, la Torre Vilana i l'Avinguda del Tibidabo
CAMP DE FUTBOL MPAL. 1ER. DE MAIG;VALLES, C.AT. A;Granollers;Granollers;Granollers
CAMP DE FUTBOL MPAL. DE LES COTS;LES COTS 2025, FUTBOL CLUB  A;Desconocido;Desconocido;Desconocido
CAMP DE FUTBOL MPAL. DE ELS HOSTALETS DE PIEROLA;HOSTALETS DE PIEROLA, C.F. A;Hostalets de Pierola, els;Els Hostalets de Pierola;Els Hostalets de Pierola
CAMP DE FUTBOL MPAL. DE SANT PERE DE RIUDEBITLLES;RIUDEBITLLES, C.E. A;Sant Pere de Ribes;Sant Pere de Ribes;Sant Pere de Ribes
CAMP DE FUTBOL MPAL. ELS PINS;MOJA, A.E. A;Desconocido;Desconocido;Desconocido
CAMP DE FUTBOL MPAL. FONT MARTINA;PALAUTORDERA, C.F. A;Palau d'Anglesola, el;El Palau d'Anglesola;El Palau d'Anglesola
CAMP DE FUTBOL MPAL. JOSEP COSTA;AMETLLA VALLES, C.F. A;Ametlla de Mar, l';L'Ametlla de Mar;L'Ametlla de Mar
CAMP DE FUTBOL MPAL. DE LA POBLA DE SEGUR;ESCOLA F. POBLA SEGUR I COMARC A;Pobla de Cérvoles, la;La Pobla de Cérvoles;La Pobla de Cérvoles
No especificado;MANRESA, C.E. B;Manresa;Manresa;Manresa
CAMP DE FUTBOL ZEM DE TORROELLA DE MONTGRÍ;ESCOLA F. BAIX TER, C.E B;Baix Pallars;Baix Pallars;Baix Pallars
CAMP DE FUTBOL MPAL. JOSEP SEGUER;PARETS, C.F. A;Parets del Vallès;Parets del Vallès;Parets del Vallès
CAMP DE FUTBOL MPAL. NOVA CIUTAT ESPORTIVA BLANES;BLANES, C.D. A;Blanes;Blanes;Blanes
No especificado;POBLA MAFUMET, C.F. B;Pobla de Cérvoles, la;La Pobla de Cérvoles;La Pobla de Cérvoles
CAMP DE FUTBOL IEM DE DELTEBRE-LA CAVA;LA CAVA, C.D. B;Cava;Cava;Cava
CAMP DE FUTBOL MPAL. EL MOLÍ (LLORET);ATLETIC CLUB LLORET  A;Lloret de Mar;Lloret de Mar;Lloret de Mar
No especificado;SALLENT, C.E. B;Sallent;Sallent;Sallent
CAMP DE FUTBOL MPAL. PLÀ DEL BONAIRE;CAN PARELLADA, C.D. A;Pla de Santa Maria, el;El Pla de Santa Maria;El Pla de Santa Maria
No especificado;VILA-SECA C.F. A;Vila-seca;Vila-seca;Vila-seca
CAMP DE FUTBOL MPAL. EL XOPERAL;ALCARRAS, F.C. A;Alcarràs;Alcarràs;Alcarràs
CAMP DE FUTBOL MPAL. PLÀ D´EN BOET;PLA D'EN BOET,CLUB ESP. A;Pla de Santa Maria, el;El Pla de Santa Maria;El Pla de Santa Maria
CAMP DE FUTBOL MPAL. SANT GENÍS;Pª BARC. VILLAVERDE-PENITENTS C;Barcelona 120 (Sant Genís dels Agudells);Barcelona;Sant Genís dels Agudells
CAMP DE FUTBOL MPAL. CAN GILI;FINSOBE, C.F. A;Desconocido;Desconocido;Desconocido
CAMP DE FUTBOL MPAL. JOAN CORTIELLA-CAN SERRADOR;CASTELLAR, UNIO ESPORTIVA A;Castell d'Aro, Platja d'Aro i s'Agaró;Castell d'Aro, Platja d'Aro i s'Agaró;Castell d'Aro, Platja d'Aro i s'Agaró
No especificado;ALTAFULLA, C.E. A;Altafulla;Altafulla;Altafulla
CAMP DE FUTBOL MPAL. DE RECASENS;AEM, S.E. A;Lleida;Lleida;Lleida
CAMP DE FUTBOL MPAL. NOU PINS VENS;BLANCA SUBUR, C.F. A;Nou de Berguedà, la;La Nou de Berguedà;La Nou de Berguedà
CAMP DE FUTBOL MPAL. DE SANT LLORENÇ DE TERRASSA;SAN LORENZO, U.D. B;Llorenç del Penedès;Llorenç del Penedès;Llorenç del Penedès
No especificado;ESPAÑA CANONJA, U.D. A;Canonja, la;La Canonja;La Canonja
CAMP DE FUTBOL MPAL. ANTONIO ORTEGA PAREJO;CAMP CLAR, AT. A;Sant Antoni de Vilamajor;Sant Antoni de Vilamajor;Sant Antoni de Vilamajor
No especificado;FUNDACIÓ P. F.BASE REUS B;Reus;Reus;Reus
CAMP DE FUTBOL MPAL. DE VILANOVA DE LA BARCA;ESCOLA LA NOGUERA, C.E. A;Vilanova d'Escornalbou;Vilanova d'Escornalbou;Vilanova d'Escornalbou
CAMP DE FUTBOL MPAL. RAMON ESPASA;BORGES BLANQUES, C.F. A;Borges Blanques, les;Les Borges Blanques;Les Borges Blanques
CAMP DE FUTBOL MPAL. DE CORRÓ D´AVALL;LES FRANQUESES, C.F. A;Franqueses del Vallès, les;Les Franqueses del Vallès;Les Franqueses del Vallès
CAMP DE FUTBOL MPAL. DE VILADA;VILADA, CE A;Vilada;Vilada;Vilada
CAMP DE FUTBOL MPAL. LA SATÀLIA;APA POBLE SEC, CE. A;Barcelona 48 (Santa Madrona, la Satàlia i Montjuïc);Barcelona;Santa Madrona, la Satàlia i Montjuïc
CAMP DE FUTBOL COL·LEGI SANT ANTONI DE PÀDUA-SALESIANS;VERDIBLANCA MATARO CD A;Mataró;Mataró;Mataró
CAMP DE FUTBOL MPAL. DE LA TORRETA;LA TORRETA, C.F. A;Torre de Cabdella, la;La Torre de Cabdella;La Torre de Cabdella
CAMP DE FUTBOL MPAL. D´ARENYS DE MUNT;ARENYS DE MUNT, C.E. A;Arenys de Mar;Arenys de Mar;Arenys de Mar
CAMP DE FUTBOL CEM ESTRUCH;TERLENKA BARCELONISTA C. F. A;Sant Celoni;Sant Celoni;Sant Celoni
CAMP DE FUTBOL MPAL. DE CAN XALANT;JUVENTUS, A.C. A;Mataró 10 (la Llàntia);Mataró;la Llàntia
CAMP DE FUTBOL COL·LEGI VIARÓ;PADUA, ASSOC. CLUB A;Sant Cugat del Vallès 9 (Can Sant Joan - Sant Mamet - Vullpalleres - Can Barata - Sector Nord - Can Graells);Sant Cugat del Vallès;Can Sant Joan - Sant Mamet - Vullpalleres - Can Barata - Sector Nord - Can Graells
CAMP DE FUTBOL CLUB D´ESPORTS VENDRELL;VENDRELL C.E. A;Vendrell, el;El Vendrell;El Vendrell
CAMP DE FUTBOL MPAL. NOU BARRIS;MONTAÑESA, C.F. A;Nou de Berguedà, la;La Nou de Berguedà;La Nou de Berguedà
No especificado;SANT CELONI, FUTBOL CLUB  A;Sant Celoni;Sant Celoni;Sant Celoni
CAMP DE FUTBOL MPAL. DE CAN XALANT;JUVENTUS, A.C. C;Mataró 10 (la Llàntia);Mataró;la Llàntia
CAMP DE FUTBOL MPAL. LA BALCONADA;BALCONADA, U.E. A;Manresa 9 (les Escodines - la Balconada - Cal Gravat - Sant Pau);Manresa;les Escodines - la Balconada - Cal Gravat - Sant Pau
No especificado;TORTOSA EBRE, C.F.  A;Tortosa;Tortosa;Tortosa
CAMP DE FUTBOL IEM CAN SALVI;SANT ANDREU DE LA BARCA AGRUP. A;Sant Andreu de la Barca;Sant Andreu de la Barca;Sant Andreu de la Barca
CAMP DE FUTBOL CE DE L´ENERGIA;MERCAT NOU MAGORIA, S.E. A;Barcelona 62 (Santa Maria de Sants);Barcelona;Santa Maria de Sants
CAMP DE FUTBOL MPAL. DEL PAPIOL;PAPIOL, U.E. B;Papiol, el;El Papiol;El Papiol
CAMP DE FUTBOL MPAL. CA N´ANGLADA;SAN CRISTOBAL, C.P. A;Terrassa 6 (Ca n'Anglada);Terrassa;Ca n'Anglada
No especificado;JUNCARIA, C.E. A;Desconocido;Desconocido;Desconocido
CAMP DE FUTBOL MPAL. DE SANT JUST DESVERN;ATLETIC SANT JUST . F. C. A;Sant Just Desvern;Sant Just Desvern;Sant Just Desvern
CAMP DE FUTBOL ZEM CAN TORELLÓ (Gavà);ESCOLA F. GAVA, C. A;Gavà;Gavà;Gavà
CAMP DE FUTBOL SCHOOL EUROPA INTERNATIONAL;CLUB POLIDET VALLÈS  ESPORTIU  B;Desconocido;Desconocido;Desconocido
CAMP DE FUTBOL CEM LES CREMADES;CALDES MONTBUI, C.F. B;Caldes d'Estrac;Caldes d'Estrac;Caldes d'Estrac
CAMP DE FUTBOL MPAL. EMILI VICENTE;ESCOLA DE FUTBOL ORGEL.LIA C.E A;Seu d'Urgell, la;La Seu d'Urgell;La Seu d'Urgell
CAMP DE FUTBOL CEM TORRENT DE LLOPS;MARTORELL C.F. D;Martorell;Martorell;Martorell
CAMP DE FUTBOL MPAL. D'ALCOLETGE;ALCOLETGE, AE. A;Alcoletge;Alcoletge;Alcoletge
No especificado;SALOU, U.D. B;Salou;Salou;Salou
CAMP DE FUTBOL MPAL. VISTA ALEGRE-ELS MOLINS;VISTAMAR CF A;Castelldefels 2 (Vista Alegre - el Castell);Castelldefels;Vista Alegre - el Castell
CAMP DE FUTBOL CEM LES COMES  2 Camps;IGUALADA, C.F. A;Igualada;Igualada;Igualada
CAMP DE FUTBOL MPAL. DE PONSFERRER;LLORENÇA F.C., C.E. A;Llorenç del Penedès;Llorenç del Penedès;Llorenç del Penedès
CAMP DE FUTBOL MPAL. LA TORRASSA;FUNDACIO ESPORT.HOSPITALET AT B;Hospitalet de Llobregat 18 (la Torrassa - Plaça dels Pirineus), l';Hospitalet de Llobregat;la Torrassa - Plaça dels Pirineus
CAMP DE FUTBOL MPAL. RIUDOMS A;RIUDOMS, C.D. A;Riudoms;Riudoms;Riudoms
CAMP DE FUTBOL MPAL. DE VILADECANS;VILADECANS U.D. A;Viladecans;Viladecans;Viladecans
CAMP DE FUTBOL MPAL. DE VALLVIDRERA;COL.LEGI SAGRAT COR SARRIÀ AMPA B;Sarrià de Ter;Sarrià de Ter;Sarrià de Ter
CAMP DE FUTBOL CEM TORRENT DE LLOPS;MARTORELL C.F. B;Martorell;Martorell;Martorell
CAMP DE FUTBOL MPAL. D´ARTESA DE SEGRE;ARTESA DE SEGRE 2012 CLUB ESPORTIU DE FUTBOL A;Artés;Artés;Artés
CAMP DE FUTBOL MPAL. LA PLANA DE TÀRREGA Annex;ONDARA, CLUB FUTBOL  A;Tàrrega;Tàrrega;Tàrrega
CAMP DE FUTBOL ZEM CAN TITÓ;VILANOVA CAMI C.F. A;Vilanova d'Escornalbou;Vilanova d'Escornalbou;Vilanova d'Escornalbou
CAMP DE FUTBOL ZEM CAN TINTORER;SPORTING GAVA 2021, FUTBOL CLUB A;Gavà;Gavà;Gavà
CAMP DE FUTBOL CEM MARESME;POBLE NOU ,AT. A;Barcelona 180 (el Maresme i el Maresme Vell);Barcelona;el Maresme i el Maresme Vell
CAMP DE FUTBOL MPAL. DE RIALP;RIALP, F.C. A;Rialp;Rialp;Rialp
CAMP DE FUTBOL MPAL. DE LES PLANES (SANT JOAN DESPÍ);SANT JOAN DESPI-SAN PANCRACIO, FUTBOL CLUB A;Planes d'Hostoles, les;Les Planes d'Hostoles;Les Planes d'Hostoles
CAMP DE FUTBOL MPAL. DE SANT CEBRIÀ DE VALLALTA;SANT CEBRIÀ 2021,CLUB FUTBOL  B;Sant Cebrià de Vallalta;Sant Cebrià de Vallalta;Sant Cebrià de Vallalta
CAMP DE FUTBOL CEM CAN ROIG;TORRELLES, U.E. A;Torre de Cabdella, la;La Torre de Cabdella;La Torre de Cabdella
No especificado;FUNDACIO E. ATLETIC VILAFRANCA A;Vilafranca del Penedès;Vilafranca del Penedès;Vilafranca del Penedès
CAMP DE FUTBOL ESCOLA CAMP JOLIU;NSA CAMP JOLIU  A;Desconocido;Desconocido;Desconocido
CAMP DE FUTBOL ZEM JAUME TUBAU;SANT CUGAT FUTBOL CLUB A;Sant Cugat del Vallès;Sant Cugat del Vallès;Sant Cugat del Vallès
CAMP DE FUTBOL MPAL. D´ULLDECONA;ULLDECONA, C.F. A;Ulldecona;Ulldecona;Ulldecona
CAMP DE FUTBOL MPAL. DE VALLIRANA;Pª BLAUGRANA VALLIRANA A;Vallirana;Vallirana;Vallirana
CAMP DE FUTBOL MPAL. DE FOGARS DE LA SELVA;FOGARS, C.F.  A;Fogars de la Selva;Fogars de la Selva;Fogars de la Selva
CAMP DE FUTBOL MPAL. LA BATLLÒRIA;ARBUCIES,CLUB FUTBOL B;Arbúcies;Arbúcies;Arbúcies
CAMP DE FUTBOL MPAL. JOAN GELABERT;LA LLAGOSTA, C.D. A;Llagosta, la;La Llagosta;La Llagosta
CAMP DE FUTBOL MPAL. FALGUERA;Pª REC.SAN FELIU LLOBREGAT B;Sant Feliu de Buixalleu;Sant Feliu de Buixalleu;Sant Feliu de Buixalleu
CAMP DE FUTBOL MPAL. DE VALLMOLL;VALLMOLL C.D. A;Vallmoll;Vallmoll;Vallmoll
CAMP DE FUTBOL MPAL. DE LINYOLA;LINYOLA, C.F. A;Linyola;Linyola;Linyola
CAMP DE FUTBOL MPAL. CAN DEU;PLANADEU-ROUREDA UNIÓ  ESPORTIVA FUTBOL A;Sabadell 12 (la Roureda - Sant Julià);Sabadell;la Roureda - Sant Julià
CAMP DE FUTBOL MPAL. BOSC TOSCA ANNEX;ESCOLA F. BOSC DE TOSCA, C A;les Preses;les Preses;les Preses
CAMP DE FUTBOL MPAL. TORRE-ROJA;SECTOR MONTSERRATINA U.D. A;Serra de Daró;Serra de Daró;Serra de Daró
CAMP DE FUTBOL MPAL. DEL CATLLAR;EL CATLLAR, C.E. A;Catllar, el;El Catllar;El Catllar
CAMP DE FUTBOL MPAL. DE MIRA-SOL;MIRASOL-BACO UNIÓN, C.F. A;Sant Cugat del Vallès 6 (Mirasol - Mas Gener - Can Cabassa - Can Fontanals - les Casetes de Can Ravella);Sant Cugat del Vallès;Mirasol - Mas Gener - Can Cabassa - Can Fontanals - les Casetes de Can Ravella
No especificado;OLIMPIC LA GARRIGA, C.F. B;Garriga, la;La Garriga;La Garriga
CAMP DE FUTBOL MPAL. DE BALAGUER;BALAGUER, C.F. B;Balaguer;Balaguer;Balaguer
CAMP DE FUTBOL MPAL. DEL CAMÍ DE RODA;TANCAT, U.D. A;Roda de Berà;Roda de Berà;Roda de Berà
CAMP DE FUTBOL MPAL. RAMON FARRÚS;SEGRE, AT. C;Sant Ramon;Sant Ramon;Sant Ramon
CAMP DE FUTBOL MPAL. VALLBONA (NOU PROVISIONAL);RACING VALLBONA, C.F. A;Nou de Berguedà, la;La Nou de Berguedà;La Nou de Berguedà
CAMP DE FUTBOL CEM BESÒS-TRAJANA;ONA SANT ADRIA, F.C. B;Barcelona 179 (el Besòs);Barcelona;el Besòs
CAMP DE FUTBOL MPAL. NARCÍS SALA;SANT ANDREU, U.E B;Sant Andreu de la Barca;Sant Andreu de la Barca;Sant Andreu de la Barca
CAMP DE FUTBOL ZEM BUFALÀ;BUFALA, C.F. A;Badalona 25 (Bufalà Oest - sector Can Barriga);Badalona;Bufalà Oest - sector Can Barriga
CAMP DE FUTBOL ZEM DE RIPOLL (1);RIBETANA C.F. A;Ripoll;Ripoll;Ripoll
CAMP DE FUTBOL MPAL. LES GRASES;SANTFELIUENC, F.C. A;Sant Feliu de Buixalleu;Sant Feliu de Buixalleu;Sant Feliu de Buixalleu
CAMP DE FUTBOL MPAL. HORTA;HORTA, U.AT. A;Barcelona 124 (Sant Joan d'Horta);Barcelona;Sant Joan d'Horta
CAMP DE FUTBOL MPAL. EL GORNAL;ESP. JOVENTUT CAN PI A;Hospitalet de Llobregat 28 (el Gornal), l';Hospitalet de Llobregat;el Gornal
CAMP DE FUTBOL ZEM FERNANDO MUÑOZ CARRASCO;PALLEJA, C.F. B;Pallejà;Pallejà;Pallejà
CAMP DE FUTBOL MPAL. DE TIANA;TIANA, C.C.E. A;Tiana;Tiana;Tiana
No especificado;VILASSAR DALT-GIATSU, C.E. A;Vilassar de Dalt;Vilassar de Dalt;Vilassar de Dalt
CAMP DE FUTBOL MPAL. DEL CAMI DEL MIG;CERDANYOLA MATARO ASSOC.ESP.LL A;Cerdanyola del Vallès;Cerdanyola del Vallès;Cerdanyola del Vallès
CAMP DE FUTBOL MPAL. DE LA LLÀNTIA;LA LLANTIA, A.D B;Mataró 10 (la Llàntia);Mataró;la Llàntia
No especificado;FUNDACIÓ TERRASSA FC 1906 B;Terrassa;Terrassa;Terrassa
CAMP DE FUTBOL MPAL. ESPIRALL;MARC BARTRA 2020, C.F. B;Vilafranca del Penedès;Vilafranca del Penedès;Vilafranca del Penedès
CAMP DE FUTBOL ESCOLA ESPORTIVA BRAFA;ESCOLA E.BRAFA A;Barcelona 142 (Santa Engràcia);Barcelona;Santa Engràcia
CAMP DE FUTBOL MPAL. DE LINYOLA;ESCOLA F. URGELL A;Linyola;Linyola;Linyola
No especificado;ODENA, C.E. A;Òdena;Òdena;Òdena
CAMP DE FUTBOL MPAL. DE MIÀNIGUES;CAMOS, C.F. A;Camós;Camós;Camós
CAMP DE FUTBOL MPAL. XEVI RAMON;FUNDACIO  UNIÓ ESPORTIVA VILASSAR  A;Sant Ramon;Sant Ramon;Sant Ramon
No especificado;FUNDACIÓ FUTBOL BADALONA B;Badalona;Badalona;Badalona
CAMP DE FUTBOL MPAL. DE MATADEPERA;MATADEPERA, F.C. A;Matadepera;Matadepera;Matadepera
CAMP DE FUTBOL MPAL. VALL-LLOBERA;CALDES MALAVELLA, U.E. A;Caldes d'Estrac;Caldes d'Estrac;Caldes d'Estrac
CAMP DE FUTBOL MPAL. DE LA MÚNIA;LA MUNIA, A.E. A;Desconocido;Desconocido;Desconocido
CAMP DE FUTBOL MPAL. DE CASSÀ DE LA SELVA;CASSA, U.D. B;Cassà de la Selva;Cassà de la Selva;Cassà de la Selva
CAMP DE FUTBOL CEM CAN DRAGO;ALZAMORA, C.F.  A;Barcelona 130 (Can Dragó);Barcelona;Can Dragó
CAMP DE FUTBOL MPAL. TRINITAT VELLA;PENYA BLAUGRANA TRINITAT VELLA A;Barcelona 147 (la Trinitat Vella);Barcelona;la Trinitat Vella
CAMP DE FUTBOL ESCOLA INDUSTRIAL;DON BOSCO, C.F. A;Barcelona 35 (l'Escola Industrial);Barcelona;l'Escola Industrial
CAMP DE FUTBOL MPAL. REDDIS;SANTES CREUS CLUB ESP. A;Reus;Reus;Reus
CAMP DE FUTBOL CEM ARISTIDES MAILLOL;PENYA BARC. COLLBLANC SANTS,AE A;Hospitalet de Llobregat 15 (Collblanc - Centre - Vallparda), l';Hospitalet de Llobregat;Collblanc - Centre - Vallparda
CAMP DE FUTBOL CEM BON PASTOR;BON PASTOR AGRUPACIÓ ESPORTIVA A;Barcelona 149 (el Bon Pastor);Barcelona;el Bon Pastor
CAMP DE FUTBOL CEM JÚPITER;FUNDACIO P. CE. JUPITER B;Desconocido;Desconocido;Desconocido
CAMP DE FUTBOL MPAL. FRANCESC GARRIGA;SANT FELIU DE CODINES, C.F. B;Garriga, la;La Garriga;La Garriga
CAMP DE FUTBOL MPAL. DE SANT SALVADOR DE GUARDIOLA;GUARDIOLENCA, A.F. A;Guardiola de Berguedà;Guardiola de Berguedà;Guardiola de Berguedà
CAMP DE FUTBOL MPAL. U.E.GURB;GURB, U.E.  B;Gurb;Gurb;Gurb
CAMP DE FUTBOL MPAL. DE PONT MAJOR;SANT NARCIS, CLUB ATLÈTIC  A;Pont d'Armentera, el;El Pont d'Armentera;El Pont d'Armentera
CAMP DE FUTBOL MPAL. ANTONIO ORTEGA PAREJO;COL.LEGI S.PAU APOSTOL ESP.APA B;Sant Antoni de Vilamajor;Sant Antoni de Vilamajor;Sant Antoni de Vilamajor
CAMP DE FUTBOL MPAL. LA FEIXA LLARGA;UNIFICACION BELLVITGE, U.D. A;Hospitalet de Llobregat 29 (Bellvitge - Estació), l';Hospitalet de Llobregat;Bellvitge - Estació
CAMP DE FUTBOL MPAL. CANET DE MAR;CANET, F.C. A;Canet d'Adri;Canet d'Adri;Canet d'Adri
CAMP DE FUTBOL ZEM CAN JOFRESA;JABAC FUTBOL CLUB  A;Terrassa 9 (Can Jofresa - Can Palet II - Guadalhorce - Xúquer);Terrassa;Can Jofresa - Can Palet II - Guadalhorce - Xúquer
CAMP DE FUTBOL MPAL. DE TEIÀ;JOVENTUT TEIA CLUB FUTBOL B;Teià;Teià;Teià
CAMP DE FUTBOL MPAL. DE SANT CEBRIÀ DE VALLALTA;SANT CEBRIÀ 2021,CLUB FUTBOL  A;Sant Cebrià de Vallalta;Sant Cebrià de Vallalta;Sant Cebrià de Vallalta
CAMP DE FUTBOL MPAL. CENTRE PACO NAVARRO (2);UNIFICACIÓN C.F.SANTAPERPETUA B;Santa Perpètua de Mogoda;Santa Perpètua de Mogoda;Santa Perpètua de Mogoda
CAMP DE FUTBOL MPAL. DE PONT DE SUERT;ESCOLA F PONT RIBAGORÇA,C A;Pont d'Armentera, el;El Pont d'Armentera;El Pont d'Armentera
CAMP DE FUTBOL CEM TORRENT DE LLOPS;MARTORELL C.F. A;Martorell;Martorell;Martorell
No especificado;CAN VIDALET, C.F. B;Esplugues de Llobregat 2 (Can Vidalet);Esplugues de Llobregat;Can Vidalet
CAMP DE FUTBOL MPAL. DE LA SELVA DEL CAMP;LA SELVA DEL CAMP, F.C. A;Selva de Mar, la;La Selva de Mar;La Selva de Mar
CAMP DE FUTBOL MPAL. LLOREDA;LLOREDA, C.F. A;Badalona 22 (Lloreda);Badalona;Lloreda
CAMP DE FUTBOL MPAL. MENORCA;Pª BARC. BARCINO, CE A;Barcelona 13 (Sant Pere);Barcelona;Sant Pere
CAMP DE FUTBOL MPAL. BARÓ DE VIVER;BESOS BARON DE VIVER CLUB FUTBOL A;Barcelona 179 (el Besòs);Barcelona;el Besòs
No especificado;ESPLUGUENC, C.F.A. A;Esplugues de Llobregat;Esplugues de Llobregat;Esplugues de Llobregat
CAMP DE FUTBOL MPAL. TURÓ DE LA PEIRA;PASTRANA, U.D A;Barcelona 133 (el Turó de la Peira i Can Peguera);Barcelona;el Turó de la Peira i Can Peguera
CAMP DE FUTBOL MPAL. DE BADALONA SUD;YOUNG TALENT BADALONA SUD ASSOC.ESP. B;Badalona;Badalona;Badalona
No especificado;CASTELLDEFELS, U.E. D;Castell d'Aro, Platja d'Aro i s'Agaró;Castell d'Aro, Platja d'Aro i s'Agaró;Castell d'Aro, Platja d'Aro i s'Agaró
CAMP DE FUTBOL ZEM RICARD GINEBREDA;INCRESA ATLETICO CLUB FUTBOL A;Breda;Breda;Breda
CAMP DE FUTBOL MPAL. ARRAHONA-MERINAL-JOAN MURTRO;MERCANTIL, C.E C;Sant Joan de les Abadesses;Sant Joan de les Abadesses;Sant Joan de les Abadesses
CAMP DE FUTBOL MPAL. DE MATADEPERA;MATADEPERENC, ATHLÈTIC A;Matadepera;Matadepera;Matadepera
CAMP DE FUTBOL MPAL. POBLE NOU;PUEBLO NUEVO-2002, C.F. A;Nou de Berguedà, la;La Nou de Berguedà;La Nou de Berguedà
Camp de Futbol MPAL. DE BALÀFIA MANUEL LORITE;BALAFIA, C.F.U.E. B;Lleida 1 (Balàfia);Lleida;Balàfia
CAMP DE FUTBOL CEM CAN ZAM (1);ARRABAL-CALAF GRAMANET C.D.  A;Santa Coloma de Gramenet;Santa Coloma de Gramenet;Santa Coloma de Gramenet
No especificado;FIGUERES, U.E. B;Figueres;Figueres;Figueres
CAMP DE FUTBOL MPAL. D´ALPICAT;ALPICAT, CLUB DE FUTBOL U.E. B;Alpicat;Alpicat;Alpicat
CAMP DE FUTBOL ZEM CAN RULL-PACO HERRERA (1);CAN RULL ROMULO TRONCHONI, CFU B;Sabadell 14 (Can Rull Nord - Via Alexandra);Sabadell;Can Rull Nord - Via Alexandra
CAMP DE FUTBOL MPAL. MAS IGLESIAS;MAS PELLICER, U.D.C. B;Mas de Barberans;Mas de Barberans;Mas de Barberans
CAMP DE FUTBOL ZEM CAN ROSÉS (1);RUBI, U.E. B;Roses;Roses;Roses
CAMP DE FUTBOL MPAL. CAN DEU;PLANADEU-ROUREDA UNIÓ  ESPORTIVA FUTBOL;Sabadell 12 (la Roureda - Sant Julià);Sabadell;la Roureda - Sant Julià
CAMP DE FUTBOL MPAL. DE SANT FOST DE CAMPSENTELLES;SANT FOST , U.E. B;Sant Fost de Campsentelles;Sant Fost de Campsentelles;Sant Fost de Campsentelles
CAMP DE FUTBOL CEM FORT-PIENC;Pª BARC. CINC COPES B;Barcelona 15 (el Fort Pienc);Barcelona;el Fort Pienc
CAMP DE FUTBOL CEM DE CABRILS;CABRILS, C.E. B;Cabrils;Cabrils;Cabrils
CAMP DE FUTBOL MPAL. DE SANT ESTEVE SESROVIRES;SANT ESTEVE SESROVIRES, F.C. A;Sant Esteve de la Sarga;Sant Esteve de la Sarga;Sant Esteve de la Sarga
CAMP DE FUTBOL MPAL. VALL D´HEBRON;ESCOLA DE FUTBOL PREMIER BARCELONA C;Barcelona;Barcelona;Barcelona
CAMP DE FUTBOL MPAL. DE CORBERA DE LLOBREGAT;CORBERA , C.F. B;Corbera d'Ebre;Corbera d'Ebre;Corbera d'Ebre
CAMP DE FUTBOL MPAL. DE SANT LLORENÇ D´HORTONS;HORTONENC, F.C. A;Llorenç del Penedès;Llorenç del Penedès;Llorenç del Penedès
CAMP DE FUTBOL CIUTAT ESPORTIVA GIMNÀSTIC DE TARRAGONA 2 2 Camps;GIMNASTIC TARRAGONA, C. C;Tarragona;Tarragona;Tarragona
CAMP DE FUTBOL ZEM CASC ANTIC;ESCOLA DE FUTBOL VILADECAVALLS, C. A;Valls;Valls;Valls
CAMP DE FUTBOL MPAL. LA FORJA CAMP-REDÓ;CAMPREDO, U.D.;Tortosa;Tortosa;Tortosa
CAMP DE FUTBOL MPAL. DE VILANOVA DEL VALLÈS;VILANOVA VALLES,C.F. A;Vilanova d'Escornalbou;Vilanova d'Escornalbou;Vilanova d'Escornalbou
CAMP DE FUTBOL MPAL. DE LA BORDETA;BORDETA DE LLEIDA, U.E. A;Lleida;Lleida;Lleida
No especificado;COSTA DAURADA FC A;Salou;Salou;Salou
No especificado;CASTELLDEFELS, U.E. A;Castell d'Aro, Platja d'Aro i s'Agaró;Castell d'Aro, Platja d'Aro i s'Agaró;Castell d'Aro, Platja d'Aro i s'Agaró
CAMP DE FUTBOL MPAL. PARE IGNASI PUIG;PARE IGNASI PUIG, C.F. A;Manresa 9 (les Escodines - la Balconada - Cal Gravat - Sant Pau);Manresa;les Escodines - la Balconada - Cal Gravat - Sant Pau
CAMP DE FUTBOL IEM DEL VILAR;AT.VALLS , C.F. A;Valls;Valls;Valls
CAMP DE FUTBOL CLUB JUNIOR, F.C.;JUNIOR,C.F. B;Sant Cugat del Vallès 9 (Can Sant Joan - Sant Mamet - Vullpalleres - Can Barata - Sector Nord - Can Graells);Sant Cugat del Vallès;Can Sant Joan - Sant Mamet - Vullpalleres - Can Barata - Sector Nord - Can Graells
CAMP DE FUTBOL MPAL. FRANCESC SERRACANTA;ASS.ESP.F.BASE PALAU 2024,  A;Palau d'Anglesola, el;El Palau d'Anglesola;El Palau d'Anglesola
CAMP DE FUTBOL MPAL. DE CORRÓ D´AVALL;BELLAVISTA MILAN, C. A;Desconocido;Desconocido;Desconocido
CAMP DE FUTBOL MPAL. CAN DEU;PLANADEU-ROUREDA UNIÓ ESPORTIVA FUTBOL A;Sabadell 12 (la Roureda - Sant Julià);Sabadell;la Roureda - Sant Julià
CAMP DE FUTBOL MPAL. DE LA BORDETA;BORDETA DE LLEIDA, U.E. B;Lleida;Lleida;Lleida
CAMP DE FUTBOL MPAL. DE CORNELLÀ DE LLOBREGAT;FUNDACIO UNIO ESPORTIVA CORNELLA A;Cornellà de Llobregat;Cornellà de Llobregat;Cornellà de Llobregat
CAMP DE FUTBOL MPAL. JOSEP PONS I VENTURA;CUBELLES, C.F. A;Cubelles;Cubelles;Cubelles
CAMP DE FUTBOL MPAL. DE LES ARENES;JUAN XXIII,C.S. A;Terrassa 22 (les Arenes - la Grípia - Can Montllor);Terrassa;les Arenes - la Grípia - Can Montllor
CAMP DE FUTBOL CEM CAN CASABLANQUES;SANT QUIRZE VALLES, F.C. A;Sant Quirze de Besora;Sant Quirze de Besora;Sant Quirze de Besora
CAMP DE FUTBOL ZEM LES FONTETES;CERDANYOLA VALLES, F.C.  C;Cerdanyola del Vallès;Cerdanyola del Vallès;Cerdanyola del Vallès
CAMP DE FUTBOL MPAL. JOAN CORTIELLA-CAN SERRADOR;CASTELLAR, UNIÓ ESPORTIVA A;Castell d'Aro, Platja d'Aro i s'Agaró;Castell d'Aro, Platja d'Aro i s'Agaró;Castell d'Aro, Platja d'Aro i s'Agaró
CAMP DE FUTBOL MPAL. JOSEP SEGUER;PARETS, C.F. B;Parets del Vallès;Parets del Vallès;Parets del Vallès
CAMP DE FUTBOL MPAL. TONI BUCH;SANTVICENTI CLUB FUTBOL A;Sant Vicenç de Montalt;Sant Vicenç de Montalt;Sant Vicenç de Montalt
CAMP DE FUTBOL MPAL. ANTONIO ORTEGA PAREJO;COL.LEGI S.PAU APOSTOL ESP.APA C;Sant Antoni de Vilamajor;Sant Antoni de Vilamajor;Sant Antoni de Vilamajor
CAMP DE FUTBOL MPAL. DE PARDINYES;PARDINYES C.F. B;Lleida 9 (Pardinyes);Lleida;Pardinyes
CAMP DE FUTBOL ZEM TOMÀS CLARAMUNT (Abans la Muntanyeta);CALELLA, C.F. A;Alella;Alella;Alella
No especificado;SARRIA TER, C.F. B;Sarrià de Ter;Sarrià de Ter;Sarrià de Ter
CAMP DE FUTBOL CLUB GIMNÀSTIC PARC;GIMNASTIC MANRESA C. B;Manresa;Manresa;Manresa
CAMP DE FUTBOL MPAL. PAS BLAU;LA POBLA CLARAMUNT, C.F. A;Pobla de Cérvoles, la;La Pobla de Cérvoles;La Pobla de Cérvoles
CAMP DE FUTBOL MPAL. CAN PAHISSA;GUALBA, F.C.  A;Gualba;Gualba;Gualba
CAMP DE FUTBOL MPAL. D'AIGUADOLÇ;SITGES, U.E. A;Sitges;Sitges;Sitges
CAMP DE FUTBOL MPAL. PLÀ DEL BONAIRE;CAN PARELLADA, C.D. B;Pla de Santa Maria, el;El Pla de Santa Maria;El Pla de Santa Maria
No especificado;ALDEANA, U.E. B;Aldea, l';L'Aldea;L'Aldea
CAMP DE FUTBOL MPAL. NOVA CIUTAT ESPORTIVA BLANES;BLANES, C.D. B;Blanes;Blanes;Blanes
CAMP DE FUTBOL CEM SANT OLEGUER;SABADELL ATLETIC , ASSOC. ESP. P.R A;Sabadell;Sabadell;Sabadell
CAMP DE FUTBOL CE DE L´ENERGIA;MERCAT NOU MAGÒRIA, S.E. CLUB A;Barcelona 62 (Santa Maria de Sants);Barcelona;Santa Maria de Sants
CAMP DE FUTBOL MPAL. PUBILLA CASAS;FUNDACIÓ ACADÈMIA F. L'HOSPITALET  B;Hospitalet de Llobregat, l';L'Hospitalet de Llobregat;L'Hospitalet de Llobregat
No especificado;VILASECA C.F. A;Desconocido;Desconocido;Desconocido
No especificado;SANT CELONI, FUTBOL CLUB;Sant Celoni;Sant Celoni;Sant Celoni
CAMP DE FUTBOL IEM LA ROMÀNICA;LA ROMANICA, C.F. A;Barberà del Vallès;Barberà del Vallès;Barberà del Vallès
CAMP DE FUTBOL MPAL. LA COMA;CONSTANTI, C.E. A;Coma i la Pedra, la;La Coma i la Pedra;La Coma i la Pedra
CAMP DE FUTBOL MPAL. CA N´ANGLADA;SAN CRISTOBAL, C.P. C;Terrassa 6 (Ca n'Anglada);Terrassa;Ca n'Anglada
No especificado;ROSES CITY FUTBOL CLUB  A;Roses;Roses;Roses
CAMP DE FUTBOL ZEM DE RIPOLLET;RIPOLLET, C.F. C;Ripollet 1 (Centre - Maragall);Ripollet;Centre - Maragall
CAMP DE FUTBOL MPAL. DE PERALADA;PERALADA, C.F. B;Peralada;Peralada;Peralada
CAMP DE FUTBOL MPAL. CA N´ANGLADA;SAN CRISTOBAL, C.P. B;Terrassa 6 (Ca n'Anglada);Terrassa;Ca n'Anglada
CAMP DE FUTBOL MPAL. CAN PUIGGENER;OAR GRÀCIA SBD E.F. A;Sabadell 18 (Gràcia);Sabadell;Gràcia
CAMP DE FUTBOL MPAL. DE CALAFELL;ESCOLA FUTBOL BASE CALAFELL CF A;Calaf;Calaf;Calaf
CAMP DE FUTBOL MPAL. LA SATÀLIA;APA POBLE SEC, CE. B;Barcelona 48 (Santa Madrona, la Satàlia i Montjuïc);Barcelona;Santa Madrona, la Satàlia i Montjuïc
CAMP DE FUTBOL MPAL. DE SANT GREGORI;SANT GREGORI, A.E. B;Sant Gregori;Sant Gregori;Sant Gregori
CAMP DE FUTBOL MPAL. DE VILADECANS;VILADECANS U.D. C;Viladecans;Viladecans;Viladecans
CAMP DE FUTBOL CEM JULIO MÉNDEZ;FUNDACIO PRIVADA ASSOC. ESP. PRAT  A;Prat de Comte;Prat de Comte;Prat de Comte
CAMP DE FUTBOL MPAL. DE VALLIRANA;VALLIRANA C.F. A;Vallirana;Vallirana;Vallirana
CAMP DE FUTBOL CEM CAN ZAM (2);SINGUERLÍN, C.F. A;Santa Coloma de Gramenet 7 (Singuerlin - Can Zam);Santa Coloma de Gramenet;Singuerlin - Can Zam
CAMP DE FUTBOL ESCOLA INDUSTRIAL;Pª BARC. ANGUERA B;Barcelona 35 (l'Escola Industrial);Barcelona;l'Escola Industrial
CAMP DE FUTBOL CLUB NATACIÓ TERRASSA;NATACIO TERRASSA, C B;Terrassa;Terrassa;Terrassa
CAMP DE FUTBOL MPAL. DE LLIÇÀ DE VALL;LLIÇA DE VALL C.F. B;Lliçà d'Amunt;Lliçà d'Amunt;Lliçà d'Amunt
CAMP DE FUTBOL MPAL. ANTONI SERRA I PUJOL;BARBERÀ CLUB DE FUTBOL  C;Barberà de la Conca;Barberà de la Conca;Barberà de la Conca
CAMP DE FUTBOL CEM MARESME;POBLE NOU ,AT. B;Barcelona 180 (el Maresme i el Maresme Vell);Barcelona;el Maresme i el Maresme Vell
No especificado;CAN VIDALET, C.F. C;Esplugues de Llobregat 2 (Can Vidalet);Esplugues de Llobregat;Can Vidalet
CAMP DE FUTBOL ESCOLA ESPORTIVA BRAFA;ESCOLA E.BRAFA B;Barcelona 142 (Santa Engràcia);Barcelona;Santa Engràcia
CAMP DE FUTBOL CEM LES COMES  2 Camps;ATENEU IGUALADI, S.E.F. A;Igualada;Igualada;Igualada
No especificado;HOSPITALENSE, AT.C. B;Hospitalet de Llobregat 3 (Centre - la Farga), l';Hospitalet de Llobregat;Centre - la Farga
CAMP DE FUTBOL CEM SAGNIER;PRAT, A.E. B;Prat de Comte;Prat de Comte;Prat de Comte
CAMP DE FUTBOL MPAL. CAN BUXERES;CAN BUXERES, F.C. C;Hospitalet de Llobregat 16 (Collblanc - Cementiri - Carretera), l';Hospitalet de Llobregat;Collblanc - Cementiri - Carretera
CAMP DE FUTBOL CEM FORT-PIENC;GUINARDÓ, C.F. A;Barcelona 15 (el Fort Pienc);Barcelona;el Fort Pienc
CAMP DE FUTBOL MPAL. DE SANT JUST DESVERN;SANT JUST DESVERN CLUB FUTBOL A;Sant Just Desvern;Sant Just Desvern;Sant Just Desvern
CAMP DE FUTBOL MPAL. MAS IGLESIAS;LA SALLE REUS, AGRUPACIO ESPORTIVA  A;Mas de Barberans;Mas de Barberans;Mas de Barberans
CAMP DE FUTBOL MPAL. LA FEIXA LLARGA;UNIFICACION BELLVITGE, U.D. C;Hospitalet de Llobregat 29 (Bellvitge - Estació), l';Hospitalet de Llobregat;Bellvitge - Estació
CAMP DE FUTBOL MPAL. LUIS GONZÁLEZ BAEZA;LA FLORIDA C.F. B;Hospitalet de Llobregat 10 (la Florida - Plaça de la Llibertat), l';Hospitalet de Llobregat;la Florida - Plaça de la Llibertat
CAMP DE FUTBOL COL·LEGI PARE MANYANET DE REUS;PARE MANYANET, A.E. B;Reus;Reus;Reus
CAMP DE FUTBOL MPAL. REDDIS;SANTES CREUS CLUB ESP. C;Reus;Reus;Reus
No especificado;SALOU, U.D. C;Salou;Salou;Salou
CAMP DE FUTBOL IEM LA ROMÀNICA;BARBERÀ CLUB DE FUTBOL  D;Barberà del Vallès;Barberà del Vallès;Barberà del Vallès
CAMP DE FUTBOL ZEM BUFALÀ;BUFALÀ, C.F. B;Badalona 25 (Bufalà Oest - sector Can Barriga);Badalona;Bufalà Oest - sector Can Barriga
CAMP DE FUTBOL MPAL. ESPORTIU PITORT;CASTELLDEFELS, U.E. B;Castell d'Aro, Platja d'Aro i s'Agaró;Castell d'Aro, Platja d'Aro i s'Agaró;Castell d'Aro, Platja d'Aro i s'Agaró
CAMP DE FUTBOL MPAL. LA FERRERIA;BASE MONTCADA CLUB FUTBOL  C;Montcada i Reixac;Montcada i Reixac;Montcada i Reixac
CAMP DE FUTBOL MPAL. ARRAHONA-MERINAL-JOAN MURTRO;MARINA-ESCOLA DE FUTBOL JOAN MURTRO  A;Sant Joan de les Abadesses;Sant Joan de les Abadesses;Sant Joan de les Abadesses
CAMP DE FUTBOL MPAL. PERE GOL;FUNDACIÓ FUTBOL BADALONA C;Badalona;Badalona;Badalona
CAMP DE FUTBOL MPAL. ALMEDA;FUNDACIO UNIO ESPORTIVA CORNELLA C;Cornellà de Llobregat 9 (Almeda);Cornellà de Llobregat;Almeda
No especificado;FUNDACIÓ ESPORTIVA GRAMA C;Santa Coloma de Gramenet;Santa Coloma de Gramenet;Santa Coloma de Gramenet
CAMP DE FUTBOL MPAL. DE SANT JUST DESVERN;FUNDACIO ATLETIC SANT JUST  C;Sant Just Desvern;Sant Just Desvern;Sant Just Desvern
CAMP DE FUTBOL MPAL. DEL CENTENARI;ESCOLA FUTBOL MATARO C.E C;Mataró;Mataró;Mataró
CAMP DE FUTBOL COL·LEGI PARE MANYANET DE REUS;PARE MANYANET, A.E. A;Reus;Reus;Reus
CAMP DE FUTBOL CEM LA GUINEUETA;ESCOLA ESPORTIVA GUINEUETA C.F  B;Barcelona 135 (la Guineueta);Barcelona;la Guineueta
CAMP DE FUTBOL CEM CAN ZAM (1);ARRABAL-CALAF GRAMANET C.D. D;Santa Coloma de Gramenet;Santa Coloma de Gramenet;Santa Coloma de Gramenet
CAMP DE FUTBOL MPAL. CAN MAGÍ;Pª BLAUGRANA SANT CUGAT C;Sant Cugat del Vallès;Sant Cugat del Vallès;Sant Cugat del Vallès
CAMP DE FUTBOL ZEM CAN CABANYES;SISTRELLS C.F. B;Badalona 18 (Sistrells);Badalona;Sistrells
CAMP DE FUTBOL MPAL. MION-PUIGBERENGUER;PIRINAICA, F.C. C;Manresa 5 (el Poble Nou - Mion, Puigberenguer i Miralpeix);Manresa;el Poble Nou - Mion, Puigberenguer i Miralpeix
CAMP DE FUTBOL CEM ARISTIDES MAILLOL;PENYA BARC. COLLBLANC SANTS,AE B;Hospitalet de Llobregat 15 (Collblanc - Centre - Vallparda), l';Hospitalet de Llobregat;Collblanc - Centre - Vallparda
CAMP DE FUTBOL CEM CAN DRAGO;CONGRÉS CLUB ESP. A;Barcelona 130 (Can Dragó);Barcelona;Can Dragó
CAMP DE FUTBOL MPAL. CASABLANCA;CASABLANCA , F.C. A;Desconocido;Desconocido;Desconocido
CAMP DE FUTBOL MPAL. DE CORNELLÀ DE LLOBREGAT;FUNDACIO UNIO ESPORTIVA CORNELLA  A;Cornellà de Llobregat;Cornellà de Llobregat;Cornellà de Llobregat
CAMP DE FUTBOL MPAL. PARC CATALANA;BARCELONETA, C.F. B;Barcelona 10 (Sant Miquel del Port);Barcelona;Sant Miquel del Port
CAMP DE FUTBOL MPAL. DE SANT PERE I SANT PAU;ESCUELA F.SAN PEDRO SAN PABLO B;Sant Pau de Segúries;Sant Pau de Segúries;Sant Pau de Segúries
CAMP DE FUTBOL MPAL. DE SUNYER;SUNYER, C.F.;Sunyer;Sunyer;Sunyer
CAMP DE FUTBOL MPAL. DE FONDARELLA;ESCOLA DE FUTBOL MASCANÇA A;Fondarella;Fondarella;Fondarella
CAMP DE FUTBOL MPAL. DEL CENTENARI-AISS;SANT ANDREU, U.E C;Sant Andreu de la Barca;Sant Andreu de la Barca;Sant Andreu de la Barca
CAMP DE FUTBOL MPAL. L'ÀLIGA;EUROPA, C.E. C;Barcelona 103 (Joanic);Barcelona;Joanic
No especificado;ODENA, C.E. B;Òdena;Òdena;Òdena
CAMP DE FUTBOL MPAL. OLÍMPIA;SABADELL F.C., C.E. C;Sabadell;Sabadell;Sabadell
No especificado;FUNDACIO E. ATLETIC VILAFRANCA C;Vilafranca del Penedès;Vilafranca del Penedès;Vilafranca del Penedès
CAMP DE FUTBOL ZEM CAN JOFRESA;UNIO F. BASE JABAC I TERRASSA C;Terrassa 9 (Can Jofresa - Can Palet II - Guadalhorce - Xúquer);Terrassa;Can Jofresa - Can Palet II - Guadalhorce - Xúquer
CAMP DE FUTBOL MPAL. LA SATÀLIA;APA POBLE SEC, CE. C;Barcelona 48 (Santa Madrona, la Satàlia i Montjuïc);Barcelona;Santa Madrona, la Satàlia i Montjuïc
CAMP DE FUTBOL MPAL. DE CALLDETENES;RIUDEPERES C.F. AT. A;Calldetenes;Calldetenes;Calldetenes
CAMP DE FUTBOL COL·LEGI XALOC;LES CORTS DE BARCELONA CLUB ESP. B;Hospitalet de Llobregat 26 (Santa Eulàlia - Centre Sud - Ciutat de la Justícia), l';Hospitalet de Llobregat;Santa Eulàlia - Centre Sud - Ciutat de la Justícia
CAMP DE FUTBOL MPAL. LUIS GONZÁLEZ BAEZA;ALBIRROJITA DE CATALUNYA ASSOCIACIO CLUB SOCIAL A;Catalunya;Catalunya;Catalunya
CAMP DE FUTBOL CEM FORT-PIENC;Pª BARC. CINC COPES A;Barcelona 15 (el Fort Pienc);Barcelona;el Fort Pienc
CAMP DE FUTBOL CEM MUNDET (1);CATALONIA, U.B. C;Desconocido;Desconocido;Desconocido
CAMP DE FUTBOL SCHOOL EUROPA INTERNATIONAL;SANT CUGAT FUTBOL CLUB D;Sant Cugat del Vallès;Sant Cugat del Vallès;Sant Cugat del Vallès
CAMP DE FUTBOL IEM DEL VILAR;ESCOLA VALLS FUTBOL CLUB A;Valls;Valls;Valls
CAMP DE FUTBOL MPAL. LA SATÀLIA;OUSADIA, FUTBOL  CLUB  A;Barcelona 48 (Santa Madrona, la Satàlia i Montjuïc);Barcelona;Santa Madrona, la Satàlia i Montjuïc
CAMP DE FUTBOL COL·LEGI SANT IGNASI;SANT IGNASI C.E. A;Barcelona 79 (la Bonanova, la Torre Vilana i l'Avinguda del Tibidabo);Barcelona;la Bonanova, la Torre Vilana i l'Avinguda del Tibidabo
CAMP DE FUTBOL COL·LEGI VIARÓ;D'ARAN CLUB  ASSOCIACIÓ CULTURAL  B;Sant Cugat del Vallès 9 (Can Sant Joan - Sant Mamet - Vullpalleres - Can Barata - Sector Nord - Can Graells);Sant Cugat del Vallès;Can Sant Joan - Sant Mamet - Vullpalleres - Can Barata - Sector Nord - Can Graells
CAMP DE FUTBOL MPAL. DE BORRASSÀ;BORRASSA, F.C. A;Borrassà;Borrassà;Borrassà
CAMP DE FUTBOL COL·LEGI VIARÓ;D'ARAN CLUB  ASSOCIACIÓ CULTURAL  A;Sant Cugat del Vallès 9 (Can Sant Joan - Sant Mamet - Vullpalleres - Can Barata - Sector Nord - Can Graells);Sant Cugat del Vallès;Can Sant Joan - Sant Mamet - Vullpalleres - Can Barata - Sector Nord - Can Graells
CAMP DE FUTBOL MPAL. DE BADALONA SUD;SAN LORENZO CATALUNYA A;Badalona;Badalona;Badalona
CAMP DE FUTBOL MPAL. DE LES PLANES (SANT JOAN DESPÍ);SANT JOAN DESPI-SAN PANCRACIO, FUTBOL CLUB  B;Planes d'Hostoles, les;Les Planes d'Hostoles;Les Planes d'Hostoles
CAMP DE FUTBOL MPAL. SANTA EULÀLIA;FUNDACIÓ ACADEMIA F. L'HOSPITALET  C;Hospitalet de Llobregat, l';L'Hospitalet de Llobregat;L'Hospitalet de Llobregat
CAMP DE FUTBOL MPAL. DE MATADEPERA;MATADEPERENC, ATHLETIC A;Matadepera;Matadepera;Matadepera
CAMP DE FUTBOL MPAL. CAMP DE LA VILA;FEC VALL DEL TER A;Vall d'en Bas, la;La Vall d'en Bas;La Vall d'en Bas
CAMP DE FUTBOL MPAL. SANT ILDEFONS;SANT ILDEFONS, U.E. C;Cornellà de Llobregat 6 (Sant Ildefons Oest);Cornellà de Llobregat;Sant Ildefons Oest
CAMP DE FUTBOL CEM ESTRUCH;TERLENKA BARCELONISTA C. F. B;Sant Celoni;Sant Celoni;Sant Celoni
CAMP DE FUTBOL MPAL. DE SANT JUST DESVERN;FUNDACIO ATLETIC SANT JUST  B;Sant Just Desvern;Sant Just Desvern;Sant Just Desvern
CAMP DE FUTBOL MPAL. RAMON FARRÚS;CLUB ESPORTIU ATLETIC LLEIDA  B;Lleida;Lleida;Lleida
CAMP DE FUTBOL COMPLEX ESPORTIU ANTONI PALAU;MIG SEGRIA, C.E. B;Palau d'Anglesola, el;El Palau d'Anglesola;El Palau d'Anglesola
CAMP DE FUTBOL MPAL. DEL CENTRE HISTÒRIC;ESPLAIS, C.F. A;Castelló d'Empúries;Castelló d'Empúries;Castelló d'Empúries
CAMP DE FUTBOL MPAL. DE MONT-ROIG DEL CAMP;MONT-ROIG AT. A;Mont-roig del Camp;Mont-roig del Camp;Mont-roig del Camp
CAMP DE FUTBOL MPAL. TEIXONERA;ESCOLA DE FUTBOL STOITCHKOV-RACING SARRIÀ  C;Sarrià de Ter;Sarrià de Ter;Sarrià de Ter
No especificado;AMPOSTA, C.F. C;Amposta;Amposta;Amposta
CAMP DE FUTBOL MPAL. LA PLANA - CERVELLÓ;Pª BLAUGRANA CERVELLO A;Cervelló;Cervelló;Cervelló
CAMP DE FUTBOL ZEM CAN TORELLÓ (Gavà);ESCOLA F. GAVA, C. B;Gavà;Gavà;Gavà
No especificado;LLINARS, C.E. B;Llinars del Vallès;Llinars del Vallès;Llinars del Vallès
CAMP DE FUTBOL ZEM CAN TORELLÓ (Gavà);GAVA, C.F. A;Gavà;Gavà;Gavà
CAMP DE FUTBOL COL·LEGI XALOC;ASSOCIACIO ANTICS ALUMNES DE XALOC  A;Hospitalet de Llobregat 26 (Santa Eulàlia - Centre Sud - Ciutat de la Justícia), l';Hospitalet de Llobregat;Santa Eulàlia - Centre Sud - Ciutat de la Justícia
CAMP DE FUTBOL CE DE L´ENERGIA;SANTS, U.E. B;Barcelona 62 (Santa Maria de Sants);Barcelona;Santa Maria de Sants
CAMP DE FUTBOL MPAL. DE CAMALLERA;CAMALLERA, C.F. A;Desconocido;Desconocido;Desconocido
CAMP DE FUTBOL MPAL. DE GELIDA;GELIDA, C.F. A;Gelida;Gelida;Gelida
CAMP DE FUTBOL MPAL. DEL PLA DE SANTA MARIA;ESCOLA F. EL PLA DE SANTA MARIA A;Pla de Santa Maria, el;El Pla de Santa Maria;El Pla de Santa Maria
CAMP DE FUTBOL MPAL. DE CASTELL D´ARO;ARO, C.E. A;Castell d'Aro, Platja d'Aro i s'Agaró;Castell d'Aro, Platja d'Aro i s'Agaró;Castell d'Aro, Platja d'Aro i s'Agaró
CAMP DE FUTBOL CEM CAN CARALLEU;SARRIA, C.P. B;Sarrià de Ter;Sarrià de Ter;Sarrià de Ter
CAMP DE FUTBOL CLUB CENTRE ESPORTIU VEDRUNA;UNIÓ GIRONA A.C.E. C;Girona;Girona;Girona
CAMP DE FUTBOL MPAL. JOAN BUSÓ;FORNELLS, UE. A;Fornells de la Selva;Fornells de la Selva;Fornells de la Selva
CAMP DE FUTBOL MPAL. DE PIERA;PIERA, A.E. A;Piera;Piera;Piera
CAMP DE FUTBOL MPAL. JOSEP RAICH;MOLINS DE REI, C.F. B;Molins de Rei;Molins de Rei;Molins de Rei
CAMP DE FUTBOL MPAL. LA CUITORA;LA LLACUNA, C.F. A;Llacuna, la;La Llacuna;La Llacuna
CAMP DE FUTBOL CEM CAN XAUBET;AQUA HOTEL FUTBOL CLUB B;Desconocido;Desconocido;Desconocido
CAMP DE FUTBOL MPAL. LA FERRERIA;MONTCADA, C.D A;Montcada i Reixac;Montcada i Reixac;Montcada i Reixac
CAMP DE FUTBOL MPAL. NOU SARDENYA;EUROPA, C.E. C;Barcelona 103 (Joanic);Barcelona;Joanic
CAMP DE FUTBOL MPAL. SERGIO BUSQUETS BURGOS;BADIA DEL VALLES, C.D. B;Badia del Vallès;Badia del Vallès;Badia del Vallès
CAMP DE FUTBOL COL·LEGI MONTESSORI-PALAU;MONTESSORI-PALAU, C.C.E. A;Palau d'Anglesola, el;El Palau d'Anglesola;El Palau d'Anglesola
CAMP DE FUTBOL MPAL. DE SANT JOAN LES FONTS;SANTJOANENC, C.P. A;Terrassa 10 (Can Parellada - les Fonts);Terrassa;Can Parellada - les Fonts
CAMP DE FUTBOL MPAL. CANYELLES  (EL GARRAF);CANYELLES ASSOC. ESP. CF. A;Canyelles;Canyelles;Canyelles
CAMP DE FUTBOL MPAL. ANTONI MATEU;MORA LA NOVA, AT. A;Móra d'Ebre;Móra d'Ebre;Móra d'Ebre
CAMP DE FUTBOL MPAL. DE LA POBLA DE SEGUR;ESCOLA F. POBLA SEGUR I COMARCA;Marçà;Marçà;Marçà
CAMP DE FUTBOL MPAL. DE MONTGAT;FUNDACIÓ ESPORTIVA MONTGAT B;Montgat;Montgat;Montgat
CAMP DE FUTBOL MPAL. SANT GENÍS;SANT GENIS-PENITENTES, C.D. A;Barcelona 120 (Sant Genís dels Agudells);Barcelona;Sant Genís dels Agudells
CAMP DE FUTBOL MPAL. LA FEIXA LLARGA;UNIFICACION BELLVITGE, U.D. B;Hospitalet de Llobregat 29 (Bellvitge - Estació), l';Hospitalet de Llobregat;Bellvitge - Estació
CAMP DE FUTBOL MPAL. LES GUIXERES;COMACROS, UE A;Desconocido;Desconocido;Desconocido
CAMP DE FUTBOL MPAL. DE BONAVISTA;RACING CLUB FUTBOL BONAVISTA A;Tarragona;Tarragona;Tarragona
CAMP DE FUTBOL MPAL. DE RIUDELLOTS DE LA SELVA;RIUDELLOTS CLUB ESPORTIU  A;Riudellots de la Selva;Riudellots de la Selva;Riudellots de la Selva
CAMP DE FUTBOL ZEM DE L´ALBI;ALBI, C.F. A;Albi, l';L'Albi;L'Albi
CAMP DE FUTBOL MPAL. GERMANS GONZALVO (1);MOLLET U.E.,CF. A;Mollet de Peralada;Mollet de Peralada;Mollet de Peralada
CAMP DE FUTBOL MPAL. DE TORRELLES DE FOIX;TORRELLENC, C.E. A;Torre de Cabdella, la;La Torre de Cabdella;La Torre de Cabdella
CAMP DE FUTBOL MPAL. POBLE NOU;PUEBLO NUEVO-2002, C.F. B;Nou de Berguedà, la;La Nou de Berguedà;La Nou de Berguedà
CAMP DE FUTBOL MPAL. DEL PAPIOL;PAPIOL, U.E. A;Papiol, el;El Papiol;El Papiol
CAMP DE FUTBOL IEM DE CARME;CARME, C.E. A;Desconocido;Desconocido;Desconocido
CAMP DE FUTBOL MPAL. LA MAURINA;MAURINA EGARA, C.F. A;Terrassa 15 (la Maurina);Terrassa;la Maurina
CAMP DE FUTBOL MPAL. SOT DEL BAGUENY;SANT POL, AT. A;Sant Pol de Mar;Sant Pol de Mar;Sant Pol de Mar
CAMP DE FUTBOL MPAL. D´ALMACELLES;ALMACELLES , C.E. F. A;Almacelles;Almacelles;Almacelles
CAMP DE FUTBOL MPAL. LA BARRUANA;Pª BARC. SANT VICENÇ HORTS B;Sant Vicenç de Castellet;Sant Vicenç de Castellet;Sant Vicenç de Castellet
CAMP DE FUTBOL CEM MUNDET (1);CATALÒNIA, U.B. B;Desconocido;Desconocido;Desconocido
CAMP DE FUTBOL MPAL. D'AGRAMUNT ESCOLA GERARD GATELL;AGRAMUNT ESCOLA GERARD GATELL C.F A;Agramunt;Agramunt;Agramunt
CAMP DE FUTBOL MPAL. PONENT;PONENT C.F. A;Desconocido;Desconocido;Desconocido
CAMP DE FUTBOL MPAL. PERE GOL;LA SALUT PERE GOL AE. A;Badalona 16 (la Salut Centre);Badalona;la Salut Centre
CAMP DE FUTBOL MPAL. DE SANT PERE NORD;SANT PERE NORD , C.F. A;Sant Pere de Ribes;Sant Pere de Ribes;Sant Pere de Ribes
CAMP DE FUTBOL COL·LEGI SANT IGNASI;SANT IGNASI C.E. D;Barcelona 79 (la Bonanova, la Torre Vilana i l'Avinguda del Tibidabo);Barcelona;la Bonanova, la Torre Vilana i l'Avinguda del Tibidabo
No especificado;GRAMANET, UD.AT. A;Santa Coloma de Gramenet;Santa Coloma de Gramenet;Santa Coloma de Gramenet
CAMP DE FUTBOL ZEM CAN TINTORER;SPORTING GAVA 2021, FUTBOL CLUB C;Gavà;Gavà;Gavà
CAMP DE FUTBOL COL·LEGI VIARÓ;DAUMAR , ASSOCIACIO CLUB  A;Sant Cugat del Vallès 9 (Can Sant Joan - Sant Mamet - Vullpalleres - Can Barata - Sector Nord - Can Graells);Sant Cugat del Vallès;Can Sant Joan - Sant Mamet - Vullpalleres - Can Barata - Sector Nord - Can Graells
CAMP DE FUTBOL MPAL. DE LES ARENES;JUAN XXIII,C.S. B;Terrassa 22 (les Arenes - la Grípia - Can Montllor);Terrassa;les Arenes - la Grípia - Can Montllor
CAMP DE FUTBOL MPAL. DE MOIÀ;MOIA, C.E. A;Moià;Moià;Moià
CAMP DE FUTBOL MPAL. DE BELLCAIRE D´EMPORDÀ;FUTBOL CLUB BELLCAIRE 2012 A;Bellcaire d'Empordà;Bellcaire d'Empordà;Bellcaire d'Empordà
CAMP DE FUTBOL MPAL. CAN CARTRÓ;CAN CARTRO, C.F. A;Desconocido;Desconocido;Desconocido
No especificado;POBLA MAFUMET, C.F. A;Pobla de Cérvoles, la;La Pobla de Cérvoles;La Pobla de Cérvoles
CAMP DE FUTBOL MPAL. CANYELLES (BCN);CANYELLES,C.E. A;Canyelles;Canyelles;Canyelles
CAMP DE FUTBOL COMPLEX ESPORTIU ANTONI PALAU;MIG SEGRIA, C.E. C;Palau d'Anglesola, el;El Palau d'Anglesola;El Palau d'Anglesola
CAMP DE FUTBOL MPAL. XEVI RAMON;FUNDACIO  UNIÓ ESPORTIVA VILASSAR  D;Sant Ramon;Sant Ramon;Sant Ramon
CAMP DE FUTBOL MPAL. DE NAVARCLES;NAVARCLES, C.F. A;Navarcles;Navarcles;Navarcles
CAMP DE FUTBOL MPAL. D´ANGLÈS;ANGLES C.E. A;Anglès;Anglès;Anglès
CAMP DE FUTBOL MPAL. DEL CATLLAR;EL CATLLAR, C.E. B;Catllar, el;El Catllar;El Catllar
CAMP DE FUTBOL ZEM CAN ROSÉS (1);RUBI, U.E. A;Roses;Roses;Roses
CAMP DE FUTBOL CEM CAN ZAM (2);SINGUERLIN, C.F. A;Santa Coloma de Gramenet 7 (Singuerlin - Can Zam);Santa Coloma de Gramenet;Singuerlin - Can Zam
CAMP DE FUTBOL MPAL. ALMEDA;ALMEDA, C.D. A;Cornellà de Llobregat 9 (Almeda);Cornellà de Llobregat;Almeda
CAMP DE FUTBOL MPAL. DE VILANOVA DEL VALLÈS;VILANOVA VALLES,C.F. B;Vilanova d'Escornalbou;Vilanova d'Escornalbou;Vilanova d'Escornalbou
No especificado;GAVA, C.F. A;Gavà;Gavà;Gavà
CAMP DE FUTBOL CEM FORT-PIENC;CHACARITA, C.F. A;Barcelona 15 (el Fort Pienc);Barcelona;el Fort Pienc
CAMP DE FUTBOL MPAL. PLÀ DEL BONAIRE;ESCUELA F. BONAIRE A;Pla de Santa Maria, el;El Pla de Santa Maria;El Pla de Santa Maria
CAMP DE FUTBOL MPAL. DE NAVARCLES;NAVARCLES, C.F. B;Navarcles;Navarcles;Navarcles
CAMP DE FUTBOL CEM CAN XAUBET;AQUA HOTEL FUTBOL CLUB A;Desconocido;Desconocido;Desconocido
No especificado;FUNDACIÓ UNIÓ ESPORTIVA VIC B;Vic;Vic;Vic
CAMP DE FUTBOL MPAL. CARMEL;CARMELO, C.D. A;Barcelona 118 (el Baix Carmel);Barcelona;el Baix Carmel
CAMP DE FUTBOL MPAL. DE CAN XALANT;JUVENTUS, A.C. B;Mataró 10 (la Llàntia);Mataró;la Llàntia
CAMP DE FUTBOL MPAL. SANT ILDEFONS;SANT ILDEFONS, U.E. A;Cornellà de Llobregat 6 (Sant Ildefons Oest);Cornellà de Llobregat;Sant Ildefons Oest
CAMP DE FUTBOL MPAL. DE VALLVIDRERA;DIAGONAL CLUB ESP. A;Barcelona 73 (Pedralbes, la Mercè i el Palau Reial);Barcelona;Pedralbes, la Mercè i el Palau Reial
CAMP DE FUTBOL MPAL. DISTRICTE 5È;REUS CITY ACADEMY FUTBOL CLUB A;Reus;Reus;Reus
CAMP DE FUTBOL MPAL. DE CASTELLDANS;CASTELLDANS, U.E. A;Castell d'Aro, Platja d'Aro i s'Agaró;Castell d'Aro, Platja d'Aro i s'Agaró;Castell d'Aro, Platja d'Aro i s'Agaró
CAMP DE FUTBOL MPAL. PUBILLA CASAS;FUNDACIÓ ACADÈMIA F. L'HOSPITALET  A;Hospitalet de Llobregat, l';L'Hospitalet de Llobregat;L'Hospitalet de Llobregat
No especificado;FUNDACIÓ TERRASSA FC 1906 A;Terrassa;Terrassa;Terrassa
CAMP DE FUTBOL CEM CAN DRAGO;ALZAMORA, C.F. A;Barcelona 130 (Can Dragó);Barcelona;Can Dragó
CAMP DE FUTBOL MPAL. DE SANT ESTEVE SESROVIRES;SANT ESTEVE SESROVIRES, F.C. B;Sant Esteve de la Sarga;Sant Esteve de la Sarga;Sant Esteve de la Sarga
CAMP DE FUTBOL CEM CLOT DE LA MEL;VILA OLIMPICA CLUB ESP. D;Barcelona 172 (la Vila Olímpica i el Bogatell);Barcelona;la Vila Olímpica i el Bogatell
CAMP DE FUTBOL MPAL. JOAN SAUMELL;MEDIONA, C.F. A;Mediona;Mediona;Mediona
CAMP DE FUTBOL MPAL. DE BADALONA SUD;MONTSANT DE LA PEIRA, U.D. A;Badalona;Badalona;Badalona
CAMP DE FUTBOL MPAL. U.E.GURB;GURB, U.E.  A;Gurb;Gurb;Gurb
CAMP DE FUTBOL COL·LEGI LA FARGA;LA FARGA XXI, CE B;Sant Cugat del Vallès;Sant Cugat del Vallès;Sant Cugat del Vallès
CAMP DE FUTBOL MPAL. DE TEIÀ;JOVENTUT TEIA CLUB FUTBOL;Teià;Teià;Teià
CAMP DE FUTBOL ZEM D´HOSTALRIC;HOSTALRIC, AT.C. A;Hostalric;Hostalric;Hostalric
CAMP DE FUTBOL MPAL. ZONA SUD;MOLLETENSE, U.D. A;Mollet de Peralada;Mollet de Peralada;Mollet de Peralada
CAMP DE FUTBOL CEM SANT OLEGUER;ESCOLA F. SABADELL A;Sabadell;Sabadell;Sabadell
CAMP DE FUTBOL MPAL. POLIVALENT PINS VENS (RUGBY);SITGES, U.E. B;Santa Oliva;Santa Oliva;Santa Oliva
CAMP DE FUTBOL ZEM RAÜL PALOMA;ARGENTONA, C.F. C;Argentona;Argentona;Argentona
CAMP DE FUTBOL MPAL. DE LA BORDETA;VILANOVETA DE LLEIDA CF A;Lleida;Lleida;Lleida
CAMP DE FUTBOL ZEM SANT JORDI;TORREDEMBARRA, U.D. A;Sant Jordi Desvalls;Sant Jordi Desvalls;Sant Jordi Desvalls
No especificado;ROSES, A.E. B;Roses;Roses;Roses
CAMP DE FUTBOL MPAL. CAN BORRELL;RACING BLANENC F.C. A;Blanes;Blanes;Blanes
CAMP DE FUTBOL MPAL. TEIXONERA;ESCOLA DE FUTBOL STOITCHKOV-RACING SARRIÀ  B;Sarrià de Ter;Sarrià de Ter;Sarrià de Ter
CAMP DE FUTBOL MPAL. TON TUNEU;BCN PRO, F.C. A;Desconocido;Desconocido;Desconocido
CAMP DE FUTBOL MPAL. DE BESCANÓ;BESCANO, C.E. B;Bescanó;Bescanó;Bescanó
CAMP DE FUTBOL MPAL. PROVENÇANA;FUNDACIO ESPORT.HOSPITALET AT B;Hospitalet de Llobregat, l';L'Hospitalet de Llobregat;L'Hospitalet de Llobregat
CAMP DE FUTBOL MPAL. CANOVELLES;CANOVELLES, U.E. A;Canovelles;Canovelles;Canovelles
CAMP DE FUTBOL CEM MARESME;PUJADAS, C.D. B;Barcelona 180 (el Maresme i el Maresme Vell);Barcelona;el Maresme i el Maresme Vell
No especificado;SANT CELONI, FUTBOL CLUB  C;Sant Celoni;Sant Celoni;Sant Celoni
CAMP DE FUTBOL MPAL. NARCÍS SALA;SANT ANDREU, U.E A;Sant Andreu de la Barca;Sant Andreu de la Barca;Sant Andreu de la Barca
CAMP DE FUTBOL ZEM BUFALÀ;BUFALA, C.F. B;Badalona 25 (Bufalà Oest - sector Can Barriga);Badalona;Bufalà Oest - sector Can Barriga
CAMP DE FUTBOL MPAL. IBERIA;SANTS, U.E. D;Desconocido;Desconocido;Desconocido
CAMP DE FUTBOL MPAL. POBLENOU-AGAPITO FERNÁNDEZ;VILA OLIMPICA CLUB ESP. A;Barcelona 172 (la Vila Olímpica i el Bogatell);Barcelona;la Vila Olímpica i el Bogatell
CAMP DE FUTBOL MPAL. DEL CAMI DEL MIG;CERDANYOLA MATARO ASSOC.ESP.LL  A;Cerdanyola del Vallès;Cerdanyola del Vallès;Cerdanyola del Vallès
No especificado;FUNDACIO  F. VILANOVA I LA GELTRÚ B;Vilanova d'Escornalbou;Vilanova d'Escornalbou;Vilanova d'Escornalbou
CAMP DE FUTBOL CEM LA BASCULA EMILIO FERNANDEZ F11;COL.LEGI SAGRAT COR SARRIA AMPA A;Barcelona 51 (la Mare de Déu de Port, Can Clos i el Polvorí);Barcelona;la Mare de Déu de Port, Can Clos i el Polvorí
CAMP DE FUTBOL MPAL. HORTA;HORTA, U.AT. B;Barcelona 124 (Sant Joan d'Horta);Barcelona;Sant Joan d'Horta
CAMP DE FUTBOL MPAL. LA MAURINA;MAURINA EGARA, C.F. B;Terrassa 15 (la Maurina);Terrassa;la Maurina
CAMP DE FUTBOL MPAL. DE SANTA SUSANNA;SANTA SUSANNA ASSOC. ESP. A;Santa Susanna;Santa Susanna;Santa Susanna
CAMP DE FUTBOL MPAL. POMAR;POMAR, C.D. B;Badalona 29 (Canyet - Mas Ram - Pomar de Dalt - Pomar);Badalona;Canyet - Mas Ram - Pomar de Dalt - Pomar
CAMP DE FUTBOL MPAL. EL GORNAL;GORNAL, U.D. A;Hospitalet de Llobregat 28 (el Gornal), l';Hospitalet de Llobregat;el Gornal
CAMP DE FUTBOL MPAL. LA CREU;SABADELLENCA, UE. C;Sabadell;Sabadell;Sabadell
CAMP DE FUTBOL MPAL. IBERIA;ESCOLA F ANGEL PEDRAZA A;Desconocido;Desconocido;Desconocido
CAMP DE FUTBOL ESCOLA INDUSTRIAL;Pª BARC. ANGUERA D;Barcelona 35 (l'Escola Industrial);Barcelona;l'Escola Industrial
CAMP DE FUTBOL CEM GUINARDÓ;MARTINENC, F.C. B;Sant Martí d'Albars;Sant Martí d'Albars;Sant Martí d'Albars
CAMP DE FUTBOL ZEM CAN RULL-PACO HERRERA (1);CAN RULL ROMULO TRONCHONI, CFU C;Sabadell 14 (Can Rull Nord - Via Alexandra);Sabadell;Can Rull Nord - Via Alexandra
CAMP DE FUTBOL MPAL. SANT GENÍS;Pª BARC. VILLAVERDE-PENITENTS A;Barcelona 120 (Sant Genís dels Agudells);Barcelona;Sant Genís dels Agudells
CAMP DE FUTBOL ESCOLA PIA DE SARRIÀ;ESCOLA PIA SARRIÀ S.E. A;Sarrià de Ter;Sarrià de Ter;Sarrià de Ter
CAMP DE FUTBOL IEM LA ROMÀNICA;LA ROMANICA, C.F. B;Barberà del Vallès;Barberà del Vallès;Barberà del Vallès
CAMP DE FUTBOL MPAL. DE SANT JUST DESVERN;SANT JUST DESVERN CLUB FUTBOL B;Sant Just Desvern;Sant Just Desvern;Sant Just Desvern
CAMP DE FUTBOL MPAL. ROUREDA;NAISE BARCELONA FOOTBALL CLUB A;Sabadell 12 (la Roureda - Sant Julià);Sabadell;la Roureda - Sant Julià
CAMP DE FUTBOL ZEM CAN ROSÉS (1);RUBI, U.E. C;Roses;Roses;Roses
CAMP DE FUTBOL MPAL. SANT ILDEFONS;SANT ILDEFONS, U.E. D;Cornellà de Llobregat 6 (Sant Ildefons Oest);Cornellà de Llobregat;Sant Ildefons Oest
CAMP DE FUTBOL CLUB JUNIOR, F.C.;JUNIOR,C.F. D;Sant Cugat del Vallès 9 (Can Sant Joan - Sant Mamet - Vullpalleres - Can Barata - Sector Nord - Can Graells);Sant Cugat del Vallès;Can Sant Joan - Sant Mamet - Vullpalleres - Can Barata - Sector Nord - Can Graells
CAMP DE FUTBOL MPAL. LLOREDA;LLOREDA, C.F. B;Badalona 22 (Lloreda);Badalona;Lloreda
CAMP DE FUTBOL MPAL. ROUREDA;NAISE BARCELONA FOOTBALL CLUB B;Sabadell 12 (la Roureda - Sant Julià);Sabadell;la Roureda - Sant Julià
CAMP DE FUTBOL MPAL. DE GRANOLLERS;GRANOLLERS, E.C. C;Granollers;Granollers;Granollers
CAMP DE FUTBOL MPAL. DE LA GUARDIA;SANT VICENÇ DELS HORTS  ASSOC. FUTBOL A;Sant Vicenç de Castellet;Sant Vicenç de Castellet;Sant Vicenç de Castellet
CAMP DE FUTBOL MPAL. NOU SARDENYA;EUROPA, C.E. A;Barcelona 103 (Joanic);Barcelona;Joanic
No especificado;HOSPITALENSE, AT.C. D;Hospitalet de Llobregat 3 (Centre - la Farga), l';Hospitalet de Llobregat;Centre - la Farga
CAMP DE FUTBOL MPAL. DE GOLMÉS;PLA URGELL, C.E. B;Golmés;Golmés;Golmés
CAMP DE FUTBOL MPAL. DE PRATS DE LLUÇANES;PRADENC,F.C. B;Lluçà;Lluçà;Lluçà
CAMP DE FUTBOL MPAL. DE L´ESCALA;L'ESCALA, F.C. C;Escala, l';L'Escala;L'Escala
CAMP DE FUTBOL ZEM CAN CABANYES;SISTRELLS C.F. C;Badalona 18 (Sistrells);Badalona;Sistrells
CAMP DE FUTBOL CEM MARESME;POBLE NOU, AT. A;Barcelona 180 (el Maresme i el Maresme Vell);Barcelona;el Maresme i el Maresme Vell
CAMP DE FUTBOL MPAL. D´OCATA;MASNOU AT. A;Masnou, el;El Masnou;El Masnou
CAMP DE FUTBOL ZEM D´OLOST;OLOST, F.C. A;Olost;Olost;Olost
CAMP DE FUTBOL MPAL. DE L´ALBAGÉS;ALBAGES, C.F. A;Albagés, l';L'Albagés;L'Albagés
CAMP DE FUTBOL MPAL. POBLENOU-AGAPITO FERNÁNDEZ;POBLENOU FUTBOL CLUB A;Desconocido;Desconocido;Desconocido
CAMP DE FUTBOL MPAL. GERMANS SÀBAT;ESCOLA F. GIRONES-SABAT B;Girona;Girona;Girona
CAMP DE FUTBOL ZEM BUFALÀ;BUFALA, C.F. C;Badalona 25 (Bufalà Oest - sector Can Barriga);Badalona;Bufalà Oest - sector Can Barriga
CAMP DE FUTBOL MPAL. TORRE-ROJA;ATHLETIC VILADECANS FUTBOL CLUB C;Torre de Cabdella, la;La Torre de Cabdella;La Torre de Cabdella
No especificado;VILASSAR DALT-GIATSU, C.E. E;Vilassar de Dalt;Vilassar de Dalt;Vilassar de Dalt
CAMP DE FUTBOL MPAL. CAN FATJÓ;OLIMPIC CAN FATJO, C.E. B;Cornellà de Llobregat 2 (Fontsanta - Fatjó);Cornellà de Llobregat;Fontsanta - Fatjó
CAMP DE FUTBOL MPAL. DE CORBERA DE LLOBREGAT;CORBERA , C.F. A;Corbera d'Ebre;Corbera d'Ebre;Corbera d'Ebre
CAMP DE FUTBOL MPAL. GERMANS GONZALVO (2);MOLLET U.E.,CF. B;Mollet de Peralada;Mollet de Peralada;Mollet de Peralada
CAMP DE FUTBOL MPAL. LES PRESES;LES PRESES, C.F. B;Preses, les;Les Preses;Les Preses
CAMP DE FUTBOL MPAL. SELVA DE MAR;SELVATANS C.F. A;Selva de Mar, la;La Selva de Mar;La Selva de Mar
No especificado;FUNDACIÓ ESPORTIVA GRAMA D;Santa Coloma de Gramenet;Santa Coloma de Gramenet;Santa Coloma de Gramenet
CAMP DE FUTBOL MPAL. DE SANT LLORENÇ DE TERRASSA;SAN LORENZO, U.D. A;Llorenç del Penedès;Llorenç del Penedès;Llorenç del Penedès
CAMP DE FUTBOL MPAL. CARMEL;DEPORTIVO PARAGUAY, F.C. A;Barcelona 118 (el Baix Carmel);Barcelona;el Baix Carmel
CAMP DE FUTBOL MPAL. NOU BARRIS;MONTAÑESA, C.F. C;Nou de Berguedà, la;La Nou de Berguedà;La Nou de Berguedà
CAMP DE FUTBOL MPAL. DE GINESTAR;GINESTAR, C.D. A;Ginestar;Ginestar;Ginestar
CAMP DE FUTBOL MPAL. PARC CATALANA;Pª BARC. CINC COPES B;Desconocido;Desconocido;Desconocido
CAMP DE FUTBOL MPAL. DE PUIG-REIG;PUIGREIG, C.E. A;Puig-reig;Puig-reig;Puig-reig
CAMP DE FUTBOL ESCOLA CAMP JOLIU;NSA CAMP JOLIU  B;Desconocido;Desconocido;Desconocido
CAMP DE FUTBOL MPAL. DE SANT ANDREU DE LLAVANERES;LLAVANERES, C.E. B;Sant Andreu de la Barca;Sant Andreu de la Barca;Sant Andreu de la Barca
CAMP DE FUTBOL MPAL. DE BERGA;BERGA, C.E. A;Berga;Berga;Berga
CAMP DE FUTBOL MPAL. ANDREU LLADÓ;CALLUS, C.F.;Callús;Callús;Callús
CAMP DE FUTBOL MPAL. FONTSANTA-FATJÓ;FONTSANTA-FATJO, C.D. A;Cornellà de Llobregat 2 (Fontsanta - Fatjó);Cornellà de Llobregat;Fontsanta - Fatjó
CAMP DE FUTBOL CEM SANT OLEGUER;SABADELL  ATLETIC , ASSOC. ESP. P.R.  A;Sabadell;Sabadell;Sabadell
CAMP DE FUTBOL CEM SAGNIER;FUNDACIO PRIVADA ASSOC. ESP. PRAT  A;Prat de Comte;Prat de Comte;Prat de Comte
CAMP DE FUTBOL MPAL. DE VILANOVA DE L´AGUDA;VILANOVA DE L'AGUDA U.E. A;Vilanova d'Escornalbou;Vilanova d'Escornalbou;Vilanova d'Escornalbou
CAMP DE FUTBOL MPAL. C.F.SANT ROC;SANT ROC OLOT , C.F. A;Olot;Olot;Olot
CAMP DE FUTBOL MPAL. L'AUBE;JESUS  i   MARIA, U.D. A;Santa Maria d'Oló;Santa Maria d'Oló;Santa Maria d'Oló
CAMP DE FUTBOL MPAL. BOSC TOSCA ANNEX;ESCOLA F. BOSC DE TOSCA, C C;les Preses;les Preses;les Preses
CAMP DE FUTBOL MPAL. DE FLAÇÀ;LA PERA, U.E. A;Flaçà;Flaçà;Flaçà
CAMP DE FUTBOL MPAL. DE BÍTEM;REMOLINS-BITEM, U.E. A;Molins de Rei;Molins de Rei;Molins de Rei
CAMP DE FUTBOL MPAL. TURÓ DE LA PEIRA;RIERASPORT, F.C. A;Barcelona 133 (el Turó de la Peira i Can Peguera);Barcelona;el Turó de la Peira i Can Peguera
CAMP DE FUTBOL MPAL. DE LA SISQUELLA;PINYANA 2021, F.C.  A;Desconocido;Desconocido;Desconocido
CAMP DE FUTBOL MPAL. DE TÉRMENS;TERMENS, A.D. A;Térmens;Térmens;Térmens
CAMP DE FUTBOL MPAL. SALVADOR GISBERT;SANT JAUME D'ENVEIJA, U.E. A.;Sant Jaume d'Enveja;Sant Jaume d'Enveja;Sant Jaume d'Enveja
CAMP DE FUTBOL MPAL. MARCA DE L´HAM;MARCA DE L'HAM, U.E. A;Marçà;Marçà;Marçà
CAMP DE FUTBOL MPAL. D'ABRERA;ABRERA, A.E. B;Abrera;Abrera;Abrera
CAMP DE FUTBOL MPAL. LES ROQUES;SANT VICENÇ 2018, F.C. A;Sant Vicenç de Castellet;Sant Vicenç de Castellet;Sant Vicenç de Castellet
CAMP DE FUTBOL MPAL. DE SANT FELIU DE PALLEROLS;HOSTOLES, U.D. A;Sant Feliu de Buixalleu;Sant Feliu de Buixalleu;Sant Feliu de Buixalleu
CAMP DE FUTBOL MPAL. DE VILANOVA DE LA BARCA;VILANOVA DE LA BARCA, C.F A;Vilanova d'Escornalbou;Vilanova d'Escornalbou;Vilanova d'Escornalbou
No especificado;VISTA ALEGRE,U.D. C;Castelldefels 2 (Vista Alegre - el Castell);Castelldefels;Vista Alegre - el Castell
CAMP DE FUTBOL CEM D´AGULLANA;AGULLANA, C.E. A;Agullana;Agullana;Agullana
CAMP DE FUTBOL MPAL. DE RECASENS;INTER RECASENS  CLUB FUTBOL  A;Lleida;Lleida;Lleida
CAMP DE FUTBOL MPAL. CANYELLES (BCN);CANYELLES,C.E. B;Canyelles;Canyelles;Canyelles
CAMP DE FUTBOL MPAL. D´AMER;AMER, C.F. A;Amer;Amer;Amer
CAMP DE FUTBOL MPAL. SANT MARTÍ DE PROVENÇALS;DON BOSCO, C.F. A;Barcelona 35 (l'Escola Industrial);Barcelona;l'Escola Industrial
CAMP DE FUTBOL MPAL. D´ANGLESOLA;ANGULARIA D'ANGLESOLA C.F. A;Anglès;Anglès;Anglès
CAMP DE FUTBOL MPAL. DE BELLCAIRE D´URGELL;BELLCAIRENC, C.F. A;Bellcaire d'Empordà;Bellcaire d'Empordà;Bellcaire d'Empordà
CAMP DE FUTBOL MPAL. ASSOCIACIÓ ALUMNES OBRERS Annex, (2);FUNDACIO  F. VILANOVA I LA GELTRÚ C;Vilanova d'Escornalbou;Vilanova d'Escornalbou;Vilanova d'Escornalbou
CAMP DE FUTBOL MPAL. DE VILADAMAT;VILADAMAT C.F. A;Vilada;Vilada;Vilada
CAMP DE FUTBOL MPAL. IÑAKI FERNÁNDEZ ORJALES, BÚFALO;EMPURIABRAVA CASTELLO, C.F. B;Castell d'Aro, Platja d'Aro i s'Agaró;Castell d'Aro, Platja d'Aro i s'Agaró;Castell d'Aro, Platja d'Aro i s'Agaró
CAMP DE FUTBOL MPAL. DE COLL DE NARGÓ;COLL DE NARGO, C.F. A;Coll de Nargó;Coll de Nargó;Coll de Nargó
CAMP DE FUTBOL MPAL. DE CENTELLES;CENTELLES, U.E. A;Centelles;Centelles;Centelles
CAMP DE FUTBOL MPAL. SANTA EULÀLIA;BARCELONA SPORTING CLUB ESPAÑA  A;Barcelona;Barcelona;Barcelona
CAMP DE FUTBOL CEM CAN DRAGO;ALZAMORA, C.F. D;Barcelona 130 (Can Dragó);Barcelona;Can Dragó
CAMP DE FUTBOL MPAL. D´ALMACELLES;ALMACELLES, AT A;Almacelles;Almacelles;Almacelles
CAMP DE FUTBOL CEM LA BASCULA EMILIO FERNANDEZ F11;ESCOLA F ANGEL PEDRAZA C;Barcelona 51 (la Mare de Déu de Port, Can Clos i el Polvorí);Barcelona;la Mare de Déu de Port, Can Clos i el Polvorí
No especificado;AMERICAN SCHOOL OF BARCELONA ATHLETICS A;Barcelona;Barcelona;Barcelona
CAMP DE FUTBOL MPAL. DEL PLA DE BARRA;CAMARLES, C.F. A;Camarles;Camarles;Camarles
CAMP DE FUTBOL IEM DE DELTEBRE-LA CAVA;LA CAVA, C.D. A;Cava;Cava;Cava
CAMP DE FUTBOL MPAL. JOAN CORTIELLA-CAN SERRADOR;CASTELLAR, UNIO ESPORTIVA B;Castell d'Aro, Platja d'Aro i s'Agaró;Castell d'Aro, Platja d'Aro i s'Agaró;Castell d'Aro, Platja d'Aro i s'Agaró
CAMP DE FUTBOL MPAL. D´ARTESA DE SEGRE;ARTESA DE SEGRE, C.E. A;Artés;Artés;Artés
CAMP DE FUTBOL MPAL. MION-PUIGBERENGUER;PIRINAICA, F.C. B;Manresa 5 (el Poble Nou - Mion, Puigberenguer i Miralpeix);Manresa;el Poble Nou - Mion, Puigberenguer i Miralpeix
CAMP DE FUTBOL MPAL. DE MARTORELLES;MARTORELLES, C.F. B;Martorell;Martorell;Martorell
CAMP DE FUTBOL MPAL. LA FORJA CAMP-REDÓ;ROQUETENC, C.D. A;Tortosa;Tortosa;Tortosa
CAMP DE FUTBOL MPAL. JOAN CAPDEVILA MÉNDEZ;TARREGA, U.E A;Sant Joan de les Abadesses;Sant Joan de les Abadesses;Sant Joan de les Abadesses
CAMP DE FUTBOL MPAL. DE SUDANELL;SUDANELL, C.F. A;Sudanell;Sudanell;Sudanell
No especificado;ALCOVER, C.E. B;Alcover;Alcover;Alcover
CAMP DE FUTBOL MPAL. DE VIDA ACTIVA;CARDONA, C.F. B;Cardona;Cardona;Cardona
CAMP DE FUTBOL COL·LEGI SANT IGNASI;SANT IGNASI C.E. E;Barcelona 79 (la Bonanova, la Torre Vilana i l'Avinguda del Tibidabo);Barcelona;la Bonanova, la Torre Vilana i l'Avinguda del Tibidabo
CAMP DE FUTBOL MPAL. DE BREDA;BREDA, U.E. A;Breda;Breda;Breda
CAMP DE FUTBOL MPAL. LA DEVESA;NAVÀS,C.E. B;Navàs;Navàs;Navàs
CAMP DE FUTBOL ZEM ELS AMETLLERS;BALSARENY, U.E. B;Balsareny;Balsareny;Balsareny
CAMP DE FUTBOL ZEM DE JUNEDA;JUNEDA, C.F. A;Juneda;Juneda;Juneda
CAMP DE FUTBOL MPAL. L'ARENAL;HOSPITALET DE L'INFANT, C.D. A;Hospitalet de Llobregat, l';L'Hospitalet de Llobregat;L'Hospitalet de Llobregat
CAMP DE FUTBOL MPAL. D´ARTÉS;CALDERS, C.F. A;Artés;Artés;Artés
CAMP DE FUTBOL MPAL. DE SOLSONA;SOLSONA, C.F A;Solsona;Solsona;Solsona
CAMP DE FUTBOL MPAL. DEL CENTENARI;ESCOLA FUTBOL MATARO C.E A;Mataró;Mataró;Mataró
CAMP DE FUTBOL ESCOLA ESPORTIVA BRAFA;ESCOLA E.BRAFA  B;Barcelona 142 (Santa Engràcia);Barcelona;Santa Engràcia
CAMP DE FUTBOL MPAL. DE LA POBLA DE SEGUR;POBLA DE SEGUR, C.F. A;Pobla de Cérvoles, la;La Pobla de Cérvoles;La Pobla de Cérvoles
CAMP DE FUTBOL MPAL. LA TRIOLA;SANT SADURNI, U.E. B;Sant Sadurní d'Anoia;Sant Sadurní d'Anoia;Sant Sadurní d'Anoia
CAMP DE FUTBOL MPAL. CAN MASARNAU;IGUALADA CITY 2023, C.E;Igualada;Igualada;Igualada
CAMP DE FUTBOL COL·LEGI BELL-LLOC;SALT AFROCAT, FUTBOL CLUB  A;Bell-lloc d'Urgell;Bell-lloc d'Urgell;Bell-lloc d'Urgell
CAMP DE FUTBOL MPAL. DE TIANA;TIANA, C.C.E. B;Tiana;Tiana;Tiana
CAMP DE FUTBOL MPAL. LA COMA;CONSTANTI, C.E. B;Coma i la Pedra, la;La Coma i la Pedra;La Coma i la Pedra
CAMP DE FUTBOL MPAL. JOAN NICOLAU;VILAMAJOR, C.F. B;Sant Joan de les Abadesses;Sant Joan de les Abadesses;Sant Joan de les Abadesses
CAMP DE FUTBOL MPAL. DE MAGRANERS;FIF LLEIDA, C.E. B;Lleida;Lleida;Lleida
CAMP DE FUTBOL ZEM DE RIPOLLET;RIPOLLET, C.F. B;Ripollet 1 (Centre - Maragall);Ripollet;Centre - Maragall
CAMP DE FUTBOL MPAL. LA PLANA - CERVELLÓ;CERVELLO, C.D. A;Cervelló;Cervelló;Cervelló
CAMP DE FUTBOL MPAL. LES GRASES;SANTFELIUENC, F.C. B;Sant Feliu de Buixalleu;Sant Feliu de Buixalleu;Sant Feliu de Buixalleu
CAMP DE FUTBOL MPAL. DE LA GUARDIA;SANT VICENÇ DELS HORTS  ASSOC. FUTBOL B;Sant Vicenç de Castellet;Sant Vicenç de Castellet;Sant Vicenç de Castellet
CAMP DE FUTBOL MPAL. LA VINYETA;PERELLO, C.E. A;Perelló, el;El Perelló;El Perelló
CAMP DE FUTBOL MPAL. DE MAIÀ DE MONTCAL;MAIA, CE A;Maià de Montcal;Maià de Montcal;Maià de Montcal
CAMP DE FUTBOL MPAL. DE BEGUR;BEGUR, C.F. A;Begur;Begur;Begur
CAMP DE FUTBOL CEM DE CABRILS;CABRILS, C.E. A;Cabrils;Cabrils;Cabrils
CAMP DE FUTBOL COL·LEGI TURÓ;AURA-TURO, C.E. A;Desconocido;Desconocido;Desconocido
CAMP DE FUTBOL MPAL. DE VILADECANS;VILADECANS U.D.  B;Viladecans;Viladecans;Viladecans
CAMP DE FUTBOL MPAL. 1ER. DE MAIG;GRANOLLERS, E.C. D;Granollers;Granollers;Granollers
CAMP DE FUTBOL MPAL. DE PARDINYES;PARDINYES C.F. A;Lleida 9 (Pardinyes);Lleida;Pardinyes
CAMP DE FUTBOL CEM MARINA BESÒS JOSÉ LUIS RUIZ CASADO;SANT GABRIEL, C.D. B;Barcelona 179 (el Besòs);Barcelona;el Besòs
CAMP DE FUTBOL MPAL. MARIANAO;MARIANAO POBLET UD D;Santa Maria d'Oló;Santa Maria d'Oló;Santa Maria d'Oló
CAMP DE FUTBOL ZEM BUFALÀ;BUFALA, C.F. E;Badalona 25 (Bufalà Oest - sector Can Barriga);Badalona;Bufalà Oest - sector Can Barriga
CAMP DE FUTBOL ZEM BUFALÀ;BUFALÀ, C.F. D;Badalona 25 (Bufalà Oest - sector Can Barriga);Badalona;Bufalà Oest - sector Can Barriga
CAMP DE FUTBOL MPAL. LES GRASES;SANTFELIUENC, F.C.  B;Sant Feliu de Buixalleu;Sant Feliu de Buixalleu;Sant Feliu de Buixalleu
CAMP DE FUTBOL CLUB GIMNÀSTIC PARC;GIMNASTIC MANRESA C. C;Manresa;Manresa;Manresa
CAMP DE FUTBOL MPAL. NOU BARRIS;MONTAÑESA, C.F. B;Nou de Berguedà, la;La Nou de Berguedà;La Nou de Berguedà
CAMP DE FUTBOL MPAL. L'ÀLIGA;ZODIAC ELEVEN, F.C. B;Barcelona 103 (Joanic);Barcelona;Joanic
No especificado;VILASSAR DALT-GIATSU, C.E. C;Vilassar de Dalt;Vilassar de Dalt;Vilassar de Dalt
CAMP DE FUTBOL CEM SANT OLEGUER;SABADELL ATLETIC, ASSOC. ESP. P.R. A;Sabadell;Sabadell;Sabadell
No especificado;FUNDACIO  F. VILANOVA I LA GELTRÚ C;Vilanova d'Escornalbou;Vilanova d'Escornalbou;Vilanova d'Escornalbou
CAMP DE FUTBOL MPAL. TURÓ DE LA PEIRA;TURO PEIRA, C.C.D. B;Barcelona 133 (el Turó de la Peira i Can Peguera);Barcelona;el Turó de la Peira i Can Peguera
No especificado;PENYA BLAUGRANA CASTELLBISBAL B;Bisbal d'Empordà, la;La Bisbal d'Empordà;La Bisbal d'Empordà
CAMP DE FUTBOL CIUTAT ESPORTIVA GIMNÀSTIC DE TARRAGONA 2 2 Camps;GIMNASTIC TARRAGONA, C. B;Tarragona;Tarragona;Tarragona
CAMP DE FUTBOL MPAL. ANTONI SERRA I PUJOL;BARBERÀ CLUB DE FUTBOL B;Barberà de la Conca;Barberà de la Conca;Barberà de la Conca
CAMP DE FUTBOL MPAL. FONT VERDA;ESCOLA PIA GRANOLLERS, A;Granollers;Granollers;Granollers
CAMP DE FUTBOL MPAL. LUIS GONZÁLEZ BAEZA;L'HOSPITALET, CENTRE ESPORTS C;Hospitalet de Llobregat, l';L'Hospitalet de Llobregat;L'Hospitalet de Llobregat
CAMP DE FUTBOL MPAL. DE VILASSAR DE MAR;FUNDACIO  UNIÓ ESPORTIVA VILASSAR  F;Vilassar de Dalt;Vilassar de Dalt;Vilassar de Dalt
CAMP DE FUTBOL CEM LES COMES  2 Camps;IGUALADA, C.F. D;Igualada;Igualada;Igualada
CAMP DE FUTBOL MPAL. DE BONAVISTA;RACING CLUB FUTBOL BONAVISTA B;Tarragona;Tarragona;Tarragona
CAMP DE FUTBOL MPAL. CAN SANT JOAN;SAN JUAN AT. DE MONTCADA,U.E. B;Montcada i Reixac;Montcada i Reixac;Montcada i Reixac
CAMP DE FUTBOL ZEM RICARD GINEBREDA;INCRESA ATLETICO CLUB FUTBOL B;Breda;Breda;Breda
CAMP DE FUTBOL MPAL. JOSEP RAICH;MOLINS DE REI, C.F. A;Molins de Rei;Molins de Rei;Molins de Rei
CAMP DE FUTBOL MPAL. DE LLORET MAR;LLORET, C.F. B;Lloret de Mar;Lloret de Mar;Lloret de Mar
CAMP DE FUTBOL CEM MUNDET (1);POBLE SEC UNIÓ ESPORTIVA A;Barcelona 48 (Santa Madrona, la Satàlia i Montjuïc);Barcelona;Santa Madrona, la Satàlia i Montjuïc
CAMP DE FUTBOL ZEM CAN TINTORER;SPORTING GAVA 2013 FUTBOL CLUB A;Gavà;Gavà;Gavà
CAMP DE FUTBOL CEM MARESME;ALEGRIA, C.D. A;Barcelona 180 (el Maresme i el Maresme Vell);Barcelona;el Maresme i el Maresme Vell
CAMP DE FUTBOL CEM ARISTIDES MAILLOL;VETERANS CATALUNYA,AF B;Catalunya;Catalunya;Catalunya
No especificado;VISTA ALEGRE,U.D. B;Castelldefels 2 (Vista Alegre - el Castell);Castelldefels;Vista Alegre - el Castell
CAMP DE FUTBOL MPAL. DE CALAFELL;CALAFELL, C.F. A;Calaf;Calaf;Calaf
CAMP DE FUTBOL MPAL. DE VALLVIDRERA;ESCOLA FUTBOL VALLVIDRERA  A;Desconocido;Desconocido;Desconocido
CAMP DE FUTBOL MPAL. DE MIRA-SOL;VALLDOREIX, F.C. A;Sant Cugat del Vallès 6 (Mirasol - Mas Gener - Can Cabassa - Can Fontanals - les Casetes de Can Ravella);Sant Cugat del Vallès;Mirasol - Mas Gener - Can Cabassa - Can Fontanals - les Casetes de Can Ravella
CAMP DE FUTBOL MPAL. SANT GENÍS;SANT GENIS-PENITENTES, C.D. C;Barcelona 120 (Sant Genís dels Agudells);Barcelona;Sant Genís dels Agudells
CAMP DE FUTBOL MPAL. VALL D´HEBRON;ESCOLA DE FUTBOL PREMIER BARCELONA D;Barcelona;Barcelona;Barcelona
CAMP DE FUTBOL IEM LA ROMÀNICA;BARBERÀ CLUB DE FUTBOL  B;Barberà del Vallès;Barberà del Vallès;Barberà del Vallès
CAMP DE FUTBOL MPAL. OLÍMPIA;SABADELL F.C., C.E. E;Sabadell;Sabadell;Sabadell
No especificado;CAN CLOTA- LA PLANA-CAN CERVERA F.C. A;Cervera;Cervera;Cervera
CAMP DE FUTBOL ZEM DE SANT JOAN VILATORRADA;JOANENC, F.C. A;Sant Joan de les Abadesses;Sant Joan de les Abadesses;Sant Joan de les Abadesses
CAMP DE FUTBOL MPAL. DE CENTELLES;CENTELLES, U.E. B;Centelles;Centelles;Centelles
CAMP DE FUTBOL ESCOLA INDUSTRIAL;CATALONIA, U.B. A;Barcelona 35 (l'Escola Industrial);Barcelona;l'Escola Industrial
CAMP DE FUTBOL CEM LA GUINEUETA;ESCOLA ESPORTIVA GUINEUETA C.F  C;Barcelona 135 (la Guineueta);Barcelona;la Guineueta
CAMP DE FUTBOL MPAL. LES GRASES;Pª BARC. SANT FELIU LLOBREGAT B;Sant Feliu de Buixalleu;Sant Feliu de Buixalleu;Sant Feliu de Buixalleu
No especificado;MANRESA, C.E. A;Manresa;Manresa;Manresa
No especificado;POBLA MAFUMET, C.F. C;Pobla de Cérvoles, la;La Pobla de Cérvoles;La Pobla de Cérvoles
CAMP DE FUTBOL MPAL. D'ALELLA;ALELLA 2013 ASSOCIACIO ESPORTIVA A;Alella;Alella;Alella
No especificado;FUNDACIO E. ATLETIC VILAFRANCA B;Vilafranca del Penedès;Vilafranca del Penedès;Vilafranca del Penedès
CAMP DE FUTBOL ZEM DEL CONGOST ANNEX 1;DIABLOS NEGROS DE BARCELONA,  C.D. A;Granollers 6 (Congost - Can Gili);Granollers;Congost - Can Gili
CAMP DE FUTBOL CEM MARESME;POBLE NOU ,AT. C;Barcelona 180 (el Maresme i el Maresme Vell);Barcelona;el Maresme i el Maresme Vell
CAMP DE FUTBOL MPAL. TORRE-ROJA;SECTOR MONTSERRATINA U.D. C;Serra de Daró;Serra de Daró;Serra de Daró
CAMP DE FUTBOL MPAL. NOU SARDENYA;EUROPA, C.E. D;Barcelona 103 (Joanic);Barcelona;Joanic
No especificado;SANT CELONI, FUTBOL CLUB  B;Sant Celoni;Sant Celoni;Sant Celoni
CAMP DE FUTBOL MPAL. D'AIGUADOLÇ;SITGES, U.E. B;Sitges;Sitges;Sitges
CAMP DE FUTBOL PARROQUIA DE SANTA MARIA DE LLERONA;LLERONA, C.E. A;Santa Maria d'Oló;Santa Maria d'Oló;Santa Maria d'Oló
CAMP DE FUTBOL MPAL. DEL CENTENARI-AISS;SANT ANDREU, U.E D;Sant Andreu de la Barca;Sant Andreu de la Barca;Sant Andreu de la Barca
No especificado;HOSPITALENSE, AT.C. C;Hospitalet de Llobregat 3 (Centre - la Farga), l';Hospitalet de Llobregat;Centre - la Farga
CAMP DE FUTBOL CEM CAN DRAGO;CONGRÉS CLUB ESP. B;Barcelona 130 (Can Dragó);Barcelona;Can Dragó
CAMP DE FUTBOL MPAL. SERGIO BUSQUETS BURGOS;MERCANTIL, C.E D;Desconocido;Desconocido;Desconocido
CAMP DE FUTBOL MPAL. FONTSANTA-FATJÓ;FONTSANTA-FATJO, C.D. B;Cornellà de Llobregat 2 (Fontsanta - Fatjó);Cornellà de Llobregat;Fontsanta - Fatjó
CAMP DE FUTBOL CEM LA BASCULA EMILIO FERNANDEZ F11;ESCOLA F ANGEL PEDRAZA A;Barcelona 51 (la Mare de Déu de Port, Can Clos i el Polvorí);Barcelona;la Mare de Déu de Port, Can Clos i el Polvorí
CAMP DE FUTBOL MPAL. NARCÍS SALA;SANT ANDREU, U.E F;Sant Andreu de la Barca;Sant Andreu de la Barca;Sant Andreu de la Barca
No especificado;CASTELLDEFELS, U.E. C;Castell d'Aro, Platja d'Aro i s'Agaró;Castell d'Aro, Platja d'Aro i s'Agaró;Castell d'Aro, Platja d'Aro i s'Agaró
CAMP DE FUTBOL MPAL. ESPORTIU PITORT;CASTELLDEFELS, U.E. C;Castell d'Aro, Platja d'Aro i s'Agaró;Castell d'Aro, Platja d'Aro i s'Agaró;Castell d'Aro, Platja d'Aro i s'Agaró
CAMP DE FUTBOL ZEM JAUME TUBAU;SANT CUGAT FUTBOL CLUB C;Sant Cugat del Vallès;Sant Cugat del Vallès;Sant Cugat del Vallès
CAMP DE FUTBOL CEM CAN ZAM (1);ARRABAL-CALAF GRAMANET C.D. B;Santa Coloma de Gramenet;Santa Coloma de Gramenet;Santa Coloma de Gramenet
CAMP DE FUTBOL MPAL. DE MIRA-SOL;VALLDOREIX, F.C. B;Sant Cugat del Vallès 6 (Mirasol - Mas Gener - Can Cabassa - Can Fontanals - les Casetes de Can Ravella);Sant Cugat del Vallès;Mirasol - Mas Gener - Can Cabassa - Can Fontanals - les Casetes de Can Ravella
CAMP DE FUTBOL CEM GUINARDÓ;MARTINENC, F.C. D;Sant Martí d'Albars;Sant Martí d'Albars;Sant Martí d'Albars
CAMP DE FUTBOL MPAL. CAN DEU;PLANADEU-ROUREDA UNIÓ  ESPORTIVA FUTBOL B;Sabadell 12 (la Roureda - Sant Julià);Sabadell;la Roureda - Sant Julià
CAMP DE FUTBOL CEM FORT-PIENC;PARC, U.D. B;Barcelona 15 (el Fort Pienc);Barcelona;el Fort Pienc
CAMP DE FUTBOL CEM ARISTIDES MAILLOL;PEREGRINOS FUTBOL CLUB A;Desconocido;Desconocido;Desconocido
CAMP DE FUTBOL CLUB MEILAND;LA BONANOVA CLUB FUTBOL A;Barcelona 79 (la Bonanova, la Torre Vilana i l'Avinguda del Tibidabo);Barcelona;la Bonanova, la Torre Vilana i l'Avinguda del Tibidabo
CAMP DE FUTBOL MPAL. DE CORNELLÀ DE LLOBREGAT;FUNDACIO UNIO ESPORTIVA CORNELLA D;Cornellà de Llobregat;Cornellà de Llobregat;Cornellà de Llobregat
CAMP DE FUTBOL MPAL. ANTONI SERRA I PUJOL;ESCOLA F. BARBERA ANDALUCIA D;Barberà de la Conca;Barberà de la Conca;Barberà de la Conca
CAMP DE FUTBOL MPAL. HORTA;CLUB ESPORTIU CODOLAR  A;Barcelona 124 (Sant Joan d'Horta);Barcelona;Sant Joan d'Horta
No especificado;FUNDACIÓ TERRASSA FC 1906 C;Terrassa;Terrassa;Terrassa
CAMP DE FUTBOL MPAL. DEL CENTENARI-AISS;SANT ANDREU, U.E G;Sant Andreu de la Barca;Sant Andreu de la Barca;Sant Andreu de la Barca
No especificado;ALTAFULLA, C.E. B;Altafulla;Altafulla;Altafulla
CAMP DE FUTBOL MPAL. IBERIA;SANTS, U.E. B;Desconocido;Desconocido;Desconocido
CAMP DE FUTBOL MPAL. DE TEIÀ;JOVENTUT TEIA CLUB FUTBOL A;Teià;Teià;Teià
No especificado;OLIMPIC LA GARRIGA, C.F. C;Garriga, la;La Garriga;La Garriga
CAMP DE FUTBOL MPAL. DE VACARISSES;VACARISSES, CLUB FUTBOL  A;Vacarisses;Vacarisses;Vacarisses
CAMP DE FUTBOL MPAL. CA LA GUIDÓ-PEDRO ALIA DORADO;CAL AGUIDO, A.D.  B;Blanes;Blanes;Blanes
CAMP DE FUTBOL MPAL. LA SATÀLIA;POBLE SEC UNIÓ ESPORTIVA A;Barcelona 48 (Santa Madrona, la Satàlia i Montjuïc);Barcelona;Santa Madrona, la Satàlia i Montjuïc
CAMP DE FUTBOL MPAL. JOAN BAPTISTA MILÀ;SANTBOIA, F.C. C;Milà, el;El Milà;El Milà
CAMP DE FUTBOL MPAL. DE FOLGUEROLES;FOLGUEROLES,C.F. B;Folgueroles;Folgueroles;Folgueroles
CAMP DE FUTBOL MPAL. LA VINYASSA;BASE ROSES, C.F. B;Roses;Roses;Roses
CAMP DE FUTBOL MPAL. DE SANTA EULÀLIA DE RIUPRIMER;VIC RIUPRIMER REFO FUTBOL CLUB B;Santa Eulàlia de Riuprimer;Santa Eulàlia de Riuprimer;Santa Eulàlia de Riuprimer
No especificado;SALOU, U.D. A;Salou;Salou;Salou
CAMP DE FUTBOL MPAL. DE RECASENS;LLEIDA ESPORTIU., CLUB  B;Lleida;Lleida;Lleida
CAMP DE FUTBOL MPAL. DE BELLPUIG;ESCOLA DE FUTBOL MASCANÇA B;Bellpuig;Bellpuig;Bellpuig
CAMP DE FUTBOL MPAL. DE BUTSÈNIT DE MONTGAI;BUTSENIT, C.F. A;Montgai;Montgai;Montgai
No especificado;VIC UNIÓ ESPORTIVA CLUB B;Vic;Vic;Vic
CAMP DE FUTBOL MPAL. POU NOU;MASDENVERGE, C.F. A;Masdenverge;Masdenverge;Masdenverge
CAMP DE FUTBOL COL·LEGI VIARÓ;VIARÓ, C.E. B;Sant Cugat del Vallès 9 (Can Sant Joan - Sant Mamet - Vullpalleres - Can Barata - Sector Nord - Can Graells);Sant Cugat del Vallès;Can Sant Joan - Sant Mamet - Vullpalleres - Can Barata - Sector Nord - Can Graells
CAMP DE FUTBOL MPAL. DE FALSET;FALSET ESP. A;Falset;Falset;Falset
CAMP DE FUTBOL ZEM LES FONTETES;CERDANYOLA VALLES, F.C. D;Cerdanyola del Vallès;Cerdanyola del Vallès;Cerdanyola del Vallès
CAMP DE FUTBOL MPAL. DE LES CABANYES;LES CABANYES, F.C. A;Cabanyes, les;Les Cabanyes;Les Cabanyes
CAMP DE FUTBOL ZEM CASC ANTIC;ESCOLA DE FUTBOL  VILADECAVALLS, C. A;Valls;Valls;Valls
CAMP DE FUTBOL MPAL. DE L´HOSPITALET LLOBREGAT;L'HOSPITALET, CENTRE ESPORTS D;Hospitalet de Llobregat, l';L'Hospitalet de Llobregat;L'Hospitalet de Llobregat
CAMP DE FUTBOL CE FRANCESC VILA;ENFAF CONSTRUCCIONS MODERNES ANDORRA A;Desconocido;Desconocido;Desconocido
CAMP DE FUTBOL MPAL. LES LLOREDES;ORGANYA, C.F. A;Organyà;Organyà;Organyà
CAMP DE FUTBOL SCHOOL AGORA INTERNATIONAL SANT CUGAT;AGORA SANT CUGAT SPORTS CLUB  A;Sant Cugat del Vallès;Sant Cugat del Vallès;Sant Cugat del Vallès
No especificado;TORDERA, C.F. B;Tordera;Tordera;Tordera
CAMP DE FUTBOL MPAL. DE VALLFOGONA DE BALAGUER;ESCOLA LA NOGUERA, C.E. A;Balaguer;Balaguer;Balaguer
CAMP DE FUTBOL MPAL. GERMANS GONZALVO (1);MOLLET U.E.,CF. C;Mollet de Peralada;Mollet de Peralada;Mollet de Peralada
CAMP DE FUTBOL MPAL. ROUREDA;ATLÉTICO ROUREDA, C.F. A;Sabadell 12 (la Roureda - Sant Julià);Sabadell;la Roureda - Sant Julià
CAMP DE FUTBOL MPAL. MAS IGLESIAS;MAS PELLICER, U.D.C. C;Mas de Barberans;Mas de Barberans;Mas de Barberans
CAMP DE FUTBOL MPAL. DE SANT PERE NORD;SANT PERE NORD , C.F. C;Sant Pere de Ribes;Sant Pere de Ribes;Sant Pere de Ribes
No especificado;SAN MAURO, U.D. A;Santa Margarida de Montbui;Santa Margarida de Montbui;Santa Margarida de Montbui
No especificado;BISBALENC, AT. B;Bisbal d'Empordà, la;La Bisbal d'Empordà;La Bisbal d'Empordà
CAMP DE FUTBOL MPAL. LA PARELLADA St. Boi;VINYETS MOLI-VELL, C.F. B;Sant Boi de Llobregat;Sant Boi de Llobregat;Sant Boi de Llobregat
CAMP DE FUTBOL MPAL. DE LA MÚNIA;CASTELLVI DE LA MARCA CF. A;Castell d'Aro, Platja d'Aro i s'Agaró;Castell d'Aro, Platja d'Aro i s'Agaró;Castell d'Aro, Platja d'Aro i s'Agaró
CAMP DE FUTBOL MPAL. DEL PAPIOL;ESPORT BASE DEL PAPIOL A;Papiol, el;El Papiol;El Papiol
CAMP DE FUTBOL MPAL. DE LES PLANES (SANT JOAN DESPÍ);SANT JOAN DESPI-SAN PANCRACIO, FUTBOL CLUB  A;Planes d'Hostoles, les;Les Planes d'Hostoles;Les Planes d'Hostoles
CAMP DE FUTBOL MPAL. DE BANYERES DEL PENEDÈS;BASE MARC BARTRA CF A;Banyeres del Penedès;Banyeres del Penedès;Banyeres del Penedès
CAMP DE FUTBOL MPAL. DE SANT JOAN ABADESSES;FEC VALL DEL TER B;Sant Joan de les Abadesses;Sant Joan de les Abadesses;Sant Joan de les Abadesses
CAMP DE FUTBOL MPAL. DE BORRASSÀ;BORRASSA, F.C. B;Borrassà;Borrassà;Borrassà
CAMP DE FUTBOL MPAL. SANTA EULÀLIA;FUNDACIÓ ACADEMIA F. L'HOSPITALET  A;Hospitalet de Llobregat, l';L'Hospitalet de Llobregat;L'Hospitalet de Llobregat
No especificado;FUNDACIÓ ESPORTIVA GRAMA B;Santa Coloma de Gramenet;Santa Coloma de Gramenet;Santa Coloma de Gramenet
CAMP DE FUTBOL MPAL. DE SANTA COLOMA DE FARNERS;FARNERS, C.E. A;Santa Coloma de Cervelló;Santa Coloma de Cervelló;Santa Coloma de Cervelló
CAMP DE FUTBOL CE GEIEG PALAU SACOSTA;GEiEG B;Girona;Girona;Girona
CAMP DE FUTBOL COL·LEGI MONTESSORI-PALAU;MONTESSORI PALAU, C.C.E. A;Palau d'Anglesola, el;El Palau d'Anglesola;El Palau d'Anglesola
CAMP DE FUTBOL MPAL. DE RIELLS I VIABREA;ATHLETIC CLUB RIELLS  A;Riells i Viabrea;Riells i Viabrea;Riells i Viabrea
CAMP DE FUTBOL MPAL. DE SANT ANDREU DE LLAVANERES;LLAVANERES, C.E. A;Sant Andreu de la Barca;Sant Andreu de la Barca;Sant Andreu de la Barca
CAMP DE FUTBOL MPAL. DE SANT VICENÇ DE TORELLO;SANT VICENÇ TORELLO, U.E. A;Sant Vicenç de Castellet;Sant Vicenç de Castellet;Sant Vicenç de Castellet
No especificado;ESCOLA F. PINYANA, C.E A;Desconocido;Desconocido;Desconocido
CAMP DE FUTBOL ZEM CASC ANTIC;ESCOLA DE FUTBOL  VILADECAVALLS, C. B;Valls;Valls;Valls
CAMP DE FUTBOL MPAL. CA LA GUIDÓ-PEDRO ALIA DORADO;CAL AGUIDO, A.D. A;Blanes;Blanes;Blanes
CAMP DE FUTBOL MPAL. CAN PARELLADA;CAN PARELLADA, C.D. A;Desconocido;Desconocido;Desconocido
CAMP DE FUTBOL MPAL. DE LES MALLORQUINES;SILS, C.F. B;Sils;Sils;Sils
CAMP DE FUTBOL MPAL. DE L´HOSPITALET LLOBREGAT;L'HOSPITALET, CENTRE ESPORTS B;Hospitalet de Llobregat, l';L'Hospitalet de Llobregat;L'Hospitalet de Llobregat
No especificado;MASNOU AT. C;Masnou, el;El Masnou;El Masnou
CAMP DE FUTBOL ZEM FERNANDO MUÑOZ CARRASCO;PALLEJA, C.F. A;Pallejà;Pallejà;Pallejà
CAMP DE FUTBOL ZEM CAN JOFRESA;UNIO F. BASE JABAC I TERRASSA B;Terrassa 9 (Can Jofresa - Can Palet II - Guadalhorce - Xúquer);Terrassa;Can Jofresa - Can Palet II - Guadalhorce - Xúquer
CAMP DE FUTBOL INEF BARCELONA;Pª BARC. ANGUERA B;Barcelona;Barcelona;Barcelona
No especificado;CASTELLBISBAL, U.E. B;Bisbal d'Empordà, la;La Bisbal d'Empordà;La Bisbal d'Empordà
CAMP DE FUTBOL CE FRANCESC VILA;ENFAF CONSTRUCCIONS MODERNES  ANDORRA A;Desconocido;Desconocido;Desconocido
CAMP DE FUTBOL MPAL. DE MIÀNIGUES;PORQUERES, U.E. A;Porqueres;Porqueres;Porqueres
CAMP DE FUTBOL MPAL. DE SEGUR DE CALAFELL;ESCOLA FUTBOL BASE CALAFELL CF C;Calaf;Calaf;Calaf
CAMP DE FUTBOL ZEM DE VIC ANNEX;FUNDACIÓ UNIÓ ESPORTIVA VIC A;Vic;Vic;Vic
CAMP DE FUTBOL CEM LES COMES  2 Camps;IGUALADA, C.F. C;Igualada;Igualada;Igualada
CAMP DE FUTBOL CE DE L´ENERGIA;MERCAT NOU MAGÒRIA, S.E. CLUB B;Barcelona 62 (Santa Maria de Sants);Barcelona;Santa Maria de Sants
CAMP DE FUTBOL MPAL. POBLENOU-AGAPITO FERNÁNDEZ;VILA OLIMPICA CLUB ESP. C;Barcelona 172 (la Vila Olímpica i el Bogatell);Barcelona;la Vila Olímpica i el Bogatell
CAMP DE FUTBOL MPAL. TRINITAT VELLA;CERRO CLUB DEPORTIVO A;Barcelona 147 (la Trinitat Vella);Barcelona;la Trinitat Vella
CAMP DE FUTBOL CEM CAN CASABLANQUES;SANT QUIRZE VALLES, F.C. C;Sant Quirze de Besora;Sant Quirze de Besora;Sant Quirze de Besora
CAMP DE FUTBOL MPAL. CENTRE PACO NAVARRO (2);UNIFICACIÓN C.F.SANTA PERPETUA B;Santa Perpètua de Mogoda;Santa Perpètua de Mogoda;Santa Perpètua de Mogoda
CAMP DE FUTBOL MPAL. XEVI RAMON;FUNDACIO  UNIÓ ESPORTIVA VILASSAR  C;Sant Ramon;Sant Ramon;Sant Ramon
CAMP DE FUTBOL MPAL. TEIXONERA;ESCOLA DE FUTBOL STOITCHKOV-RACING SARRIA;Sarrià de Ter;Sarrià de Ter;Sarrià de Ter
CAMP DE FUTBOL MPAL. DE CUNIT;BASE MARC BARTRA CF B;Cunit;Cunit;Cunit
CAMP DE FUTBOL MPAL. CAMP DE LA SANTA CREU;JESUS CATALONIA, C.F. B;Desconocido;Desconocido;Desconocido
CAMP DE FUTBOL COL·LEGI LA SALLE BONANOVA;LA SALLE BONANOVA , ASSOC.ESP. B;Barcelona 79 (la Bonanova, la Torre Vilana i l'Avinguda del Tibidabo);Barcelona;la Bonanova, la Torre Vilana i l'Avinguda del Tibidabo
No especificado;CANONJA, C.F. B;Canonja, la;La Canonja;La Canonja
No especificado;FUNDACIÓ P.E. F. LA POBLA MAFUMET A;Pobla de Cérvoles, la;La Pobla de Cérvoles;La Pobla de Cérvoles
CAMP DE FUTBOL MPAL. TON TUNEU;SANTA EUGENIA, J.E. B;Santa Eugènia de Berga;Santa Eugènia de Berga;Santa Eugènia de Berga
CAMP DE FUTBOL MPAL. D´ASCÓ ANNEX;ASCO, F.C. A;Ascó;Ascó;Ascó
CAMP DE FUTBOL MPAL. JOAN BUSÓ;FORNELLS, UE. C;Fornells de la Selva;Fornells de la Selva;Fornells de la Selva
CAMP DE FUTBOL CEM GUINARDÓ;MARTINENC, F.C. C;Sant Martí d'Albars;Sant Martí d'Albars;Sant Martí d'Albars
CAMP DE FUTBOL CEM SAGNIER;PRAT, A.E. C;Prat de Comte;Prat de Comte;Prat de Comte
No especificado;MANLLEU, A.E.C. C;Manlleu;Manlleu;Manlleu
CAMP DE FUTBOL COL·LEGI SANT ANTONI DE PÀDUA-SALESIANS;JUVESPORT,C.D A;Sales de Llierca;Sales de Llierca;Sales de Llierca
CAMP DE FUTBOL MPAL. CAN BOADA;ESCOLA PIA TERRASSA A;Terrassa 17 (Can Boada);Terrassa;Can Boada
CAMP DE FUTBOL CEM MUNDET (1);CATALONIA, U.B. D;Desconocido;Desconocido;Desconocido
CAMP DE FUTBOL MPAL. DE TIVENYS;TIVENYS, U.E. A;Tivenys;Tivenys;Tivenys
CAMP DE FUTBOL MPAL. DE COLLSUSPINA;COLLSUSPINA, C.F. A;Collsuspina;Collsuspina;Collsuspina
CAMP DE FUTBOL ZEM DE TONA (1);TONA, U.E. C;Tona;Tona;Tona
CAMP DE FUTBOL MPAL. DE RUPIT-PRUIT;RUPIT PRUIT, UE A;Rupit i Pruit;Rupit i Pruit;Rupit i Pruit
CAMP DE FUTBOL MPAL. D´OLVAN;OLVAN, C.E. A;Olvan;Olvan;Olvan
CAMP DE FUTBOL MPAL. DE PONTS;ORGANYA, C.F. A;Organyà;Organyà;Organyà
CAMP DE FUTBOL CEM CAN CASABLANQUES;SANT QUIRZE VALLES, F.C. B;Sant Quirze de Besora;Sant Quirze de Besora;Sant Quirze de Besora
CAMP DE FUTBOL MPAL. POBLENOU-AGAPITO FERNÁNDEZ;RIVER PLATE BARCELONA  A;Barcelona;Barcelona;Barcelona
CAMP DE FUTBOL MPAL. LA TORRE DE L´ESPANYOL;TORRE DE L'ESPAÑOL, CF A;Torre de Cabdella, la;La Torre de Cabdella;La Torre de Cabdella
CAMP DE FUTBOL MPAL. DE RIBERA D´ONDARA;RIBERA D'ONDARA, F.C. A;Ribera d'Ondara;Ribera d'Ondara;Ribera d'Ondara
CAMP DE FUTBOL MPAL. DE CORRÓ D´AVALL;BELLAVISTA MILAN, C. B;Desconocido;Desconocido;Desconocido
CAMP DE FUTBOL MPAL. TORREFORTA;TORREFORTA, C.D.C. B;Torre de Cabdella, la;La Torre de Cabdella;La Torre de Cabdella
CAMP DE FUTBOL MPAL. DE L´AMPOLLA;AMPOLLA, C.F. A;Ampolla, l';L'Ampolla;L'Ampolla
CAMP DE FUTBOL MPAL. L'AUBE;JESUS Y MARIA, U.D. A;Santa Maria d'Oló;Santa Maria d'Oló;Santa Maria d'Oló
CAMP DE FUTBOL MPAL. DE SANT LLORENÇ DE MORUNYS;SANT LLORENÇ MORUNYS, C.E. A;Llorenç del Penedès;Llorenç del Penedès;Llorenç del Penedès
CAMP DE FUTBOL MPAL. L'ARENAL;BASE L'HOSPITALET DE L'INFANT C.E. B;Hospitalet de Llobregat, l';L'Hospitalet de Llobregat;L'Hospitalet de Llobregat
CAMP DE FUTBOL MPAL. DE SANT RAMON;SANT RAMON , F.C. A;Sant Ramon;Sant Ramon;Sant Ramon
CAMP DE FUTBOL MPAL. ANDREU LLADÓ;CALLUS, C.F. B;Callús;Callús;Callús
CAMP DE FUTBOL MPAL. DE SANTA COLOMA DE FARNERS;FARNERS, C.E. B;Santa Coloma de Cervelló;Santa Coloma de Cervelló;Santa Coloma de Cervelló
CAMP DE FUTBOL MPAL. D´AMER;REMENCES, A.E. UNIÓ  A;Amer;Amer;Amer
CAMP DE FUTBOL ZEM TOMÀS CLARAMUNT (Abans la Muntanyeta);CALELLA, C.F. B;Alella;Alella;Alella
CAMP DE FUTBOL MPAL. CENTRE PACO NAVARRO (2);UNIFICACIÓN C.F.SANTAPERPETUA A;Santa Perpètua de Mogoda;Santa Perpètua de Mogoda;Santa Perpètua de Mogoda
CAMP DE FUTBOL MPAL. JOAN GELI ARGELÉS;ESPOLLA, C.E. A;Espolla;Espolla;Espolla
CAMP DE FUTBOL MPAL. NARCÍS SALA;SANT ANDREU, U.E E;Sant Andreu de la Barca;Sant Andreu de la Barca;Sant Andreu de la Barca
CAMP DE FUTBOL MPAL. JOAN BAQUÉ;SOSES, C.F. A;Sant Joan de les Abadesses;Sant Joan de les Abadesses;Sant Joan de les Abadesses
CAMP DE FUTBOL MPAL. D´ULLDECONA;ULLDECONA, C.F. B;Ulldecona;Ulldecona;Ulldecona
CAMP DE FUTBOL MPAL. CAMP DE LA VILA;CAMPRODON, U.E A;Camprodon;Camprodon;Camprodon
CAMP DE FUTBOL ZEM CAN ROSÉS (2);Pª BLAUGRANA RAMON LLORENS B;Roses;Roses;Roses
CAMP DE FUTBOL MPAL. FRANCESC SERRACANTA;ASS.ESP.F. BASE PALAU 2024,  B;Palau d'Anglesola, el;El Palau d'Anglesola;El Palau d'Anglesola
CAMP DE FUTBOL MPAL. D´ALPICAT;ALPICAT , AT. C B;Alpicat;Alpicat;Alpicat
CAMP DE FUTBOL MPAL. DE VILANOVA DE BELLPUIG;VILANOVENCA,U.E;Bellpuig;Bellpuig;Bellpuig
CAMP DE FUTBOL MPAL. D´OLIANA;OLIANA,C.D. A;Oliana;Oliana;Oliana
CAMP DE FUTBOL MPAL. DE PONTS;PONTS C.F. A;Ponts;Ponts;Ponts
CAMP DE FUTBOL MPAL. DE L´ESTARTIT;MEDES L'ESTARTIT , F.C. A;Desconocido;Desconocido;Desconocido
CAMP DE FUTBOL CEM JULIO MÉNDEZ;PRAT, A.E. A;Prat de Comte;Prat de Comte;Prat de Comte
CAMP DE FUTBOL MPAL. DE CORNELLÀ DE TERRI;CORNELLA TERRI, A.E. B;Cornellà de Llobregat;Cornellà de Llobregat;Cornellà de Llobregat
CAMP DE FUTBOL MPAL. DE GRANOLLERS;GRANOLLERS, E.C. A;Granollers;Granollers;Granollers
CAMP DE FUTBOL MPAL. DE TORÀ;TORA, C.F. A;Torà;Torà;Torà
CAMP DE FUTBOL MPAL. VISTA ALEGRE-ELS MOLINS;MOLINOS, U.D. A;Castelldefels 2 (Vista Alegre - el Castell);Castelldefels;Vista Alegre - el Castell
CAMP DE FUTBOL CEM JÚPITER;FUNDACIÓ P. CE. JÚPITER B;Desconocido;Desconocido;Desconocido
CAMP DE FUTBOL MPAL. DE BESCANÓ;BESCANO, C.D. B;Bescanó;Bescanó;Bescanó
CAMP DE FUTBOL MPAL. U.E.GURB;GURB, U.E. A;Gurb;Gurb;Gurb
CAMP DE FUTBOL MPAL. DE L´ESQUIROL;CORCO, A.E. A;Esquirol, l';L'Esquirol;L'Esquirol
CAMP DE FUTBOL ZEM DE TONA (2);TONA, U.E. B;Tona;Tona;Tona
No especificado;SANT MIQUEL CAMPMAJOR, U.E. A;Sant Miquel de Campmajor;Sant Miquel de Campmajor;Sant Miquel de Campmajor
CAMP DE FUTBOL ZEM DE RIPOLL (1);CLUB FUTBOL RIPOLL A;Ripoll;Ripoll;Ripoll
CAMP DE FUTBOL MPAL. C.E.MONTESQUIU;MONTESQUIU, C.D. A;Montesquiu;Montesquiu;Montesquiu
CAMP DE FUTBOL MPAL. DE TORREGROSSA;ESCOLA DE FUTBOL INTERCOMARCAL B;Marçà;Marçà;Marçà
CAMP DE FUTBOL MPAL. D´ARTESA DE SEGRE;ARTESA DE SEGRE, C.E. B;Artés;Artés;Artés
CAMP DE FUTBOL ZEM DE SANT JULIÀ DE VILATORTA;SANT JULIA DE VILATORTA, C.F. B;Sant Julià de Cerdanyola;Sant Julià de Cerdanyola;Sant Julià de Cerdanyola
CAMP DE FUTBOL MPAL. LUIS GONZÁLEZ BAEZA;ALBIRROJITA DE CATALUNYA ASSOCIACIO CLUB SOCIAL B;Catalunya;Catalunya;Catalunya
CAMP DE FUTBOL MPAL. ANTONIO ORTEGA PAREJO;COL.LEGI S.PAU APOSTOL ESP.APA D;Sant Antoni de Vilamajor;Sant Antoni de Vilamajor;Sant Antoni de Vilamajor
CAMP DE FUTBOL MPAL. DE VILASSAR DE MAR;FUNDACIO  UNIÓ ESPORTIVA VILASSAR  D;Vilassar de Dalt;Vilassar de Dalt;Vilassar de Dalt
CAMP DE FUTBOL MPAL. CENTRE PACO NAVARRO (2);UNIFICACIÓN C.F.SANTAPERPETUA C;Santa Perpètua de Mogoda;Santa Perpètua de Mogoda;Santa Perpètua de Mogoda
CAMP DE FUTBOL MPAL. EMILI VICENTE;LA SEU D'URGELL, F.C. A;Seu d'Urgell, la;La Seu d'Urgell;La Seu d'Urgell
CAMP DE FUTBOL MPAL. D´ASCÓ ANNEX;ASCÓ, F.C. A;Ascó;Ascó;Ascó
CAMP DE FUTBOL MPAL. DE VALLS DE TORROELLA;VALLS DE TORROELLA, C.F. A;Torroella de Fluvià;Torroella de Fluvià;Torroella de Fluvià
CAMP DE FUTBOL MPAL. TURÓ DE LA PEIRA;TURÓ PEIRA, C.C.D. A;Barcelona 133 (el Turó de la Peira i Can Peguera);Barcelona;el Turó de la Peira i Can Peguera
No especificado;CASTELLBELL I VILAR, C.E. A;Castell d'Aro, Platja d'Aro i s'Agaró;Castell d'Aro, Platja d'Aro i s'Agaró;Castell d'Aro, Platja d'Aro i s'Agaró
CAMP DE FUTBOL MPAL. DE SANT JOAN ABADESSES;ABADESSENC, C.E. A;Sant Joan de les Abadesses;Sant Joan de les Abadesses;Sant Joan de les Abadesses
CAMP DE FUTBOL MPAL. JOAN CAPDEVILA MÉNDEZ;ESCOLA F.TARREGA, C.E. B;Sant Joan de les Abadesses;Sant Joan de les Abadesses;Sant Joan de les Abadesses
CAMP DE FUTBOL MPAL. DE BALENYÀ-JOAN SERRA;BALENYA, AT. A;Balenyà;Balenyà;Balenyà
CAMP DE FUTBOL MPAL. DE SANT QUINTÍ DE MEDIONA;QUINTINENC, C.F. A;Mediona;Mediona;Mediona
CAMP DE FUTBOL MPAL. DE SANT PERE DE RIUDEBITLLES;RIUDEBITLLES, UNIÓ ESPORTIVA  A;Sant Pere de Ribes;Sant Pere de Ribes;Sant Pere de Ribes
CAMP DE FUTBOL MPAL. EL GREGAL;SAULEDA, A.D. A;Desconocido;Desconocido;Desconocido
CAMP DE FUTBOL MPAL. DE ROSSELLÓ;ROSSELLO, C.F. A;Rosselló;Rosselló;Rosselló
CAMP DE FUTBOL COMPLEX ESPORTIU ANTONI PALAU;TORREFARRERA C.F. A;Farrera;Farrera;Farrera
CAMP DE FUTBOL MPAL. D'AGRAMUNT ESCOLA GERARD GATELL;AGRAMUNT ESCOLAGERARD GATELL C.F A;Agramunt;Agramunt;Agramunt
CAMP DE FUTBOL CLUB DE MONTMAJOR;MONTMAJOR F.C. A;Montmajor;Montmajor;Montmajor
CAMP DE FUTBOL MPAL. DE SANT JAUME DE LLIERCA;SANT JAUME OLOT B, C.F A;Olot;Olot;Olot
CAMP DE FUTBOL MPAL. MION-PUIGBERENGUER;PIRINAICA, F.C. A;Manresa 5 (el Poble Nou - Mion, Puigberenguer i Miralpeix);Manresa;el Poble Nou - Mion, Puigberenguer i Miralpeix
CAMP DE FUTBOL MPAL. BOSC TOSCA;ESCOLA F. BOSC DE TOSCA, C A;les Preses;les Preses;les Preses
CAMP DE FUTBOL MPAL. DE LA TORRE DE CLARAMUNT;CABRERA D'ANOIA CLUB ESP. A;Abrera;Abrera;Abrera
CAMP DE FUTBOL MPAL. DE VERDÚ;VERDU-CERCAVINS CF A;Verdú;Verdú;Verdú
CAMP DE FUTBOL MPAL. D´ESPARREGUERA;ESPARREGUERA, C.E. A;Esparreguera;Esparreguera;Esparreguera
No especificado;CISTELLA CLUB FUTBOL A;Cistella;Cistella;Cistella
CAMP DE FUTBOL MPAL. DE CALONGE;CALONGE, U.E. A;Calonge de Segarra;Calonge de Segarra;Calonge de Segarra
CAMP DE FUTBOL MPAL. DE VILOBÍ D´ONYAR;VILOBI FUTBOL CLUB A;Vilobí d'Onyar;Vilobí d'Onyar;Vilobí d'Onyar
No especificado;ATLÈTIC CLUB BANYOLES  B;Banyoles;Banyoles;Banyoles
CAMP DE FUTBOL MPAL. DE VALLFOGONA DE BALAGUER;VALLFOGONA DE BALAGUER,CF. A;Balaguer;Balaguer;Balaguer
CAMP DE FUTBOL MPAL. DE VALDERROBRES;ARNES CLUB ESP. A;Arnes;Arnes;Arnes
No especificado;CERVERA, C.D. A;Cervera;Cervera;Cervera
No especificado;LLORENÇ, C.F. A;Llorenç del Penedès;Llorenç del Penedès;Llorenç del Penedès
CAMP DE FUTBOL MPAL. DEL MORELL;MORELL, C.D. A;Morell, el;El Morell;El Morell
No especificado;SALLENT, C.E. A;Sallent;Sallent;Sallent
CAMP DE FUTBOL MPAL. D'AIGUAFREDA;AIGUAFREDA, C.E. A;Aiguafreda;Aiguafreda;Aiguafreda
No especificado;LLAGOSTERA, U.E. A;Llagostera;Llagostera;Llagostera
CAMP DE FUTBOL MPAL. L'ARENAL;HOSPITALET DE L'INFANT, C.D. B;Hospitalet de Llobregat, l';L'Hospitalet de Llobregat;L'Hospitalet de Llobregat
CAMP DE FUTBOL MPAL. DE MIAMI PLATJA;CLUB ESPORTIU MULTIESPORTIVA MIAMI A;Desconocido;Desconocido;Desconocido
CAMP DE FUTBOL MPAL. DE GOLMÉS;GOLMES A.E. A;Golmés;Golmés;Golmés
CAMP DE FUTBOL MPAL. BAIX CAMP (1);RIUDOMS, C.D. A;Baix Pallars;Baix Pallars;Baix Pallars
CAMP DE FUTBOL MPAL. LA VENTONELLA;FLIX, J.D. A;Flix;Flix;Flix
No especificado;ASCÓ, F.C. A;Ascó;Ascó;Ascó
CAMP DE FUTBOL ZEM JOSEP MASSOT I SAIS ANNEX 1;PALAMOS CLUB DE FUTBOL B;Palamós;Palamós;Palamós
CAMP DE FUTBOL MPAL. PUBILLA CASAS;FUNDACIÓ ACADÈMIA F. L'HOSPITALET  D;Hospitalet de Llobregat, l';L'Hospitalet de Llobregat;L'Hospitalet de Llobregat
CAMP DE FUTBOL MPAL. L'ALZINA;SEVA, U.E. B;Seva;Seva;Seva
CAMP DE FUTBOL MPAL. PARC ESPORTIU TENES;LLIÇÀ D'AMUNT, C.E. A;Lliçà d'Amunt;Lliçà d'Amunt;Lliçà d'Amunt
No especificado;VILASECA C.F. B;Desconocido;Desconocido;Desconocido
CAMP DE FUTBOL MPAL. EL XOPERAL;ALCARRAS, F.C. B;Alcarràs;Alcarràs;Alcarràs
CAMP DE FUTBOL MPAL. PERAFORT;PERAFORT, F.C. A;Perafort;Perafort;Perafort
No especificado;MONTBUI SOCCER, CLUB ESPORTIU  A;Desconocido;Desconocido;Desconocido
No especificado;REBROT, U.D. A;Desconocido;Desconocido;Desconocido
CAMP DE FUTBOL MPAL. EL GREGAL;PALAFRUGELL, C.F. B;Palafrugell;Palafrugell;Palafrugell
CAMP DE FUTBOL MPAL. DE ROCAFONDA;ROCAFONDA CLUB FUTBOL A;Mataró 7 (Rocafonda);Mataró;Rocafonda
CAMP DE FUTBOL MPAL. DE SANT MARTÍ SARROCA;MARTINENCA, U.E. A;Sant Martí d'Albars;Sant Martí d'Albars;Sant Martí d'Albars
CAMP DE FUTBOL MPAL. DE CASTELLFOLLIT DE LA ROCA;CASTELLFOLLIT, U.E. A;Castell d'Aro, Platja d'Aro i s'Agaró;Castell d'Aro, Platja d'Aro i s'Agaró;Castell d'Aro, Platja d'Aro i s'Agaró
CAMP DE FUTBOL MPAL. PLÀ D´EN BOET;PLA D'EN BOET,CLUB ESP. B;Pla de Santa Maria, el;El Pla de Santa Maria;El Pla de Santa Maria
CAMP DE FUTBOL MPAL. CAMP DE LA SANTA CREU;JESUS CATALONIA, C.F.  B;Desconocido;Desconocido;Desconocido
CAMP DE FUTBOL MPAL. DE LES MALLORQUINES;SILS-LA SELVA CLUB FUTBOL A;Sils;Sils;Sils
CAMP DE FUTBOL MPAL. DE FONTAJAU;SANT PONÇ, AT. A;Girona;Girona;Girona
CAMP DE FUTBOL MPAL. IÑAKI FERNÁNDEZ ORJALES, BÚFALO;EMPURIABRAVA CASTELLO, C.F. A;Castell d'Aro, Platja d'Aro i s'Agaró;Castell d'Aro, Platja d'Aro i s'Agaró;Castell d'Aro, Platja d'Aro i s'Agaró
CAMP DE FUTBOL MPAL. EUSEBI GÜELL;SANT LLUIS ASSOCIACIÓ ESPORTIVA A;Desconocido;Desconocido;Desconocido
CAMP DE FUTBOL MPAL. FONT MARTINA;PALAUTORDERA, C.F. B;Palau d'Anglesola, el;El Palau d'Anglesola;El Palau d'Anglesola
CAMP DE FUTBOL MPAL. LA TRIOLA;SANT SADURNI, U.E. A;Sant Sadurní d'Anoia;Sant Sadurní d'Anoia;Sant Sadurní d'Anoia
CAMP DE FUTBOL CLUB CENTRE ESPORTIU VEDRUNA;UNIÓ GIRONA A.C.E. B;Girona;Girona;Girona
CAMP DE FUTBOL MPAL. INDUSTRIAL RIPOLLET;Pª DEP. PAJARIL A;Ripollet 1 (Centre - Maragall);Ripollet;Centre - Maragall
No especificado;XERTA,C.F. A;Xerta;Xerta;Xerta
CAMP DE FUTBOL CEM DE SANT SALVADOR;SAN SALVADOR, U.D. B;Sant Salvador de Guardiola;Sant Salvador de Guardiola;Sant Salvador de Guardiola
CAMP DE FUTBOL COL·LEGI VIARÓ;PÀDUA, ASSOC. CLUB A;Sant Cugat del Vallès 9 (Can Sant Joan - Sant Mamet - Vullpalleres - Can Barata - Sector Nord - Can Graells);Sant Cugat del Vallès;Can Sant Joan - Sant Mamet - Vullpalleres - Can Barata - Sector Nord - Can Graells
CAMP DE FUTBOL MPAL. DE MAÇANET DE LA SELVA;MAÇANET 2022, CLUB ESPORTIU FUTBOL  A;Canet d'Adri;Canet d'Adri;Canet d'Adri
CAMP DE FUTBOL MPAL. DEL CAMI DEL MIG;MATARONESA, U.D A;Mataró;Mataró;Mataró
CAMP DE FUTBOL MPAL. ESPIRALL;BASE ESPIRALL-LES CLOTES,CF A;Vilafranca del Penedès;Vilafranca del Penedès;Vilafranca del Penedès
CAMP DE FUTBOL MPAL. LA BATLLÒRIA;LA BATLLÒRIA, C.E. A;Desconocido;Desconocido;Desconocido
CAMP DE FUTBOL MPAL. DE L´ARBOÇ;L'ARBOÇ, C.F. A;Arboç, l';L'Arboç;L'Arboç
No especificado;SANT JAUME DOMENYS, J.E. A;Sant Jaume d'Enveja;Sant Jaume d'Enveja;Sant Jaume d'Enveja
CAMP DE FUTBOL MPAL. LA PARELLADA St. Boi;Pª UNION D. MALAGA, CLUB A;Sant Boi de Llobregat;Sant Boi de Llobregat;Sant Boi de Llobregat
CAMP DE FUTBOL MPAL. LA VINYASSA;ROSES CITY FUTBOL CLUB  B;Roses;Roses;Roses
CAMP DE FUTBOL MPAL. DEL 25 DE SETEMBRE;JUVENTUD 25 DE SEPTIEMBRE A;Rubí 7 (Districte 5 Nord-est);Rubí;Districte 5 Nord-est
CAMP DE FUTBOL MPAL. LA BALCONADA;SANT PAU MANRESA , U.E. A;Manresa 9 (les Escodines - la Balconada - Cal Gravat - Sant Pau);Manresa;les Escodines - la Balconada - Cal Gravat - Sant Pau
CAMP DE FUTBOL ESCOLA INDUSTRIAL;CATALONIA, U.B. B;Barcelona 35 (l'Escola Industrial);Barcelona;l'Escola Industrial
CAMP DE FUTBOL CEM JULIO MÉNDEZ;PRAT, A.E. D;Prat de Comte;Prat de Comte;Prat de Comte
No especificado;VILANOVA ATLETIC A;Vilanova d'Escornalbou;Vilanova d'Escornalbou;Vilanova d'Escornalbou
CAMP DE FUTBOL MPAL. LES ROQUES;VALLHONESTA, C. ATLETIC A;Desconocido;Desconocido;Desconocido
CAMP DE FUTBOL MPAL. DE SANT CEBRIÀ DE VALLALTA;SANT CEBRIÀ 2021,CLUB FUTBOL A;Sant Cebrià de Vallalta;Sant Cebrià de Vallalta;Sant Cebrià de Vallalta
CAMP DE FUTBOL CEM JÚPITER;FUNDACIO P. CE. JUPITER A;Desconocido;Desconocido;Desconocido
CAMP DE FUTBOL MPAL. POMAR;POMAR, C.D. D;Badalona 29 (Canyet - Mas Ram - Pomar de Dalt - Pomar);Badalona;Canyet - Mas Ram - Pomar de Dalt - Pomar
CAMP DE FUTBOL ZEM DE JUNEDA;ESCOLA DE FUTBOL INTERCOMARCAL B;Juneda;Juneda;Juneda
CAMP DE FUTBOL MPAL. D'ALELLA;ALELLA, C.F. A;Alella;Alella;Alella
CAMP DE FUTBOL MPAL. PERE SERVIÀ CANTÓ;PALS, AT A;Pals;Pals;Pals
CAMP DE FUTBOL MPAL. MARIANAO;MARIANAO POBLET UD B;Santa Maria d'Oló;Santa Maria d'Oló;Santa Maria d'Oló
CAMP DE FUTBOL CEM LA GUINEUETA;ESCOLA ESPORTIVA GUINEUETA C.F  A;Barcelona 135 (la Guineueta);Barcelona;la Guineueta
CAMP DE FUTBOL MPAL. PROVENÇANA;FUNDACIO ESPORT.HOSPITALET AT A;Hospitalet de Llobregat, l';L'Hospitalet de Llobregat;L'Hospitalet de Llobregat
CAMP DE FUTBOL CEM CAN DRAGO;ALZAMORA, C.F.  C;Barcelona 130 (Can Dragó);Barcelona;Can Dragó
CAMP DE FUTBOL MPAL. TURÓ DE LA PEIRA;LA BOMBONERA , C.D. A;Barcelona 133 (el Turó de la Peira i Can Peguera);Barcelona;el Turó de la Peira i Can Peguera
CAMP DE FUTBOL MPAL. LA BARRUANA;Pª BARC. SANT VICENÇ HORTS A;Sant Vicenç de Castellet;Sant Vicenç de Castellet;Sant Vicenç de Castellet
CAMP DE FUTBOL ESCOLA INDUSTRIAL;L'ESQUERRA DE L'EIXAMPLE, F.C. A;Barcelona 35 (l'Escola Industrial);Barcelona;l'Escola Industrial
CAMP DE FUTBOL MPAL. CARMEL;FORZA BARCELONA FOOTBALL CLUB A;Barcelona 118 (el Baix Carmel);Barcelona;el Baix Carmel
CAMP DE FUTBOL MPAL. EL PONT DE VILOMARA;VILOMARA,C.F. A;Pont d'Armentera, el;El Pont d'Armentera;El Pont d'Armentera
CAMP DE FUTBOL MPAL. DE CAMPDEVÀNOL;RIBETANA C.F. A;Campdevànol;Campdevànol;Campdevànol
CAMP DE FUTBOL MPAL. DE BONAVISTA;BONAVISTA, C. A;Tarragona;Tarragona;Tarragona
CAMP DE FUTBOL MPAL. ANTONI SERRA I PUJOL;BARBERÀ CLUB DE FUTBOL A;Barberà de la Conca;Barberà de la Conca;Barberà de la Conca
CAMP DE FUTBOL MPAL. TORRE-ROJA;SECTOR MONTSERRATINA U.D. B;Serra de Daró;Serra de Daró;Serra de Daró
CAMP DE FUTBOL MPAL. DE GARDENY;GARDENY, U.D. A;Desconocido;Desconocido;Desconocido
CAMP DE FUTBOL MPAL. DE SALT;PENYA BONS AIRES E B;Salt;Salt;Salt
No especificado;LES BORGES DEL CAMP, C.D. A;Borges Blanques, les;Les Borges Blanques;Les Borges Blanques
CAMP DE FUTBOL MPAL. SERGIO BUSQUETS BURGOS;MERCANTIL, C.E C;Desconocido;Desconocido;Desconocido
CAMP DE FUTBOL CEM FORT-PIENC;ESCOLA FUTBOL ALMOGÀVERS B;Barcelona 15 (el Fort Pienc);Barcelona;el Fort Pienc
CAMP DE FUTBOL CEM CAN CARALLEU;SARRIÀ, C.P. B;Sarrià de Ter;Sarrià de Ter;Sarrià de Ter
CAMP DE FUTBOL MPAL. DE LA BORDETA;VILANOVETA DE LLEIDA CF B;Lleida;Lleida;Lleida
CAMP DE FUTBOL MPAL. DE SANTA OLIVA;BELLVEI, AT. A;Bellvei;Bellvei;Bellvei
CAMP DE FUTBOL MPAL. DE LA BORDETA;BORDETA DE LLEIDA, U.E. C;Lleida;Lleida;Lleida
CAMP DE FUTBOL MPAL. FRANCESC SERRACANTA;ASS.ESP.F.BASE PALAU 2024,  B;Palau d'Anglesola, el;El Palau d'Anglesola;El Palau d'Anglesola
CAMP DE FUTBOL MPAL. C.F.CAPELLADES;CAPELLADES, C.F. B;Capellades;Capellades;Capellades
CAMP DE FUTBOL CEM LA FANECADA;ALCANAR, C.D. A;Alcanar;Alcanar;Alcanar
CAMP DE FUTBOL CEM DE LA SÉNIA;LA SENIA, C.F. B;Sénia, la;La Sénia;La Sénia
CAMP DE FUTBOL IEM DEL VILAR;VALLS U.E. B;Valls;Valls;Valls
CAMP DE FUTBOL MPAL. DE MASQUEFA;MASQUEFA, F.C. A;Masquefa;Masquefa;Masquefa
CAMP DE FUTBOL MPAL. DE SANTA MARGARIDA I ELS MONJOS;MONJOS, A.D. A;Santa Margarida de Montbui;Santa Margarida de Montbui;Santa Margarida de Montbui
CAMP DE FUTBOL CIUTAT ESPORTIVA GIMNÀSTIC DE TARRAGONA 1 2 Camps;GIMNASTIC TARRAGONA, C. C;Tarragona;Tarragona;Tarragona
CAMP DE FUTBOL MPAL. DE BELLPUIG;ESCOLA DE FUTBOL MASCANÇA A;Bellpuig;Bellpuig;Bellpuig
CAMP DE FUTBOL MPAL. DE VALLMOLL;VALLMOLL C.D. B;Vallmoll;Vallmoll;Vallmoll
CAMP DE FUTBOL MPAL. DE CUNIT;CUNIT, C.F. A;Cunit;Cunit;Cunit
CAMP DE FUTBOL MPAL. JOSEP SUNYER I ARXER;SANT FELIU DE GUIXOLS C.F. B;Sant Feliu de Buixalleu;Sant Feliu de Buixalleu;Sant Feliu de Buixalleu
CAMP DE FUTBOL MPAL. AITANA BONMATÍ CONCA;RIBES, C.D. B;Conca de Dalt;Conca de Dalt;Conca de Dalt
CAMP DE FUTBOL ZEM TOMÀS CLARAMUNT (Abans la Muntanyeta);CALELLA, C.F.  B;Alella;Alella;Alella
CAMP DE FUTBOL MPAL. NOU DE BANYOLES;BANYOLES, C.E. C;Banyoles;Banyoles;Banyoles
CAMP DE FUTBOL MPAL. CAN PARELLADA;CAN PARELLADA, C.D. B;Desconocido;Desconocido;Desconocido
CAMP DE FUTBOL MPAL. DELS PALLARESOS;BASE 2012 PALLARESOS CLUB B;Pallaresos, els;Els Pallaresos;Els Pallaresos
CAMP DE FUTBOL MPAL. PUBILLA CASAS;FUNDACIÓ ACADEMIA F. L'HOSPITALET A;Hospitalet de Llobregat, l';L'Hospitalet de Llobregat;L'Hospitalet de Llobregat
CAMP DE FUTBOL MPAL. ICOMAR;ICOMAR, C.F. A;Desconocido;Desconocido;Desconocido
CAMP DE FUTBOL MPAL. JOSEP COSTA;AMETLLA VALLES, C.F. B;Ametlla de Mar, l';L'Ametlla de Mar;L'Ametlla de Mar
No especificado;CARDEDEU, F.C. C;Cardedeu;Cardedeu;Cardedeu
CAMP DE FUTBOL MPAL. DE L´HOSPITALET LLOBREGAT;L'HOSPITALET, CENTRE ESPORTS E;Hospitalet de Llobregat, l';L'Hospitalet de Llobregat;L'Hospitalet de Llobregat
CAMP DE FUTBOL MPAL. PERE GOL;FUNDACIÓ FUTBOL BADALONA B;Badalona;Badalona;Badalona
CAMP DE FUTBOL CEM FORT-PIENC;GÒTIC, F.C A;Barcelona 15 (el Fort Pienc);Barcelona;el Fort Pienc
CAMP DE FUTBOL MPAL. 1ER. DE MAIG;VALLES, C.AT. C;Granollers;Granollers;Granollers
CAMP DE FUTBOL CEM CAN DRAGO;ALZAMORA, C.F.  B;Barcelona 130 (Can Dragó);Barcelona;Can Dragó
CAMP DE FUTBOL MPAL. TRINITAT VELLA;TRINIDAD, C.D. A;Barcelona 147 (la Trinitat Vella);Barcelona;la Trinitat Vella
CAMP DE FUTBOL ZEM LA CRIVELLERA;RIBES, C.D. B;Ribes de Freser;Ribes de Freser;Ribes de Freser
CAMP DE FUTBOL ESCOLA INDUSTRIAL;CATALÒNIA, U.B. A;Barcelona 35 (l'Escola Industrial);Barcelona;l'Escola Industrial
CAMP DE FUTBOL MPAL. DE VALLIRANA;VALLIRANA C.F. B;Vallirana;Vallirana;Vallirana
CAMP DE FUTBOL COL·LEGI PARE MANYANET DE REUS;PARE MANYANET, A.E. C;Reus;Reus;Reus
CAMP DE FUTBOL MPAL. ALMEDA;COL.LEGI SAGRAT COR SARRIA AMPA B;Cornellà de Llobregat 9 (Almeda);Cornellà de Llobregat;Almeda
CAMP DE FUTBOL MPAL. ANTONI SERRA I PUJOL;BARBERÀ CLUB DE FUTBOL C;Barberà de la Conca;Barberà de la Conca;Barberà de la Conca
CAMP DE FUTBOL ZEM BUFALÀ;BUFALÀ, C.F. C;Badalona 25 (Bufalà Oest - sector Can Barriga);Badalona;Bufalà Oest - sector Can Barriga
CAMP DE FUTBOL MPAL. DE PREMIÀ DE DALT;PREMIA DALT, C.D. C;Premià de Dalt;Premià de Dalt;Premià de Dalt
CAMP DE FUTBOL MPAL. DE CORRÓ D´AVALL;LES FRANQUESES, C.F. C;Franqueses del Vallès, les;Les Franqueses del Vallès;Les Franqueses del Vallès
No especificado;CAN VIDALET, C.F. D;Esplugues de Llobregat 2 (Can Vidalet);Esplugues de Llobregat;Can Vidalet
CAMP DE FUTBOL ESCOLA CAMP JOLIU;BASE MARC BARTRA CF A;Desconocido;Desconocido;Desconocido
CAMP DE FUTBOL MPAL. CAN PUIGGENER;ARISTOI FOOTBALL ACADEMY B;Desconocido;Desconocido;Desconocido
No especificado;VILANOVA GELTRU C.F. A;Vilanova d'Escornalbou;Vilanova d'Escornalbou;Vilanova d'Escornalbou
CAMP DE FUTBOL MPAL. JOAN BAPTISTA MILÀ;SANTBOIA, F.C. B;Milà, el;El Milà;El Milà
No especificado;CASTELLDEFELS, U.E. B;Castell d'Aro, Platja d'Aro i s'Agaró;Castell d'Aro, Platja d'Aro i s'Agaró;Castell d'Aro, Platja d'Aro i s'Agaró
CAMP DE FUTBOL MPAL. TEIXONERA;DIAGONAL CLUB ESP. A;Barcelona 73 (Pedralbes, la Mercè i el Palau Reial);Barcelona;Pedralbes, la Mercè i el Palau Reial
No especificado;MARINA ATLÉTICO CLUB A;Desconocido;Desconocido;Desconocido
CAMP DE FUTBOL CEM JÚPITER;INTER BARCELONA  A;Barcelona;Barcelona;Barcelona
CAMP DE FUTBOL MPAL. MENORCA;PARC, U.D. A;Desconocido;Desconocido;Desconocido
CAMP DE FUTBOL MPAL. CASABLANCA;CASABLANCA , F.C. B;Desconocido;Desconocido;Desconocido
CAMP DE FUTBOL MPAL. PARC CATALANA;DARNA 2019, FC. A;Desconocido;Desconocido;Desconocido
CAMP DE FUTBOL MPAL. DE SANTA BÀRBARA;GODALL, F.C. A;Godall;Godall;Godall
CAMP DE FUTBOL MPAL. DE CORNELLÀ DE LLOBREGAT;FUNDACIO UNIO ESPORTIVA CORNELLA C;Cornellà de Llobregat;Cornellà de Llobregat;Cornellà de Llobregat
CAMP DE FUTBOL MPAL. CAN PUIGGENER;OAR GRÀCIA SBD E.F. B;Sabadell 18 (Gràcia);Sabadell;Gràcia
CAMP DE FUTBOL MPAL. POBLE NOU;PUEBLO NUEVO-2002, C.F.;Nou de Berguedà, la;La Nou de Berguedà;La Nou de Berguedà
No especificado;FUNDACIO E. ATLETIC VILAFRANCA  B;Vilafranca del Penedès;Vilafranca del Penedès;Vilafranca del Penedès
CAMP DE FUTBOL ESCOLA PIA DE SARRIÀ;DAUMAR , ASSOCIACIO CLUB  B;Sarrià de Ter;Sarrià de Ter;Sarrià de Ter
CAMP DE FUTBOL COL·LEGI XALOC;LES CORTS DE BARCELONA CLUB ESP. A;Hospitalet de Llobregat 26 (Santa Eulàlia - Centre Sud - Ciutat de la Justícia), l';Hospitalet de Llobregat;Santa Eulàlia - Centre Sud - Ciutat de la Justícia
CAMP DE FUTBOL CEM CAN DRAGO;ALZAMORA, C.F. B;Barcelona 130 (Can Dragó);Barcelona;Can Dragó
CAMP DE FUTBOL CEM MARESME;POBLE NOU, AT. B;Barcelona 180 (el Maresme i el Maresme Vell);Barcelona;el Maresme i el Maresme Vell
CAMP DE FUTBOL CEM FORT-PIENC;ESCOLA FUTBOL ALMOGAVERS A;Barcelona 15 (el Fort Pienc);Barcelona;el Fort Pienc
CAMP DE FUTBOL MPAL. IBERIA;COL.LEGI SAGRAT COR SARRIÀ AMPA A;Sarrià de Ter;Sarrià de Ter;Sarrià de Ter
CAMP DE FUTBOL MPAL. VERNTALLAT;JOANETES,C.F. A;Desconocido;Desconocido;Desconocido
CAMP DE FUTBOL MPAL. DE PORTBOU;PORTBOU, C.E. A;Portbou;Portbou;Portbou
CAMP DE FUTBOL CE DE L´ENERGIA;SANTS, U.E. C;Barcelona 62 (Santa Maria de Sants);Barcelona;Santa Maria de Sants
CAMP DE FUTBOL CEM SAGNIER;PRAT, A.E. A;Prat de Comte;Prat de Comte;Prat de Comte
CAMP DE FUTBOL CEM JÚPITER;JÚPITER, C.E. A;Desconocido;Desconocido;Desconocido
CAMP DE FUTBOL CEM SAGNIER;FUNDACIO PRIVADA ASSOC. ESP. PRAT  B;Prat de Comte;Prat de Comte;Prat de Comte
CAMP DE FUTBOL MPAL. IBERIA;IBERIA, C. AT. A;Desconocido;Desconocido;Desconocido
CAMP DE FUTBOL MPAL. LA BALCONADA;BALCONADA, U.E. B;Manresa 9 (les Escodines - la Balconada - Cal Gravat - Sant Pau);Manresa;les Escodines - la Balconada - Cal Gravat - Sant Pau
CAMP DE FUTBOL CEM BESÒS-TRAJANA;SANT ADRIA, CF. A;Barcelona 179 (el Besòs);Barcelona;el Besòs
No especificado;VILAFRANCA, F.C. A;Vilafranca del Penedès;Vilafranca del Penedès;Vilafranca del Penedès
CAMP DE FUTBOL MPAL. DE VILABELLA;VILABELLA, ATLETIC A;Abella de la Conca;Abella de la Conca;Abella de la Conca
CAMP DE FUTBOL MPAL. DE TORREGROSSA;TORREGROSSA, AT. A;Torre de Cabdella, la;La Torre de Cabdella;La Torre de Cabdella
CAMP DE FUTBOL MPAL. DE LES COTS;FONT DELS CAPELLANS, CLUB DE FUTBOL A;Desconocido;Desconocido;Desconocido
CAMP DE FUTBOL MPAL. SANT GENÍS;SANT GENÍS-PENITENTES, C.D. B;Barcelona 120 (Sant Genís dels Agudells);Barcelona;Sant Genís dels Agudells
CAMP DE FUTBOL CEM FORT-PIENC;PARC, U.D. A;Barcelona 15 (el Fort Pienc);Barcelona;el Fort Pienc
CAMP DE FUTBOL MPAL. CA N´ORIAC;SABADELL NORD,CF. B;Sabadell 10 (Ca n'Oriac - Torreguitart - Torrent del Capellà);Sabadell;Ca n'Oriac - Torreguitart - Torrent del Capellà
CAMP DE FUTBOL MPAL. SANTA AGNÈS;SANTA AGNES,C.F.  A;Desconocido;Desconocido;Desconocido
CAMP DE FUTBOL ZEM CAN JOFRESA;UNIO F. BASE JABAC I TERRASSA  A;Terrassa 9 (Can Jofresa - Can Palet II - Guadalhorce - Xúquer);Terrassa;Can Jofresa - Can Palet II - Guadalhorce - Xúquer
CAMP DE FUTBOL ESCOLA ESPORTIVA BRAFA;ESCOLA E.BRAFA C;Barcelona 142 (Santa Engràcia);Barcelona;Santa Engràcia
CAMP DE FUTBOL MPAL. D'ALBONS;BASE L'EMPORDANET,CF. A;Albons;Albons;Albons
CAMP DE FUTBOL MPAL. DE PIERA;PIERA, A.E. B;Piera;Piera;Piera
No especificado;PENYA ESPORTIVA MONTAGUT B;Montagut i Oix;Montagut i Oix;Montagut i Oix
CAMP DE FUTBOL PARROQUIA DE SANT PERE MOLANTA;SANT PERE MOLANTA, C.F.P. A;Sant Pere de Ribes;Sant Pere de Ribes;Sant Pere de Ribes
No especificado;FORTIA, C.E.;Fortià;Fortià;Fortià
CAMP DE FUTBOL CLUB NATACIÓ TERRASSA;NATACIO TERRASSA, C C;Terrassa;Terrassa;Terrassa
CAMP DE FUTBOL MPAL. DE SANT PAU D´ORDAL;SANT PAU D'ORDAL, U.E. A;Sant Pau de Segúries;Sant Pau de Segúries;Sant Pau de Segúries
No especificado;RAMON SICART, A.E. B;Sant Ramon;Sant Ramon;Sant Ramon
CAMP DE FUTBOL MPAL. DE BELL-LLOC D´URGELL;BELL-LLOC ATHLETIC CLUB A;Bell-lloc d'Urgell;Bell-lloc d'Urgell;Bell-lloc d'Urgell
CAMP DE FUTBOL MPAL. DE BENAVENT DE SEGRIÀ;BENAVENT DE SEGRIA CE. A;Benavent de Segrià;Benavent de Segrià;Benavent de Segrià
CAMP DE FUTBOL MPAL. DE SEGUR DE CALAFELL;SEGUR ATHLETIC C.F. A;Calaf;Calaf;Calaf
CAMP DE FUTBOL MPAL. ALMEDA;ALMEDA, C.D. C;Cornellà de Llobregat 9 (Almeda);Cornellà de Llobregat;Almeda
CAMP DE FUTBOL MPAL. DE LA NOU DE GAIÀ;LA NOU DE GAIA , CLUB U.E.  A;Gaià;Gaià;Gaià
CAMP DE FUTBOL MPAL. LES FORQUES;LA JONQUERA, U.E. B;Jonquera, la;La Jonquera;La Jonquera
CAMP DE FUTBOL MPAL. CAN SORTS;ESCOLA F. BASE SENTMENAT A;Sentmenat;Sentmenat;Sentmenat
CAMP DE FUTBOL CEM CIUTAT MERIDIANA-TORRENT BOSC;UNIFICACIÓ CIUTAT MERIDIANA,CE A;Barcelona 146 (Torre Baró, Ciutat Meridiana i Vallbona);Barcelona;Torre Baró, Ciutat Meridiana i Vallbona
CAMP DE FUTBOL ZEM LES FONTETES;CERDANYOLA VALLES, F.C. B;Cerdanyola del Vallès;Cerdanyola del Vallès;Cerdanyola del Vallès
CAMP DE FUTBOL MPAL. DE CUNIT;BASE MARC BARTRA CF A;Cunit;Cunit;Cunit
CAMP DE FUTBOL MPAL. DE FIGARÓ-MONTMANY;FIGARÓ, CE A;Figaró-Montmany;Figaró-Montmany;Figaró-Montmany
No especificado;PREMIA CLUB ESP. B;Premià de Dalt;Premià de Dalt;Premià de Dalt
CAMP DE FUTBOL MPAL. DE BANYERES DEL PENEDÈS;BANYERES, C.F. A;Banyeres del Penedès;Banyeres del Penedès;Banyeres del Penedès
CAMP DE FUTBOL CLUB GIMNÀSTIC PARC;GIMNASTIC MANRESA C. A;Manresa;Manresa;Manresa
CAMP DE FUTBOL MPAL. NOVA CIUTAT ESPORTIVA BLANES;CAL AGUIDO, A.D. A;Blanes;Blanes;Blanes
CAMP DE FUTBOL CEM MUNDET (1);MONTBAU, U.D. A;Desconocido;Desconocido;Desconocido
CAMP DE FUTBOL COL·LEGI LA FARGA;LA FARGA XXI, CE A;Sant Cugat del Vallès;Sant Cugat del Vallès;Sant Cugat del Vallès
CAMP DE FUTBOL MPAL. ZONA SUD;MOLLETENSE, U.D. B;Mollet de Peralada;Mollet de Peralada;Mollet de Peralada
CAMP DE FUTBOL MPAL. D´ESPARREGUERA;ESPARREGUERA, C.E. B;Esparreguera;Esparreguera;Esparreguera
CAMP DE FUTBOL MPAL. LA GRAVA;AVINYONET, U.E. A;Avinyó;Avinyó;Avinyó
CAMP DE FUTBOL CEM LA BASCULA EMILIO FERNANDEZ F11;ESCOLA F ANGEL PEDRAZA B;Barcelona 51 (la Mare de Déu de Port, Can Clos i el Polvorí);Barcelona;la Mare de Déu de Port, Can Clos i el Polvorí
CAMP DE FUTBOL CEM DE CABRILS;CABRILS, C.E. C;Cabrils;Cabrils;Cabrils
Camp de Futbol MPAL. DE BALÀFIA MANUEL LORITE;BALAFIA, C.F.U.E. A;Lleida 1 (Balàfia);Lleida;Balàfia
CAMP DE FUTBOL MPAL. EL XOPERAL;ESCOLA DE FUTBOL BAIX SEGRIA B;Baix Pallars;Baix Pallars;Baix Pallars
CAMP DE FUTBOL MPAL. TEIXONERA;ESCOLA DE FUTBOL STOITCHKOV-RACING SARRIA  A;Sarrià de Ter;Sarrià de Ter;Sarrià de Ter
CAMP DE FUTBOL MPAL. FRANCESC SERRACANTA;PALAU SOLITA I PLEGAMANS,F.C. A;Palau d'Anglesola, el;El Palau d'Anglesola;El Palau d'Anglesola
CAMP DE FUTBOL COL·LEGI VIARÓ;PERICOS DE SANT CUGAT  A;Sant Cugat del Vallès 9 (Can Sant Joan - Sant Mamet - Vullpalleres - Can Barata - Sector Nord - Can Graells);Sant Cugat del Vallès;Can Sant Joan - Sant Mamet - Vullpalleres - Can Barata - Sector Nord - Can Graells
CAMP DE FUTBOL CE DE L´ENERGIA;SANTS, U.E. D;Barcelona 62 (Santa Maria de Sants);Barcelona;Santa Maria de Sants
CAMP DE FUTBOL MPAL. NARCÍS SALA;SANT ANDREU, U.E C;Sant Andreu de la Barca;Sant Andreu de la Barca;Sant Andreu de la Barca
CAMP DE FUTBOL MPAL. JOSEP PONS I VENTURA;CUBELLES, C.F. C;Cubelles;Cubelles;Cubelles
CAMP DE FUTBOL MPAL. TORRE-ROJA;ATHLETIC VILADECANS FUTBOL CLUB B;Torre de Cabdella, la;La Torre de Cabdella;La Torre de Cabdella
CAMP DE FUTBOL MPAL. LA FLORESTA;LA FLORESTA, C.D. B;Floresta, la;La Floresta;La Floresta
CAMP DE FUTBOL MPAL. TRINITAT VELLA;TORRE FUERTE CERVELLO, FUTBOL CLUB  A;Barcelona 147 (la Trinitat Vella);Barcelona;la Trinitat Vella
CAMP DE FUTBOL CEM MARINA BESÒS JOSÉ LUIS RUIZ CASADO;HAILUKONG BARCELONA CLUB FUTBOL A;Barcelona 179 (el Besòs);Barcelona;el Besòs
CAMP DE FUTBOL CEM CAN ZAM (1);INSPIRE SOCCER,F.C. A;Desconocido;Desconocido;Desconocido
CAMP DE FUTBOL MPAL. POBLE NOU;PUEBLO NUEVO-2002, C.F. C;Nou de Berguedà, la;La Nou de Berguedà;La Nou de Berguedà
No especificado;HOSPITALENSE, AT.C. E;Hospitalet de Llobregat 3 (Centre - la Farga), l';Hospitalet de Llobregat;Centre - la Farga
CAMP DE FUTBOL CEM LA GUINEUETA;ESCOLA ESPORTIVA GUINEUETA C.F B;Barcelona 135 (la Guineueta);Barcelona;la Guineueta
CAMP DE FUTBOL MPAL. LA FEIXA LLARGA;UNIFICACION BELLVITGE, U.D. D;Hospitalet de Llobregat 29 (Bellvitge - Estació), l';Hospitalet de Llobregat;Bellvitge - Estació
CAMP DE FUTBOL MPAL. VALLBONA (NOU PROVISIONAL);HAILUKONG BARCELONA CLUB FUTBOL A;Barcelona;Barcelona;Barcelona
CAMP DE FUTBOL MPAL. DE CASTELL D´ARO;ARO, C.E. B;Castell d'Aro, Platja d'Aro i s'Agaró;Castell d'Aro, Platja d'Aro i s'Agaró;Castell d'Aro, Platja d'Aro i s'Agaró
CAMP DE FUTBOL MPAL. JOAN CORTIELLA-CAN SERRADOR;CASTELLAR, UNIÓ ESPORTIVA C;Castell d'Aro, Platja d'Aro i s'Agaró;Castell d'Aro, Platja d'Aro i s'Agaró;Castell d'Aro, Platja d'Aro i s'Agaró
CAMP DE FUTBOL MPAL. XEVI RAMON;FUNDACIO  UNIÓ ESPORTIVA VILASSAR  E;Sant Ramon;Sant Ramon;Sant Ramon
CAMP DE FUTBOL MPAL. DEL 25 DE SETEMBRE;JUVENTUD 25 DE SEPTIEMBRE C;Rubí 7 (Districte 5 Nord-est);Rubí;Districte 5 Nord-est
CAMP DE FUTBOL MPAL. LLEFIÀ;UNIFICACION LLEFIA,CF. B;Badalona 13 (Sant Antoni de Llefià);Badalona;Sant Antoni de Llefià
CAMP DE FUTBOL MPAL. DE BADALONA SUD;AZUL Y ORO, F.C.  A;Badalona;Badalona;Badalona
CAMP DE FUTBOL MPAL. MARIANAO;MARIANAO POBLET UD C;Santa Maria d'Oló;Santa Maria d'Oló;Santa Maria d'Oló
CAMP DE FUTBOL MPAL. DE MALGRAT DE MAR;MALGRAT , C.E. B;Malgrat de Mar;Malgrat de Mar;Malgrat de Mar
CAMP DE FUTBOL MPAL. DE TORELLÓ;TORELLO, C.F. C;Torelló;Torelló;Torelló
CAMP DE FUTBOL ZEM TOMÀS CLARAMUNT (Abans la Muntanyeta);CALELLA, C.F. C;Alella;Alella;Alella
CAMP DE FUTBOL CEM MARESME;INTER BARCELONA  A;Barcelona 180 (el Maresme i el Maresme Vell);Barcelona;el Maresme i el Maresme Vell
CAMP DE FUTBOL MPAL. CANYELLES (BCN);BARCELONA DRAGONS CLUB DE FUTBOL A;Barcelona;Barcelona;Barcelona
CAMP DE FUTBOL MPAL. DE SANT FELIU SASSERRA;SANT FELIU SASSERRA,CE A;Sant Feliu de Buixalleu;Sant Feliu de Buixalleu;Sant Feliu de Buixalleu
CAMP DE FUTBOL MPAL. JOAN CORTIELLA-CAN SERRADOR;CASTELLAR, UNIÓ ESPORTIVA B;Castell d'Aro, Platja d'Aro i s'Agaró;Castell d'Aro, Platja d'Aro i s'Agaró;Castell d'Aro, Platja d'Aro i s'Agaró
CAMP DE FUTBOL ZEM DE CORRÓ D´AMUNT;LES FRANQUESES, C.F. A;Franqueses del Vallès, les;Les Franqueses del Vallès;Les Franqueses del Vallès
CAMP DE FUTBOL MPAL. DE BELLVÍS;BELLVIS, C.F. A;Bellvís;Bellvís;Bellvís
CAMP DE FUTBOL MPAL. DE MONT-ROIG DEL CAMP;MONT-ROIG AT. B;Mont-roig del Camp;Mont-roig del Camp;Mont-roig del Camp
CAMP DE FUTBOL ZEM DE VIDRERES;SPORTING-VIDRERENCA, C.E.F B;Vidreres;Vidreres;Vidreres
CAMP DE FUTBOL MPAL. DEL PINELL DE BRAI;PINELL, C.F. A;Pinell de Brai, el;El Pinell de Brai;El Pinell de Brai
CAMP DE FUTBOL MPAL. INDUSTRIAL RIPOLLET;Pª DEP. PAJARIL B;Ripollet 1 (Centre - Maragall);Ripollet;Centre - Maragall
CAMP DE FUTBOL MPAL. GERMANS GONZALVO (2);MOLLET U.E.,CF. A;Mollet de Peralada;Mollet de Peralada;Mollet de Peralada
CAMP DE FUTBOL MPAL. ALBERT TODÓ;BENISSANET, C.D. A;Benissanet;Benissanet;Benissanet
CAMP DE FUTBOL CEM LA BASCULA EMILIO FERNANDEZ F11;ESCOLA F ÀNGEL PEDRAZA B;Barcelona 51 (la Mare de Déu de Port, Can Clos i el Polvorí);Barcelona;la Mare de Déu de Port, Can Clos i el Polvorí
CAMP DE FUTBOL MPAL. LES ROQUETES;Pª JOVE DE LES ROQUETES B;Sant Pere de Ribes;Sant Pere de Ribes;Sant Pere de Ribes
CAMP DE FUTBOL MPAL. DE FLAÇÀ;FLAÇA, C.D. A;Flaçà;Flaçà;Flaçà
CAMP DE FUTBOL MPAL. DE TÉRMENS;ALBESA, C.F. A;Albesa;Albesa;Albesa
CAMP DE FUTBOL MPAL. ALMEDA;COLEGIO ALEMAN S.ALBERTO,A.C. B;Cornellà de Llobregat 9 (Almeda);Cornellà de Llobregat;Almeda
CAMP DE FUTBOL MPAL. DE LA BISBAL DEL PENEDÈS;JOVENTUT BISBALENCA,C.F. A;Bisbal d'Empordà, la;La Bisbal d'Empordà;La Bisbal d'Empordà
No especificado;VISTA ALEGRE,U.D. D;Castelldefels 2 (Vista Alegre - el Castell);Castelldefels;Vista Alegre - el Castell
CAMP DE FUTBOL MPAL. DE GANDESA;GANDESA, C.F. B;Gandesa;Gandesa;Gandesa
CAMP DE FUTBOL MPAL. DEL CAMÍ DE RODA;ESCOLA F. BASE VENDRELL A;Roda de Berà;Roda de Berà;Roda de Berà
CAMP DE FUTBOL ESCOLA INDUSTRIAL;Pª BARC. ANGUERA A;Barcelona 35 (l'Escola Industrial);Barcelona;l'Escola Industrial
CAMP DE FUTBOL MPAL. JOAN GELABERT;LA LLAGOSTA, C.D. B;Llagosta, la;La Llagosta;La Llagosta
CAMP DE FUTBOL MPAL. DE CELRÀ;CELRA, U.C.E. B;Celrà;Celrà;Celrà
CAMP DE FUTBOL MPAL. D´ALGUAIRE;ALGUAIRE, C.E. A;Alguaire;Alguaire;Alguaire
No especificado;ESTACIÓN, C.F. A;Desconocido;Desconocido;Desconocido
CAMP DE FUTBOL MPAL. SANT ILDEFONS;ALBIREX NIIGATA BARCELONA FUTBOL CLUB A;Cornellà de Llobregat 6 (Sant Ildefons Oest);Cornellà de Llobregat;Sant Ildefons Oest
CAMP DE FUTBOL MPAL. DE VILANOVA DE BELLPUIG;VILANOVENCA,U.E A;Bellpuig;Bellpuig;Bellpuig
CAMP DE FUTBOL MPAL. DE TORRELLES DE FOIX;BASE TORRELLES, C.F A;Torre de Cabdella, la;La Torre de Cabdella;La Torre de Cabdella
CAMP DE FUTBOL ZEM DE SANT JOAN VILATORRADA;PALILLO, C.F. A;Sant Joan de les Abadesses;Sant Joan de les Abadesses;Sant Joan de les Abadesses
CAMP DE FUTBOL MPAL. D´ARTESA DE LLEIDA;ARTESA DE LLEIDA,C.E.;Artés;Artés;Artés
No especificado;CAN CLOTA- LA PLANA-CAN CERVERA F.C. B;Cervera;Cervera;Cervera
CAMP DE FUTBOL MPAL. DE LINYOLA;IVARS D'URGELL, C.E A;Ivars d'Urgell;Ivars d'Urgell;Ivars d'Urgell
CAMP DE FUTBOL MPAL. DE VENTALLÓ;ESPORTIU VENTALLÓ, CLUB  A;Ventalló;Ventalló;Ventalló
CAMP DE FUTBOL MPAL. DEL POAL;CF EL POAL A;Poal, el;El Poal;El Poal
CAMP DE FUTBOL MPAL. DE SANT MIQUEL FLUVIÀ;SANT MIQUEL FLUVIA, C.F. A;Sant Miquel de Campmajor;Sant Miquel de Campmajor;Sant Miquel de Campmajor
CAMP DE FUTBOL MPAL. DE VERGES;VERGES, C.F. A;Verges;Verges;Verges
CAMP DE FUTBOL CEM CAN ZAM (1);IMPERIO , C.F. A;Desconocido;Desconocido;Desconocido
CAMP DE FUTBOL MPAL. JOSEP SUNYER I ARXER;SANT FELIU DE GUIXOLS C.F. A;Sant Feliu de Buixalleu;Sant Feliu de Buixalleu;Sant Feliu de Buixalleu
No especificado;PENYA BLAUGRANA CASTELLBISBAL A;Bisbal d'Empordà, la;La Bisbal d'Empordà;La Bisbal d'Empordà
CAMP DE FUTBOL MPAL. DE VILAFANT;VILAFANT FC A;Vilafant;Vilafant;Vilafant
CAMP DE FUTBOL MPAL. MARCA DE L´HAM;CABANES, U.E. A;Cabanes;Cabanes;Cabanes
CAMP DE FUTBOL MPAL. DE PEDRASANTA;TREMP, C.F A;Tremp;Tremp;Tremp
CAMP DE FUTBOL MPAL. PARC CATALANA;Pª BARC. CINC COPES C;Desconocido;Desconocido;Desconocido
CAMP DE FUTBOL MPAL. L'ÀLIGA;SARRIA, C.P. B;Barcelona 103 (Joanic);Barcelona;Joanic
No especificado;ESPLUGUENC, C.F.A. C;Esplugues de Llobregat;Esplugues de Llobregat;Esplugues de Llobregat
CAMP DE FUTBOL MPAL. DE SANT GUIM DE FREIXENET;SANT GUIM CLUB FUTBOL  A;Sant Guim de Freixenet;Sant Guim de Freixenet;Sant Guim de Freixenet
CAMP DE FUTBOL MPAL. DE CORNELLÀ DE LLOBREGAT;FUNDACIO UNIO ESPORTIVA CORNELLA  B;Cornellà de Llobregat;Cornellà de Llobregat;Cornellà de Llobregat
CAMP DE FUTBOL MPAL. QUIM JUANOLA;SANT LLORENÇ DE LA MUGA, F.C.  A;Llorenç del Penedès;Llorenç del Penedès;Llorenç del Penedès
CAMP DE FUTBOL MPAL. DE SIURANA D´EMPORDA;SIURANA, U.E A;Siurana;Siurana;Siurana
CAMP DE FUTBOL ZEM DE TORROELLA DE MONTGRÍ;TORROELLA, U.E. A;Torroella de Fluvià;Torroella de Fluvià;Torroella de Fluvià
CAMP DE FUTBOL MPAL. DE SANT SALVADOR DE GUARDIOLA;GUARDIOLENCA, A.F. B;Guardiola de Berguedà;Guardiola de Berguedà;Guardiola de Berguedà
CAMP DE FUTBOL MPAL. DE MOIÀ;MOIA, C.E. B;Moià;Moià;Moià
CAMP DE FUTBOL IEM DEL VILAR;VALLS U.E. A;Valls;Valls;Valls
CAMP DE FUTBOL MPAL. DE CORBERA D´EBRE;CORBERA D'EBRE, C.F. A;Corbera d'Ebre;Corbera d'Ebre;Corbera d'Ebre
No especificado;BIGUES, C.E. B;Bigues i Riells del Fai;Bigues i Riells del Fai;Bigues i Riells del Fai
CAMP DE FUTBOL MPAL. DE LLADÓ;LLADO, U.E. A;Lladó;Lladó;Lladó
No especificado;GUISSONA, U.E. A;Guissona;Guissona;Guissona
CAMP DE FUTBOL MPAL. RAMON ESPASA;BORGES BLANQUES, C.F. B;Borges Blanques, les;Les Borges Blanques;Les Borges Blanques
CAMP DE FUTBOL MPAL. D´ALMACELLES;ALMACELLES, AT B;Almacelles;Almacelles;Almacelles
No especificado;BASE LLAGOSTERA CLUB FUTBOL A;Llagostera;Llagostera;Llagostera
CAMP DE FUTBOL ESCOLA ESPORTIVA BRAFA;ESCOLA E.BRAFA  A;Barcelona 142 (Santa Engràcia);Barcelona;Santa Engràcia
No especificado;RAPITENCA, U.E. B;Desconocido;Desconocido;Desconocido
CAMP DE FUTBOL MPAL. TORREFORTA;TORREFORTA, C.D.C. C;Torre de Cabdella, la;La Torre de Cabdella;La Torre de Cabdella
No especificado;PALAMOS CLUB DE FUTBOL A;Palamós;Palamós;Palamós
CAMP DE FUTBOL MPAL. EMILI VICENTE;ESCOLA DE FUTBOL ORGEL.LIA C.E B;Seu d'Urgell, la;La Seu d'Urgell;La Seu d'Urgell
CAMP DE FUTBOL MPAL. D´ARTÉS;ARTES, F.C. B;Artés;Artés;Artés
CAMP DE FUTBOL ZEM LES FONTETES;CERDANYOLA VALLES, F.C. E;Cerdanyola del Vallès;Cerdanyola del Vallès;Cerdanyola del Vallès
CAMP DE FUTBOL MPAL. CAN BOADA;ESCOLA FUTBOL CAN BOADA B;Terrassa 17 (Can Boada);Terrassa;Can Boada
CAMP DE FUTBOL MPAL. DE VILABLAREIX;VILABLAREIX FUTBOL CLUB C;Vilablareix;Vilablareix;Vilablareix
CAMP DE FUTBOL MPAL. DE CORRÓ D´AVALL;LES FRANQUESES, C.F. B;Franqueses del Vallès, les;Les Franqueses del Vallès;Les Franqueses del Vallès
CAMP DE FUTBOL MPAL. DEL PADRÓ;JAFRE, U.D. A;Jafre;Jafre;Jafre
CAMP DE FUTBOL MPAL. DE JORBA;JORBA, U.D. A;Jorba;Jorba;Jorba
CAMP DE FUTBOL MPAL. ALMEDA;COLEGIO ALEMAN S.ALBERTO,A.C. A;Cornellà de Llobregat 9 (Almeda);Cornellà de Llobregat;Almeda
No especificado;BASE VILANOVA 2015, CLUB NOU FUTBOL  B;Nou de Berguedà, la;La Nou de Berguedà;La Nou de Berguedà
CAMP DE FUTBOL MPAL. L'ÀLIGA;ZODIAC ELEVEN, F.C. A;Barcelona 103 (Joanic);Barcelona;Joanic
CAMP DE FUTBOL CIUTAT ESPORTIVA GIMNÀSTIC DE TARRAGONA 2 2 Camps;GIMNASTIC TARRAGONA, C. D;Tarragona;Tarragona;Tarragona
No especificado;CAN ROCA, C.F. A;Roca del Vallès, la;La Roca del Vallès;La Roca del Vallès
CAMP DE FUTBOL CEM SANT OLEGUER;SABADELL ATLETIC , ASSOC. ESP. P.R. A;Sabadell;Sabadell;Sabadell
CAMP DE FUTBOL MPAL. GERMANS GONZALVO (2);MOLLET U.E.,CF. C;Mollet de Peralada;Mollet de Peralada;Mollet de Peralada
CAMP DE FUTBOL MPAL. POMAR;POMAR, C.D. C;Badalona 29 (Canyet - Mas Ram - Pomar de Dalt - Pomar);Badalona;Canyet - Mas Ram - Pomar de Dalt - Pomar
CAMP DE FUTBOL ESCOLA INDUSTRIAL;L'ESQUERRA DE L'EIXAMPLE, F.C. B;Barcelona 35 (l'Escola Industrial);Barcelona;l'Escola Industrial
CAMP DE FUTBOL MPAL. DE VALLVIDRERA;DAUMAR , ASSOCIACIO CLUB A;Desconocido;Desconocido;Desconocido
CAMP DE FUTBOL ZEM LES FONTS-ARTUR TRAVESA;TRES TORRES , FUTBOL CLUB  A;Terrassa 10 (Can Parellada - les Fonts);Terrassa;Can Parellada - les Fonts
CAMP DE FUTBOL MPAL. EL GORNAL;GORNAL, U.D. B;Hospitalet de Llobregat 28 (el Gornal), l';Hospitalet de Llobregat;el Gornal
CAMP DE FUTBOL MPAL. SANT MARTÍ DE PROVENÇALS;Pª BARC. CINC COPES A;Sant Martí d'Albars;Sant Martí d'Albars;Sant Martí d'Albars
CAMP DE FUTBOL MPAL. ANTONIO ORTEGA PAREJO;FC TARRACO A;Sant Antoni de Vilamajor;Sant Antoni de Vilamajor;Sant Antoni de Vilamajor
No especificado;VILASSAR DALT-GIATSU, C.E. D;Vilassar de Dalt;Vilassar de Dalt;Vilassar de Dalt
CAMP DE FUTBOL MPAL. RAMON FARRÚS;SEGRE, AT. D;Sant Ramon;Sant Ramon;Sant Ramon
CAMP DE FUTBOL MPAL. VISTA ALEGRE-ELS MOLINS;MOLINOS, U.D. C;Castelldefels 2 (Vista Alegre - el Castell);Castelldefels;Vista Alegre - el Castell
CAMP DE FUTBOL MPAL. OLÍMPIA;SABADELL F.C., C.E. D;Sabadell;Sabadell;Sabadell
CAMP DE FUTBOL COL·LEGI VIARÓ;OLYMPIA - VIARO ,C.E A;Sant Cugat del Vallès 9 (Can Sant Joan - Sant Mamet - Vullpalleres - Can Barata - Sector Nord - Can Graells);Sant Cugat del Vallès;Can Sant Joan - Sant Mamet - Vullpalleres - Can Barata - Sector Nord - Can Graells
CAMP DE FUTBOL CEM LA GUINEUETA;ESCOLA ESPORTIVA GUINEUETA C.F D;Barcelona 135 (la Guineueta);Barcelona;la Guineueta
CAMP DE FUTBOL MPAL. LES GRASES;Pª BARC. SANT FELIU LLOBREGAT A;Sant Feliu de Buixalleu;Sant Feliu de Buixalleu;Sant Feliu de Buixalleu
CAMP DE FUTBOL MPAL. CAN GILI;GRANOLLERS, E.C. D;Granollers;Granollers;Granollers
CAMP DE FUTBOL CLUB D´ESPORTS VENDRELL;VENDRELL C.E. B;Vendrell, el;El Vendrell;El Vendrell
CAMP DE FUTBOL CEM MARINA BESÒS JOSÉ LUIS RUIZ CASADO;ARETÉ FUTBOL CLUB  A;Barcelona 179 (el Besòs);Barcelona;el Besòs
CAMP DE FUTBOL PARROQUIA DE SANTA MARIA DE LLERONA;LLERONA, C.E. B;Santa Maria d'Oló;Santa Maria d'Oló;Santa Maria d'Oló
No especificado;MANRESA, C.E. C;Manresa;Manresa;Manresa
CAMP DE FUTBOL COL·LEGI XALOC;FUNDACIO UNIO ESPORTIVA CORNELLA D;Hospitalet de Llobregat 26 (Santa Eulàlia - Centre Sud - Ciutat de la Justícia), l';Hospitalet de Llobregat;Santa Eulàlia - Centre Sud - Ciutat de la Justícia
CAMP DE FUTBOL MPAL. CAN BOADA;FUNDACIÓ TERRASSA FC 1906 E;Terrassa 17 (Can Boada);Terrassa;Can Boada
CAMP DE FUTBOL MPAL. CAN DEU;PLANADEU-ROUREDA UNIÓ  ESPORTIVA FUTBOL C;Sabadell 12 (la Roureda - Sant Julià);Sabadell;la Roureda - Sant Julià
CAMP DE FUTBOL CEM CIUTAT MERIDIANA-TORRENT BOSC;UNIFICACIO CIUTAT MERIDIANA,CE B;Barcelona 146 (Torre Baró, Ciutat Meridiana i Vallbona);Barcelona;Torre Baró, Ciutat Meridiana i Vallbona
CAMP DE FUTBOL MPAL. TURÓ DE LA PEIRA;ALEGRIA, C.D. B;Barcelona 133 (el Turó de la Peira i Can Peguera);Barcelona;el Turó de la Peira i Can Peguera
No especificado;SINERA UNITED FUTBOL CLUB ASS. B;Arenys de Mar;Arenys de Mar;Arenys de Mar
CAMP DE FUTBOL MPAL. LES GRASES;SANTFELIUENC, F.C.  C;Sant Feliu de Buixalleu;Sant Feliu de Buixalleu;Sant Feliu de Buixalleu
CAMP DE FUTBOL CEM JÚPITER;MONOPOL, CD A;Desconocido;Desconocido;Desconocido
CAMP DE FUTBOL MPAL. SANT MARTÍ DE PROVENÇALS;CLUB POLIDET VALLÈS  ESPORTIU  A;Sant Martí d'Albars;Sant Martí d'Albars;Sant Martí d'Albars
No especificado;FUNDACIÓ TERRASSA FC 1906 D;Terrassa;Terrassa;Terrassa
CAMP DE FUTBOL MPAL. LES OLIVERES;SINGUERLIN, C.F. C;Santa Coloma de Gramenet 7 (Singuerlin - Can Zam);Santa Coloma de Gramenet;Singuerlin - Can Zam
CAMP DE FUTBOL CLUB GIMNÀSTIC PARC;GIMNASTIC MANRESA C. D;Manresa;Manresa;Manresa
CAMP DE FUTBOL MPAL. ANTONI SERRA I PUJOL;ESCOLA F. BARBERA ANDALUCIA C;Barberà de la Conca;Barberà de la Conca;Barberà de la Conca
CAMP DE FUTBOL CEM CAN ZAM (1);ARRABAL-CALAF GRAMANET C.D. C;Santa Coloma de Gramenet;Santa Coloma de Gramenet;Santa Coloma de Gramenet
CAMP DE FUTBOL MPAL. LES GRASES;SANTFELIUENC, F.C. D;Sant Feliu de Buixalleu;Sant Feliu de Buixalleu;Sant Feliu de Buixalleu
CAMP DE FUTBOL MPAL. NOU BARRIS;MONTAÑESA, C.F. D;Nou de Berguedà, la;La Nou de Berguedà;La Nou de Berguedà
CAMP DE FUTBOL MPAL. DE CORRÓ D´AVALL;LES FRANQUESES, C.F. D;Franqueses del Vallès, les;Les Franqueses del Vallès;Les Franqueses del Vallès
CAMP DE FUTBOL MPAL. DE PUIG-REIG;OLVAN, C.E. A;Olvan;Olvan;Olvan
CAMP DE FUTBOL MPAL. DE SANT JAUME DE LLIERCA;SANTJOANENC, C.P. A;Sant Jaume d'Enveja;Sant Jaume d'Enveja;Sant Jaume d'Enveja
CAMP DE FUTBOL MPAL. DE CAMPDEVÀNOL;ESCOLA FUTBOL DEL RIPOLLES A.E A;Campdevànol;Campdevànol;Campdevànol
CAMP DE FUTBOL MPAL. JOVENTUT SANT PERE MÀRTIR;LA CANYA, A.E. A;la Canya;la Canya;la Canya
CAMP DE FUTBOL MPAL. ASSOCIACIÓ ALUMNES OBRERS Annex, (2);BASE VILANOVA 2015, CLUB NOU FUTBOL  A;Nou de Berguedà, la;La Nou de Berguedà;La Nou de Berguedà
CAMP DE FUTBOL MPAL. DE BANYERES DEL PENEDÈS;NSA CAMP JOLIU  A;Banyeres del Penedès;Banyeres del Penedès;Banyeres del Penedès
CAMP DE FUTBOL MPAL. DE FLAÇÀ;BASE L'EMPORDANET,CF. A;Flaçà;Flaçà;Flaçà
CAMP DE FUTBOL MPAL. DE CAMBRILS (3);CAMBRILS UNIÓ C.E. C;Cambrils;Cambrils;Cambrils
CAMP DE FUTBOL MPAL. DE SANT JOAN ABADESSES;FEC VALL DEL TER A;Sant Joan de les Abadesses;Sant Joan de les Abadesses;Sant Joan de les Abadesses
No especificado;SALOU, U.D.  A;Salou;Salou;Salou
CAMP DE FUTBOL MPAL. HORTA;HORTA, U.AT. C;Barcelona 124 (Sant Joan d'Horta);Barcelona;Sant Joan d'Horta
CAMP DE FUTBOL MPAL. IBERIA;SANTS, U.E. C;Desconocido;Desconocido;Desconocido
CAMP DE FUTBOL COL·LEGI SAGRAT COR SARRIÀ;DAUMAR , ASSOCIACIO CLUB  A;Sarrià de Ter;Sarrià de Ter;Sarrià de Ter
CAMP DE FUTBOL CEM ARISTIDES MAILLOL;LES CORTS DE BARCELONA CLUB ESP. A;Barcelona;Barcelona;Barcelona
CAMP DE FUTBOL CEM SANT OLEGUER;ESCOLA F. SABADELL B;Sabadell;Sabadell;Sabadell
CAMP DE FUTBOL ZEM DE TONA (1);TONA, U.E. B;Tona;Tona;Tona
CAMP DE FUTBOL MPAL. DE SANT PERE DE TORELLÓ;RUPIT PRUIT, UE A;Rupit i Pruit;Rupit i Pruit;Rupit i Pruit
CAMP DE FUTBOL MPAL. RAMON FARRÚS;SEGRE, AT. B;Sant Ramon;Sant Ramon;Sant Ramon
CAMP DE FUTBOL MPAL. D´AMER;LES PLANES, C.F. A;Amer;Amer;Amer
CAMP DE FUTBOL MPAL. DEL CENTENARI-AISS;SANT ANDREU, U.E E;Sant Andreu de la Barca;Sant Andreu de la Barca;Sant Andreu de la Barca
CAMP DE FUTBOL MPAL. DE SERINYÀ;SERINYA, C.F. A;Serinyà;Serinyà;Serinyà
CAMP DE FUTBOL MPAL. VALL D´HEBRON;GRAN Pª ESPANYOLISTA MANIGUA A;Vall d'en Bas, la;La Vall d'en Bas;La Vall d'en Bas
CAMP DE FUTBOL MPAL. LO XOPERAL;ALDOVER, UD A;Aldover;Aldover;Aldover
CAMP DE FUTBOL MPAL. L'AUBE;JESUS  i   MARIA, U.D. B;Santa Maria d'Oló;Santa Maria d'Oló;Santa Maria d'Oló
CAMP DE FUTBOL PARROQUIA DE SANTA MARIA DE LLERONA;RAMASSA A.E. A;Santa Maria d'Oló;Santa Maria d'Oló;Santa Maria d'Oló
CAMP DE FUTBOL MPAL. DE MOLLERUSSA;FUNDACIO ESPORTIVA JOVENTUT MOLLERUSSA  A;Mollerussa;Mollerussa;Mollerussa
CAMP DE FUTBOL MPAL. DE PONTS;OLIANA,C.D. A;Oliana;Oliana;Oliana
CAMP DE FUTBOL MPAL. SALVADOR GISBERT;SANT JAUME D'ENVEIJA, U.E. A;Sant Jaume d'Enveja;Sant Jaume d'Enveja;Sant Jaume d'Enveja
CAMP DE FUTBOL MPAL. DE CASTELLGALI;SPORT CASTELLGALI FUTBOL SALA CLUB 2022 A;Castell d'Aro, Platja d'Aro i s'Agaró;Castell d'Aro, Platja d'Aro i s'Agaró;Castell d'Aro, Platja d'Aro i s'Agaró
CAMP DE FUTBOL MPAL. DEL CENTENARI-AISS;SANT ANDREU, U.E B;Sant Andreu de la Barca;Sant Andreu de la Barca;Sant Andreu de la Barca
CAMP DE FUTBOL MPAL. IBERIA;CATALONIA, U.B. B;Desconocido;Desconocido;Desconocido
CAMP DE FUTBOL MPAL. DEL PLA DE BARRA;CAMARLES, C.F. B;Camarles;Camarles;Camarles
CAMP DE FUTBOL MPAL. DE VALLIRANA;Pª BLAUGRANA VALLIRANA B;Vallirana;Vallirana;Vallirana
CAMP DE FUTBOL ZEM CAN JOFRESA;UNIO F. BASE JABAC I TERRASSA  B;Terrassa 9 (Can Jofresa - Can Palet II - Guadalhorce - Xúquer);Terrassa;Can Jofresa - Can Palet II - Guadalhorce - Xúquer
CAMP DE FUTBOL MPAL. DE BESCANÓ;BESCANO, C.E. A;Bescanó;Bescanó;Bescanó
CAMP DE FUTBOL ZEM LES FONTETES;CERDANYOLA VALLES, F.C.  D;Cerdanyola del Vallès;Cerdanyola del Vallès;Cerdanyola del Vallès
CAMP DE FUTBOL MPAL. CA LA GUIDÓ-PEDRO ALIA DORADO;BLANES, C.D. B;Blanes;Blanes;Blanes
CAMP DE FUTBOL MPAL. SANTA EULÀLIA;FUNDACIÓ ACADÈMIA F. L'HOSPITALET  B;Hospitalet de Llobregat, l';L'Hospitalet de Llobregat;L'Hospitalet de Llobregat
CAMP DE FUTBOL ZEM DE CORRÓ D´AMUNT;LES FRANQUESES, C.F. C;Franqueses del Vallès, les;Les Franqueses del Vallès;Les Franqueses del Vallès
No especificado;FUNDACIO E. ATLETIC VILAFRANCA  A;Vilafranca del Penedès;Vilafranca del Penedès;Vilafranca del Penedès
CAMP DE FUTBOL MPAL. LA FEIXA LLARGA;UNIFICACIÓN BELLVITGE, U.D. B;Hospitalet de Llobregat 29 (Bellvitge - Estació), l';Hospitalet de Llobregat;Bellvitge - Estació
CAMP DE FUTBOL MPAL. LA TORRASSA;ESCOLA COLLBLANC-TORRASSA,C.E B;Hospitalet de Llobregat 15 (Collblanc - Centre - Vallparda), l';Hospitalet de Llobregat;Collblanc - Centre - Vallparda
CAMP DE FUTBOL MPAL. DE GODALL;GODALL, F.C. A;Godall;Godall;Godall
CAMP DE FUTBOL MPAL. PUBILLA CASAS;FUNDACIÓ ACADEMIA F. L'HOSPITALET  D;Hospitalet de Llobregat, l';L'Hospitalet de Llobregat;L'Hospitalet de Llobregat
CAMP DE FUTBOL ZEM DE BORGONYÀ;BORGONYA, C.D. A;Desconocido;Desconocido;Desconocido
CAMP DE FUTBOL COL·LEGI XALOC;FUNDACIO UNIO ESPORTIVA CORNELLA B;Hospitalet de Llobregat 26 (Santa Eulàlia - Centre Sud - Ciutat de la Justícia), l';Hospitalet de Llobregat;Santa Eulàlia - Centre Sud - Ciutat de la Justícia
CAMP DE FUTBOL ZEM CAN TINTORER;SPORTING GAVA 2021, FUTBOL CLUB B;Gavà;Gavà;Gavà
CAMP DE FUTBOL SCHOOL EUROPA INTERNATIONAL;SANT CUGAT FUTBOL CLUB C;Sant Cugat del Vallès;Sant Cugat del Vallès;Sant Cugat del Vallès
CAMP DE FUTBOL MPAL. CASABLANCA;CASABLANCA , F.C. C;Desconocido;Desconocido;Desconocido
CAMP DE FUTBOL MPAL. SANTA EULÀLIA;FUNDACIÓ ACADÈMIA F. L'HOSPITALET  A;Hospitalet de Llobregat, l';L'Hospitalet de Llobregat;L'Hospitalet de Llobregat
CAMP DE FUTBOL MPAL. CAN PUIGGENER;LLANO DE SABADELL, C.D. A;Sabadell;Sabadell;Sabadell
CAMP DE FUTBOL MPAL. SANTA EULÀLIA;FUNDACIÓ ACADÈMIA F. L'HOSPITALET  C;Hospitalet de Llobregat, l';L'Hospitalet de Llobregat;L'Hospitalet de Llobregat
CAMP DE FUTBOL INEF BARCELONA;Pª BARC. ANGUERA D;Barcelona;Barcelona;Barcelona
CAMP DE FUTBOL MPAL. DE RECASENS;INTER RECASENS  CLUB FUTBOL  B;Lleida;Lleida;Lleida
CAMP DE FUTBOL MPAL. SANT MARTÍ DE PROVENÇALS;POBLE NOU, AT. A;Nou de Berguedà, la;La Nou de Berguedà;La Nou de Berguedà
CAMP DE FUTBOL MPAL. MENORCA;Pª BARC. CINC COPES A;Desconocido;Desconocido;Desconocido
CAMP DE FUTBOL MPAL. DE BELLPUIG;IVARS D'URGELL, C.E A;Bellpuig;Bellpuig;Bellpuig
CAMP DE FUTBOL MPAL. L'ÀLIGA;Pª BARC. CINC COPES C;Barcelona 103 (Joanic);Barcelona;Joanic
CAMP DE FUTBOL MPAL. DE VALLVIDRERA;ESCOLA FUTBOL VALLVIDRERA  B;Desconocido;Desconocido;Desconocido
CAMP DE FUTBOL MPAL. IBERIA;ESCOLA F ÀNGEL PEDRAZA B;Desconocido;Desconocido;Desconocido
CAMP DE FUTBOL MPAL. DE LA FATARELLA;LA FATARELLA, C.E. A;Fatarella, la;La Fatarella;La Fatarella
CAMP DE FUTBOL ZEM SANT JORDI;TORREDEMBARRA, U.D. B;Sant Jordi Desvalls;Sant Jordi Desvalls;Sant Jordi Desvalls
CAMP DE FUTBOL MPAL. D´ASCÓ ANNEX;ASCÓ, F.C. B;Ascó;Ascó;Ascó
CAMP DE FUTBOL MPAL. XEVI RAMON;FUNDACIO  UNIÓ ESPORTIVA VILASSAR  F;Sant Ramon;Sant Ramon;Sant Ramon
CAMP DE FUTBOL CEM LA BASCULA EMILIO FERNANDEZ F11;ESCOLA F ÀNGEL PEDRAZA A;Barcelona 51 (la Mare de Déu de Port, Can Clos i el Polvorí);Barcelona;la Mare de Déu de Port, Can Clos i el Polvorí
CAMP DE FUTBOL MPAL. ZONA SUD;MOLLETENSE, U.D. C;Mollet de Peralada;Mollet de Peralada;Mollet de Peralada
CAMP DE FUTBOL MPAL. DE GRANOLLERS;GRANOLLERS, E.C. D;Granollers;Granollers;Granollers
CAMP DE FUTBOL MPAL. DE CASTELLGALI;MANRESA, C.E. C;Castell d'Aro, Platja d'Aro i s'Agaró;Castell d'Aro, Platja d'Aro i s'Agaró;Castell d'Aro, Platja d'Aro i s'Agaró
No especificado;FUNDACIÓ TERRASSA FC 1906 E;Terrassa;Terrassa;Terrassa
CAMP DE FUTBOL MPAL. ARRAHONA-MERINAL-JOAN MURTRO;MERCANTIL, C.E D;Sant Joan de les Abadesses;Sant Joan de les Abadesses;Sant Joan de les Abadesses
CAMP DE FUTBOL IEM LA ROMÀNICA;ESCOLA F. BARBERA ANDALUCIA C;Barberà del Vallès;Barberà del Vallès;Barberà del Vallès
CAMP DE FUTBOL ZEM DE CORRÓ D´AMUNT;LES FRANQUESES, C.F. D;Franqueses del Vallès, les;Les Franqueses del Vallès;Les Franqueses del Vallès
CAMP DE FUTBOL MPAL. D´HORTA DE SANT JOAN;HORTA SAN JUAN CDR A;Horta de Sant Joan;Horta de Sant Joan;Horta de Sant Joan
CAMP DE FUTBOL ZEM CAN PONS;ARBUCIES,CLUB FUTBOL A;Arbúcies;Arbúcies;Arbúcies
CAMP DE FUTBOL CEM EL FORNÀS;ESCOLA VALLS FUTBOL CLUB B;Valls;Valls;Valls
CAMP DE FUTBOL MPAL. DE SANT ANTONI DE CALONGE;ESCOLA M.F.CALONGE-SANTANTONI,C A;Calonge de Segarra;Calonge de Segarra;Calonge de Segarra
CAMP DE FUTBOL MPAL. NOU SARDENYA;EUROPA, C.E. B;Barcelona 103 (Joanic);Barcelona;Joanic
CAMP DE FUTBOL COL·LEGI SANT IGNASI;Pª BARC. ANGUERA C;Barcelona 79 (la Bonanova, la Torre Vilana i l'Avinguda del Tibidabo);Barcelona;la Bonanova, la Torre Vilana i l'Avinguda del Tibidabo
CAMP DE FUTBOL MPAL. DE L´ARBOÇ;NSA CAMP JOLIU  B;Arboç, l';L'Arboç;L'Arboç
CAMP DE FUTBOL MPAL. LES OLIVERES;SINGUERLIN, C.F. A;Santa Coloma de Gramenet 7 (Singuerlin - Can Zam);Santa Coloma de Gramenet;Singuerlin - Can Zam
CAMP DE FUTBOL MPAL. D´OCATA;MASNOU AT. C;Masnou, el;El Masnou;El Masnou
CAMP DE FUTBOL MPAL. LES OLIVERES;SINGUERLIN, C.F. B;Santa Coloma de Gramenet 7 (Singuerlin - Can Zam);Santa Coloma de Gramenet;Singuerlin - Can Zam
CAMP DE FUTBOL MPAL. DE TIANA;TIANA, C.C.E. C;Tiana;Tiana;Tiana
CAMP DE FUTBOL CEM TORRENT DE LLOPS;MARTORELL C.F. C;Martorell;Martorell;Martorell
CAMP DE FUTBOL MPAL. LA PLANA DE TÀRREGA Annex;ESCOLA F.TARREGA, C.E. B;Tàrrega;Tàrrega;Tàrrega
CAMP DE FUTBOL MPAL. D´ALMACELLES;ALMACELLES , C.E. F. B;Almacelles;Almacelles;Almacelles
CAMP DE FUTBOL MPAL. DE LA FULIOLA;ESCOLA F. URGELL A;Fuliola, la;La Fuliola;La Fuliola
CAMP DE FUTBOL MPAL. D´ARBECA;ARBECA, C.F. A;Arbeca;Arbeca;Arbeca
CAMP DE FUTBOL MPAL. DE FONTAJAU;SARRIA TER, C.F. A;Girona;Girona;Girona
CAMP DE FUTBOL COMPLEX ESPORTIU ESPAI LARU;ESCOLA FUTBOL MATARO C.E B;Mataró;Mataró;Mataró
CAMP DE FUTBOL MPAL. DE RIBES DE FRESER;RIBETANA C.F. A;Ribes de Freser;Ribes de Freser;Ribes de Freser
CAMP DE FUTBOL ZEM CAN PONS;ARBUCIES,CLUB FUTBOL B;Arbúcies;Arbúcies;Arbúcies
CAMP DE FUTBOL MPAL. DE LA POBLA DE SEGUR;RIALP, F.C. A;Pobla de Cérvoles, la;La Pobla de Cérvoles;La Pobla de Cérvoles
CAMP DE FUTBOL MPAL. JOSEP COSTA;AMETLLA ASSOC. ESP..C A;Ametlla de Mar, l';L'Ametlla de Mar;L'Ametlla de Mar
CAMP DE FUTBOL MPAL. DE GIRONELLA;GIRONELLA, C.F. AT. B;Gironella;Gironella;Gironella
CAMP DE FUTBOL COMPLEX ESPORTIU SALOU;COSTA DAURADA FC A;Salou;Salou;Salou
CAMP DE FUTBOL MPAL. NOU PINS VENS;BLANCA SUBUR, C.F. B;Nou de Berguedà, la;La Nou de Berguedà;La Nou de Berguedà
CAMP DE FUTBOL MPAL. LA VINYASSA;ROSES CITY FUTBOL CLUB  A;Roses;Roses;Roses
CAMP DE FUTBOL MPAL. L'ÀLIGA;BARCELONA CITY FOOTBALL CLUB A;Barcelona 103 (Joanic);Barcelona;Joanic
CAMP DE FUTBOL MPAL. U.E.GURB;GURB, U.E. B;Gurb;Gurb;Gurb
CAMP DE FUTBOL MPAL. PERE GOL;LA SALUT PERE GOL AE. B;Badalona 16 (la Salut Centre);Badalona;la Salut Centre
CAMP DE FUTBOL MPAL. DE SANT ESTEVE D´EN BAS;JOANETES,C.F. A;Sant Esteve de la Sarga;Sant Esteve de la Sarga;Sant Esteve de la Sarga
CAMP DE FUTBOL MPAL. DE CAMBRILS (2);CAMBRILS UNIÓ C.E. C;Cambrils;Cambrils;Cambrils
CAMP DE FUTBOL COL·LEGI XALOC;FUNDACIO UNIO ESPORTIVA CORNELLA A;Hospitalet de Llobregat 26 (Santa Eulàlia - Centre Sud - Ciutat de la Justícia), l';Hospitalet de Llobregat;Santa Eulàlia - Centre Sud - Ciutat de la Justícia
CAMP DE FUTBOL CEM CAN DRAGO;PIFERRER, AT. A;Barcelona 130 (Can Dragó);Barcelona;Can Dragó
CAMP DE FUTBOL MPAL. D´ALGUAIRE;ESCOLA F. PINYANA, C.E A;Alguaire;Alguaire;Alguaire
CAMP DE FUTBOL MPAL. INDUSTRIAL RIPOLLET;ESCUELA F.BASE RIPOLLET,AD. B;Ripollet 1 (Centre - Maragall);Ripollet;Centre - Maragall
CAMP DE FUTBOL MPAL. L'ÀLIGA;SARRIA, C.P. A;Barcelona 103 (Joanic);Barcelona;Joanic
CAMP DE FUTBOL ESCOLA INDUSTRIAL;DON BOSCO, C.F. B;Barcelona 35 (l'Escola Industrial);Barcelona;l'Escola Industrial
CAMP DE FUTBOL MPAL. DE VILADECANS;ATHLETIC VILADECANS FUTBOL CLUB B;Viladecans;Viladecans;Viladecans
CAMP DE FUTBOL MPAL. 1ER. DE MAIG;GRANOLLERS, E.C. C;Granollers;Granollers;Granollers
CAMP DE FUTBOL CEM LA BASCULA EMILIO FERNANDEZ F11;SANTS, U.E. B;Barcelona 51 (la Mare de Déu de Port, Can Clos i el Polvorí);Barcelona;la Mare de Déu de Port, Can Clos i el Polvorí
No especificado;PINYANA 2021, F.C.  A;Desconocido;Desconocido;Desconocido
CAMP DE FUTBOL MPAL. D'ALBESA;ALBESA, C.F. A;Albesa;Albesa;Albesa
No especificado;VIC UNIÓ ESPORTIVA CLUB A;Vic;Vic;Vic
CAMP DE FUTBOL MPAL. DISTRICTE 5È;UNIO ASTORGA, C.E. B;Desconocido;Desconocido;Desconocido
CAMP DE FUTBOL CEM CAN ZAM (2);SINGUERLIN, C.F. C;Santa Coloma de Gramenet 7 (Singuerlin - Can Zam);Santa Coloma de Gramenet;Singuerlin - Can Zam
CAMP DE FUTBOL CEM FORT-PIENC;ESCOLA FUTBOL ALMOGÀVERS  A;Barcelona 15 (el Fort Pienc);Barcelona;el Fort Pienc
CAMP DE FUTBOL MPAL. CAN MASARNAU;IGUALADA CITY 2023, C.E. A;Igualada;Igualada;Igualada
CAMP DE FUTBOL MPAL. NARCÍS SALA;SANT ANDREU, U.E G;Sant Andreu de la Barca;Sant Andreu de la Barca;Sant Andreu de la Barca
CAMP DE FUTBOL MPAL. CAN SANT JOAN;BASE MONTCADA CLUB FUTBOL B;Montcada i Reixac;Montcada i Reixac;Montcada i Reixac
CAMP DE FUTBOL MPAL. EMILI VICENTE;ORGANYA, C.F. A;Seu d'Urgell, la;La Seu d'Urgell;La Seu d'Urgell
CAMP DE FUTBOL MPAL. ALMEDA;FONTSANTA-FATJO, C.D. B;Cornellà de Llobregat 9 (Almeda);Cornellà de Llobregat;Almeda
CAMP DE FUTBOL MPAL. DE TORREGROSSA;ARTESA DE LLEIDA,C.E.;Artés;Artés;Artés
CAMP DE FUTBOL MPAL. ANTONI SERRA I PUJOL;BARBERÀ CLUB DE FUTBOL  D;Barberà de la Conca;Barberà de la Conca;Barberà de la Conca
CAMP DE FUTBOL CEM JULIO MÉNDEZ;PRAT, A.E. C;Prat de Comte;Prat de Comte;Prat de Comte
CAMP DE FUTBOL IEM LA ROMÀNICA;BARBERÀ CLUB DE FUTBOL C;Barberà del Vallès;Barberà del Vallès;Barberà del Vallès
CAMP DE FUTBOL ESCOLA ESPORTIVA BRAFA;PADUA, ASSOC. CLUB A;Barcelona 142 (Santa Engràcia);Barcelona;Santa Engràcia
CAMP DE FUTBOL ZEM CAN ROSÉS (2);RUBI, U.E. C;Roses;Roses;Roses
CAMP DE FUTBOL MPAL. DE ROSSELLÓ;MIG SEGRIA, C.E. B;Rosselló;Rosselló;Rosselló
CAMP DE FUTBOL MPAL. POBLENOU-AGAPITO FERNÁNDEZ;VILA OLIMPICA CLUB ESP. D;Barcelona 172 (la Vila Olímpica i el Bogatell);Barcelona;la Vila Olímpica i el Bogatell
CAMP DE FUTBOL COL·LEGI XALOC;FUNDACIO UNIO ESPORTIVA CORNELLA  B;Hospitalet de Llobregat 26 (Santa Eulàlia - Centre Sud - Ciutat de la Justícia), l';Hospitalet de Llobregat;Santa Eulàlia - Centre Sud - Ciutat de la Justícia
CAMP DE FUTBOL MPAL. DE GOLMÉS;CF EL POAL A;Golmés;Golmés;Golmés
CAMP DE FUTBOL MPAL. D´IVARS D´URGELL;IVARS D'URGELL, C.E A;Ivars d'Urgell;Ivars d'Urgell;Ivars d'Urgell
CAMP DE FUTBOL MPAL. NARCÍS SALA;SANT ANDREU, U.E D;Sant Andreu de la Barca;Sant Andreu de la Barca;Sant Andreu de la Barca
CAMP DE FUTBOL MPAL. DE SANT VICENÇ DE TORELLO;TORELLO, C.F. A;Sant Vicenç de Castellet;Sant Vicenç de Castellet;Sant Vicenç de Castellet
CAMP DE FUTBOL MPAL. DE MOIÀ;COLLSUSPINA, C.F. A;Collsuspina;Collsuspina;Collsuspina
CAMP DE FUTBOL MPAL. DE BELLPUIG;VILANOVENCA,U.E;Bellpuig;Bellpuig;Bellpuig
No especificado;LA MUNIA, A.E. A;Desconocido;Desconocido;Desconocido
CAMP DE FUTBOL MPAL. ESPORTIU PITORT;CASTELLDEFELS, U.E. D;Castell d'Aro, Platja d'Aro i s'Agaró;Castell d'Aro, Platja d'Aro i s'Agaró;Castell d'Aro, Platja d'Aro i s'Agaró
CAMP DE FUTBOL MPAL. DE PERALADA Annex;PERALADA, C.F. C;Peralada;Peralada;Peralada
CAMP DE FUTBOL COL·LEGI SANT IGNASI;Pª BARC. ANGUERA B;Barcelona 79 (la Bonanova, la Torre Vilana i l'Avinguda del Tibidabo);Barcelona;la Bonanova, la Torre Vilana i l'Avinguda del Tibidabo
CAMP DE FUTBOL MPAL. DE ROSSELLÓ;MIG SEGRIA, C.E. C;Rosselló;Rosselló;Rosselló
CAMP DE FUTBOL MPAL. CAN GIBERT;SANTA EUGÈNIA CLUB FUTBOL B;Girona;Girona;Girona
CAMP DE FUTBOL MPAL. PUBILLA CASAS;FUNDACIÓ ACADÈMIA F. L'HOSPITALET  C;Hospitalet de Llobregat, l';L'Hospitalet de Llobregat;L'Hospitalet de Llobregat
CAMP DE FUTBOL MPAL. SALVADOR GISBERT;JESUS  i   MARIA, U.D. A;Sant Salvador de Guardiola;Sant Salvador de Guardiola;Sant Salvador de Guardiola
CAMP DE FUTBOL MPAL. DE L´ARBOÇ;BASE L'ARBOÇ,CF. C;Arboç, l';L'Arboç;L'Arboç
Desconocido;LA LLANTIA, A.D A;Mataró 10 (la Llàntia);Mataró;la Llàntia
CAMP DE FUTBOL MPAL. DE LES COTS;MANRESA, C.E. C;Manresa;Manresa;Manresa
CAMP DE FUTBOL COL·LEGI VIARÓ;SANT CUGAT FUTBOL CLUB D;Sant Cugat del Vallès 9 (Can Sant Joan - Sant Mamet - Vullpalleres - Can Barata - Sector Nord - Can Graells);Sant Cugat del Vallès;Can Sant Joan - Sant Mamet - Vullpalleres - Can Barata - Sector Nord - Can Graells
CAMP DE FUTBOL MPAL. DE SANT MARTÍ SARROCA;CASTELLVI DE LA MARCA CF. A;Castell d'Aro, Platja d'Aro i s'Agaró;Castell d'Aro, Platja d'Aro i s'Agaró;Castell d'Aro, Platja d'Aro i s'Agaró
CAMP DE FUTBOL MPAL. DE LA SISQUELLA;ESCOLA F. PINYANA, C.E A;Desconocido;Desconocido;Desconocido
No especificado;ALDOVER, UD A;Aldover;Aldover;Aldover
CAMP DE FUTBOL MPAL. DE SANT ANTONI DE CALONGE;ESCOLA M.F.CALONGE-SANTANTONI,C B;Calonge de Segarra;Calonge de Segarra;Calonge de Segarra
CAMP DE FUTBOL MPAL. TEIXONERA;ESCOLA DE FUTBOL PREMIER BARCELONA B;Barcelona;Barcelona;Barcelona
CAMP DE FUTBOL COMPLEX ESPORTIU ESPAI LARU;ESCOLA FUTBOL MATARO C.E C;Mataró;Mataró;Mataró
CAMP DE FUTBOL MPAL. DE ROSSELLÓ;MIG SEGRIA, C.E. A;Rosselló;Rosselló;Rosselló
CAMP DE FUTBOL MPAL. IBERIA;POBLE SEC UNIÓ ESPORTIVA A;Barcelona 48 (Santa Madrona, la Satàlia i Montjuïc);Barcelona;Santa Madrona, la Satàlia i Montjuïc
CAMP DE FUTBOL MPAL. DE BÍTEM;TIVENYS, U.E. A;Tivenys;Tivenys;Tivenys
CAMP DE FUTBOL MPAL. SERGIO BUSQUETS BURGOS;MERCANTIL, C.E B;Desconocido;Desconocido;Desconocido
CAMP DE FUTBOL MPAL. D'AGRAMUNT ESCOLA GERARD GATELL;VERDU-CERCAVINS CF A;Agramunt;Agramunt;Agramunt
CAMP DE FUTBOL ZEM LES FONTS-ARTUR TRAVESA;FUNDACIÓ TERRASSA FC 1906 B;Terrassa 10 (Can Parellada - les Fonts);Terrassa;Can Parellada - les Fonts
CAMP DE FUTBOL ZEM JAUME TUBAU;SANT CUGAT FUTBOL CLUB D;Sant Cugat del Vallès;Sant Cugat del Vallès;Sant Cugat del Vallès
CAMP DE FUTBOL ZEM LES FONTS-ARTUR TRAVESA;FUNDACIÓ TERRASSA FC 1906 E;Terrassa 10 (Can Parellada - les Fonts);Terrassa;Can Parellada - les Fonts
CAMP DE FUTBOL MPAL. DE BÍTEM;ALDOVER, UD A;Aldover;Aldover;Aldover
CAMP DE FUTBOL MPAL. EL GORNAL;FUNDACIO ESPORT.HOSPITALET AT B;Hospitalet de Llobregat 28 (el Gornal), l';Hospitalet de Llobregat;el Gornal
CAMP DE FUTBOL MPAL. DE MAR;CALELLA, C.F. A;Alella;Alella;Alella
CAMP DE FUTBOL MPAL. DE VILASSAR DE MAR;FUNDACIO  UNIÓ ESPORTIVA VILASSAR  C;Vilassar de Dalt;Vilassar de Dalt;Vilassar de Dalt
CAMP DE FUTBOL MPAL. SERGIO BUSQUETS BURGOS;MARINA-ESCOLA DE FUTBOL JOAN MURTRO  A;Sant Joan de les Abadesses;Sant Joan de les Abadesses;Sant Joan de les Abadesses
CAMP DE FUTBOL COL·LEGI XALOC;FUNDACIO UNIO ESPORTIVA CORNELLA C;Hospitalet de Llobregat 26 (Santa Eulàlia - Centre Sud - Ciutat de la Justícia), l';Hospitalet de Llobregat;Santa Eulàlia - Centre Sud - Ciutat de la Justícia
CAMP DE FUTBOL MPAL. LUIS GONZÁLEZ BAEZA;L'HOSPITALET, CENTRE ESPORTS D;Hospitalet de Llobregat, l';L'Hospitalet de Llobregat;L'Hospitalet de Llobregat
CAMP DE FUTBOL CEM LA BASCULA EMILIO FERNANDEZ F11;POBLE SEC UNIÓ ESPORTIVA A;Barcelona 51 (la Mare de Déu de Port, Can Clos i el Polvorí);Barcelona;la Mare de Déu de Port, Can Clos i el Polvorí
CAMP DE FUTBOL MPAL. DEL CENTENARI-AISS;SANT ANDREU, U.E F;Sant Andreu de la Barca;Sant Andreu de la Barca;Sant Andreu de la Barca
CAMP DE FUTBOL ZEM LES FONTS-ARTUR TRAVESA;FUNDACIÓ TERRASSA FC 1906 D;Terrassa 10 (Can Parellada - les Fonts);Terrassa;Can Parellada - les Fonts
CAMP DE FUTBOL CENTRE D´ENTRENAMENT DE LA FAF1;ENFAF CONSTRUCCIONS MODERNES ANDORRA A;Desconocido;Desconocido;Desconocido
CAMP DE FUTBOL MPAL. DE TORREGROSSA;ESCOLA DE FUTBOL INTERCOMARCAL A;Marçà;Marçà;Marçà
CAMP DE FUTBOL MPAL. DE VALLVIDRERA;PENYA BARC. COLLBLANC SANTS,AE A;Hospitalet de Llobregat 15 (Collblanc - Centre - Vallparda), l';Hospitalet de Llobregat;Collblanc - Centre - Vallparda
CAMP DE FUTBOL COL·LEGI SAGRAT COR SARRIÀ;COL.LEGI SAGRAT COR SARRIÀ AMPA A;Sarrià de Ter;Sarrià de Ter;Sarrià de Ter
CAMP DE FUTBOL COL·LEGI SAGRAT COR SARRIÀ;COL.LEGI SAGRAT COR SARRIÀ AMPA B;Sarrià de Ter;Sarrià de Ter;Sarrià de Ter
CAMP DE FUTBOL MPAL. LES OLIVERES;IMPERIO , C.F. A;Desconocido;Desconocido;Desconocido
CAMP DE FUTBOL SCHOOL AGORA INTERNATIONAL SANT CUGAT;VALLDOREIX, F.C. B;Sant Cugat del Vallès;Sant Cugat del Vallès;Sant Cugat del Vallès
No especificado;FUNDACIO UNIÓ ESPORTIVA OLOT A;Olot;Olot;Olot
CAMP DE FUTBOL MPAL. SALVADOR GISBERT;LA CAVA, C.D. B;Cava;Cava;Cava
No especificado;SANT JUST DESVERN CLUB FUTBOL A;Sant Just Desvern;Sant Just Desvern;Sant Just Desvern
CAMP DE FUTBOL MPAL. LES GRASES;FUNDACIO ATLETIC SANT JUST  B;Sant Just Desvern;Sant Just Desvern;Sant Just Desvern
CAMP DE FUTBOL MPAL. DE TORRELLES DE FOIX;RIUDEBITLLES, UNIÓ ESPORTIVA  A;Torre de Cabdella, la;La Torre de Cabdella;La Torre de Cabdella
CAMP DE FUTBOL MPAL. SANT MARTÍ DE PROVENÇALS;Pª BARC. CINC COPES C;Sant Martí d'Albars;Sant Martí d'Albars;Sant Martí d'Albars
CAMP DE FUTBOL MPAL. LES GRASES;FUNDACIO ATLETIC SANT JUST  A;Sant Just Desvern;Sant Just Desvern;Sant Just Desvern
CAMP DE FUTBOL MPAL. DE CAMBRILS (1);SALOU, U.D. B;Cambrils;Cambrils;Cambrils
No especificado;SANT JUST DESVERN CLUB FUTBOL B;Sant Just Desvern;Sant Just Desvern;Sant Just Desvern
CAMP DE FUTBOL MPAL. D´ANGLÈS;REMENCES , ASSOCIACIÓ  ESPORTIVA UNIÓ  A;Anglès;Anglès;Anglès
CAMP DE FUTBOL MPAL. CA LA GUIDÓ-PEDRO ALIA DORADO;BLANES, C.D. A;Blanes;Blanes;Blanes
CAMP DE FUTBOL MPAL. DE MOLLERUSSA;MOLLERUSSA C.F.J. B;Mollerussa;Mollerussa;Mollerussa
CAMP DE FUTBOL MPAL. DE GARDENY;SEGRE, AT. C;Desconocido;Desconocido;Desconocido
CAMP DE FUTBOL MPAL. DE VILASSAR DE MAR;FUNDACIO  UNIÓ ESPORTIVA VILASSAR  A;Vilassar de Dalt;Vilassar de Dalt;Vilassar de Dalt
CAMP DE FUTBOL IEM LA ROMÀNICA;BARBERÀ CLUB DE FUTBOL  C;Barberà del Vallès;Barberà del Vallès;Barberà del Vallès
CAMP DE FUTBOL MPAL. ALMEDA;ALMEDA, C.D.;Cornellà de Llobregat 9 (Almeda);Cornellà de Llobregat;Almeda
CAMP DE FUTBOL MPAL. JOAN BAQUÉ;ESCOLA DE FUTBOL BAIX SEGRIA A;Baix Pallars;Baix Pallars;Baix Pallars
CAMP DE FUTBOL MPAL. DE LA TORRE DE CLARAMUNT;ATENEU IGUALADI, S.E.F. A;Igualada;Igualada;Igualada
CAMP DE FUTBOL MPAL. SALVADOR GISBERT;LA CAVA, C.D. A;Cava;Cava;Cava
No especificado;FUNDACIÓ FUTBOL BADALONA C;Badalona;Badalona;Badalona
CAMP DE FUTBOL MPAL. ENRIC TARRAGONA;ESCOLA F. URGELL A;Tarragona;Tarragona;Tarragona
CAMP DE FUTBOL MPAL. JOAN CORTIELLA-CAN SERRADOR;NAISE BARCELONA FOOTBALL CLUB B;Barcelona;Barcelona;Barcelona
CAMP DE FUTBOL CE FRANCESC VILA;ANDORRA, F.C. SAD;Desconocido;Desconocido;Desconocido
No especificado;BARBERÀ CLUB DE FUTBOL  C;Barberà de la Conca;Barberà de la Conca;Barberà de la Conca
Desconocido;ONDARA, CLUB FUTBOL  A;Desconocido;Desconocido;Desconocido
Desconocido;BALAFIA, C.F.U.E. C;Lleida 1 (Balàfia);Lleida;Balàfia
Desconocido;ALMACELLES , C.E. F. B;Almacelles;Almacelles;Almacelles
Desconocido;PONTS CLUB ESP. A;Ponts;Ponts;Ponts
Desconocido;ESCOLA F.TARREGA, C.E. B;Tàrrega;Tàrrega;Tàrrega
Desconocido;ESCOLA F PONT RIBAGORÇA,C A;Pont d'Armentera, el;El Pont d'Armentera;El Pont d'Armentera
Desconocido;ESCOLA F. CERVERA,C B;Cervera;Cervera;Cervera
Desconocido;BASE MARC BARTRA CF B;Desconocido;Desconocido;Desconocido
Desconocido;ESCOLA FUTBOL BASE CALAFELL CF C;Calaf;Calaf;Calaf
Desconocido;TANCAT, U.D. A;Desconocido;Desconocido;Desconocido
Desconocido;GIMNASTIC TARRAGONA, C. D;Tarragona;Tarragona;Tarragona
Desconocido;UNIÓ ESPORTIVA CREIXELL A;Creixell;Creixell;Creixell
Desconocido;BASE L'ARBOÇ,CF. C;Arboç, l';L'Arboç;L'Arboç
Desconocido;;Desconocido;Desconocido;Desconocido
Desconocido;PIERA, A.E. A;Piera;Piera;Piera
Desconocido;GIRONELLA, C.F. AT. A;Gironella;Gironella;Gironella
Desconocido;ESCOLA DE FUTBOL BAIX SEGRIA A;Baix Pallars;Baix Pallars;Baix Pallars
CAMP DE FUTBOL MPAL. D´AMER;REMENCES , ASSOCIACIÓ  ESPORTIVA UNIÓ  A;Amer;Amer;Amer
Desconocido;L'HOSPITALET, CENTRE ESPORTS B;Hospitalet de Llobregat, l';L'Hospitalet de Llobregat;L'Hospitalet de Llobregat
Desconocido;Pª REC.SAN FELIU LLOBREGAT A;Sant Feliu de Buixalleu;Sant Feliu de Buixalleu;Sant Feliu de Buixalleu
Desconocido;CIUDAD COOPERATIVA, C.F. A;Desconocido;Desconocido;Desconocido
Desconocido;ESCOLA F ANGEL PEDRAZA A;Desconocido;Desconocido;Desconocido
Desconocido;SAN MAURO, U.D. A;Santa Margarida de Montbui;Santa Margarida de Montbui;Santa Margarida de Montbui
Desconocido;IGUALADA, C.F. B;Igualada;Igualada;Igualada
Desconocido;PIRINAICA, F.C.;Manresa 5 (el Poble Nou - Mion, Puigberenguer i Miralpeix);Manresa;el Poble Nou - Mion, Puigberenguer i Miralpeix
Desconocido;UNIO F. BASE JABAC I TERRASSA B;Terrassa 9 (Can Jofresa - Can Palet II - Guadalhorce - Xúquer);Terrassa;Can Jofresa - Can Palet II - Guadalhorce - Xúquer
Desconocido;SALLENT, C.E. A;Sallent;Sallent;Sallent
Desconocido;CAN TRIAS, U.D. A;Viladecavalls;Viladecavalls;Viladecavalls
Desconocido;MANRESA, C.E. B;Manresa;Manresa;Manresa
CAMP DE FUTBOL MPAL. CAN BOADA;FUNDACIÓ TERRASSA FC 1906 B;Terrassa 17 (Can Boada);Terrassa;Can Boada
Desconocido;SAN CRISTOBAL, C.P. A;Terrassa 6 (Ca n'Anglada);Terrassa;Ca n'Anglada
Desconocido;FUNDACIÓ TERRASSA FC 1906 B;Terrassa;Terrassa;Terrassa
CAMP DE FUTBOL MPAL. LA PLANA DE TÀRREGA Annex;ESCOLA F.TARREGA, C.E.;Tàrrega;Tàrrega;Tàrrega
CAMP DE FUTBOL MPAL. DE SAGUARDA;SELVATANS C.F. A;Selva de Mar, la;La Selva de Mar;La Selva de Mar
CAMP DE FUTBOL MPAL. EUSEBI GÜELL;CASABLANCA , F.C. A;Desconocido;Desconocido;Desconocido
CAMP DE FUTBOL MPAL. DE LES PLANES  (OLESA MONT);ATHLETIC CLUB ESPARREGUERA  A;Esparreguera;Esparreguera;Esparreguera
CAMP DE FUTBOL MPAL. DE LES PLANES  (OLESA MONT);ESPARREGUERA, C.E. B;Esparreguera;Esparreguera;Esparreguera
CAMP DE FUTBOL MPAL. DE MAR;CALELLA, C.F. B;Alella;Alella;Alella
CAMP DE FUTBOL MPAL. DE PONT MAJOR;GEiEG A;Girona;Girona;Girona
CAMP DE FUTBOL ESCOLA CAMP JOLIU;BASE L'ARBOÇ,CF. B;Arboç, l';L'Arboç;L'Arboç
CAMP DE FUTBOL MPAL. CANYELLES (BCN);BARCELONA DRAGONS CLUB DE FUTBOL B;Barcelona;Barcelona;Barcelona
CAMP DE FUTBOL MPAL. DE CALONGE;PALAMOS CLUB DE FUTBOL A;Calonge de Segarra;Calonge de Segarra;Calonge de Segarra
CAMP DE FUTBOL IEM LA ROMÀNICA;ESCOLA F. BARBERA ANDALUCIA D;Barberà del Vallès;Barberà del Vallès;Barberà del Vallès
CAMP DE FUTBOL MPAL. LES PALMERES;UNIO F. BASE JABAC I TERRASSA C;Terrassa 9 (Can Jofresa - Can Palet II - Guadalhorce - Xúquer);Terrassa;Can Jofresa - Can Palet II - Guadalhorce - Xúquer
CAMP DE FUTBOL MPAL. LUIS GONZÁLEZ BAEZA;FUNDACIO ESPORT.HOSPITALET AT B;Hospitalet de Llobregat, l';L'Hospitalet de Llobregat;L'Hospitalet de Llobregat
CAMP DE FUTBOL MPAL. DE TORREGROSSA;CASTELLDANS, U.E. A;Castell d'Aro, Platja d'Aro i s'Agaró;Castell d'Aro, Platja d'Aro i s'Agaró;Castell d'Aro, Platja d'Aro i s'Agaró
CAMP DE FUTBOL MPAL. DE MOLLERUSSA;MIRALCAMP, CF A;Miralcamp;Miralcamp;Miralcamp
CAMP DE FUTBOL ZEM DE CORRÓ D´AMUNT;LLERONA, C.E. A;Desconocido;Desconocido;Desconocido
CAMP DE FUTBOL MPAL. DE LES PLANES  (OLESA MONT);ESPARREGUERA, C.E. A;Esparreguera;Esparreguera;Esparreguera
Desconocido;JUVENTUS, A.C. B;Mataró 10 (la Llàntia);Mataró;la Llàntia
Desconocido;ESCOLA F ANGEL PEDRAZA D;Desconocido;Desconocido;Desconocido
Desconocido;MOLLETENSE, U.D. C;Mollet de Peralada;Mollet de Peralada;Mollet de Peralada
Desconocido;MONTBLANC, CLUB FUTBOL B;Montblanc;Montblanc;Montblanc
Desconocido;TURÓ PEIRA, C.C.D. B;Desconocido;Desconocido;Desconocido
Desconocido;IBERO -AMERICANO DE FUTBOL BARCELONA  A;Barcelona;Barcelona;Barcelona
Desconocido;VETERANS CATALUNYA,AF B;Catalunya;Catalunya;Catalunya
Desconocido;SALESIANS BOSCO-HORTA CE. A;Barcelona 124 (Sant Joan d'Horta);Barcelona;Sant Joan d'Horta
Desconocido;SANTS, U.E. C;Desconocido;Desconocido;Desconocido
Desconocido;DAUMAR , ASSOCIACIO CLUB  A;Desconocido;Desconocido;Desconocido
Desconocido;ESP. JOVENTUT CAN PI A;Desconocido;Desconocido;Desconocido
Desconocido;SPORTVENFI, ASSOC. ESP.  A;Hospitalet de Llobregat 28 (el Gornal), l';Hospitalet de Llobregat;el Gornal
Desconocido;ESCUELA F.BASE RIPOLLET,AD. B;Ripollet 1 (Centre - Maragall);Ripollet;Centre - Maragall
Desconocido;RIPOLLET, C.F. B;Ripollet 1 (Centre - Maragall);Ripollet;Centre - Maragall
Desconocido;PLANADEU-ROUREDA UNIÓ ESPORTIVA FUTBOL A;Sabadell 12 (la Roureda - Sant Julià);Sabadell;la Roureda - Sant Julià
Desconocido;NAISE BARCELONA FOOTBALL CLUB B;Barcelona;Barcelona;Barcelona
Desconocido;BASE MONTCADA CLUB FUTBOL  C;Montcada i Reixac;Montcada i Reixac;Montcada i Reixac
No especificado;MASNOU AT. B;Masnou, el;El Masnou;El Masnou
Desconocido;CAN TRIAS, U.D. B;Viladecavalls;Viladecavalls;Viladecavalls
Desconocido;CASTELLBISBAL, U.E. A;Bisbal d'Empordà, la;La Bisbal d'Empordà;La Bisbal d'Empordà
Desconocido;OAR VIC A;Vic;Vic;Vic
Desconocido;VIC UNIÓ ESPORTIVA CLUB A;Vic;Vic;Vic
Desconocido;REMEI, F.C. A;Desconocido;Desconocido;Desconocido
Desconocido;GURB, U.E.  A;Gurb;Gurb;Gurb
Desconocido;TONA, U.E. B;Tona;Tona;Tona
Desconocido;BASE L'ARBOÇ,CF. A;Arboç, l';L'Arboç;L'Arboç
Desconocido;ALTAFULLA, C.E. A;Altafulla;Altafulla;Altafulla
Desconocido;ESCOLA FUTBOL BASE CALAFELL CF B;Calaf;Calaf;Calaf
Desconocido;NSA CAMP JOLIU  A;Desconocido;Desconocido;Desconocido
Desconocido;BASE 2012 PALLARESOS CLUB A;Pallaresos, els;Els Pallaresos;Els Pallaresos
Desconocido;D'ARAN CLUB  ASSOCIACIÓ CULTURAL  B;Desconocido;Desconocido;Desconocido
Desconocido;SABADELL F.C., C.E. E;Sabadell;Sabadell;Sabadell
Desconocido;ESCOLA FUTBOL CAN BOADA A;Terrassa 17 (Can Boada);Terrassa;Can Boada
Desconocido;JABAC FUTBOL CLUB  A;Terrassa 9 (Can Jofresa - Can Palet II - Guadalhorce - Xúquer);Terrassa;Can Jofresa - Can Palet II - Guadalhorce - Xúquer
Desconocido;ESCUELA F. BONAIRE A;Desconocido;Desconocido;Desconocido
Desconocido;SANT QUIRZE VALLES, F.C. C;Sant Quirze de Besora;Sant Quirze de Besora;Sant Quirze de Besora
Desconocido;ALMEDA, C.D. B;Cornellà de Llobregat 9 (Almeda);Cornellà de Llobregat;Almeda
Desconocido;Pª BARC. SANT FELIU LLOBREGAT B;Sant Feliu de Buixalleu;Sant Feliu de Buixalleu;Sant Feliu de Buixalleu
Desconocido;CASABLANCA , F.C. D;Desconocido;Desconocido;Desconocido
Desconocido;RAYO VILADECANS, ASSOC. DEPORT.  A;Viladecans;Viladecans;Viladecans
Desconocido;Pª REC.SAN FELIU LLOBREGAT B;Sant Feliu de Buixalleu;Sant Feliu de Buixalleu;Sant Feliu de Buixalleu
Desconocido;ALBIREX NIIGATA BARCELONA FUTBOL CLUB A;Barcelona;Barcelona;Barcelona
Desconocido;VISTA ALEGRE,U.D. C;Castelldefels 2 (Vista Alegre - el Castell);Castelldefels;Vista Alegre - el Castell
Desconocido;UNIFICACIÓN BELLVITGE, U.D. B;Hospitalet de Llobregat 29 (Bellvitge - Estació), l';Hospitalet de Llobregat;Bellvitge - Estació
Desconocido;ATHLETIC VILADECANS FUTBOL CLUB C;Viladecans;Viladecans;Viladecans
Desconocido;FUNDACIÓ ESPORT. HOSPITALET AT A;Hospitalet de Llobregat, l';L'Hospitalet de Llobregat;L'Hospitalet de Llobregat
CAMP DE FUTBOL MPAL. DEL POAL;PLA URGELL, C.E. A;Pla de Santa Maria, el;El Pla de Santa Maria;El Pla de Santa Maria
CAMP DE FUTBOL COL·LEGI TERRAFERMA;ALPICAT, CLUB DE FUTBOL U.E. B;Alpicat;Alpicat;Alpicat
CAMP DE FUTBOL ZEM DE ROQUETES;ROQUETENC, C.D. A;Roquetes;Roquetes;Roquetes
CAMP DE FUTBOL MPAL. EUSEBI GÜELL;TORRELLES, U.E. A;Torre de Cabdella, la;La Torre de Cabdella;La Torre de Cabdella
CAMP DE FUTBOL MPAL. DEL BARRI CENTRE;SANT JOAN DESPI-SAN PANCRACIO, FUTBOL CLUB A;Sant Joan de les Abadesses;Sant Joan de les Abadesses;Sant Joan de les Abadesses
Desconocido;SANT FELIU DE GUIXOLS C.F. B;Sant Feliu de Buixalleu;Sant Feliu de Buixalleu;Sant Feliu de Buixalleu
Desconocido;MONT-RAS,C.E. B;Mont-ras;Mont-ras;Mont-ras
Desconocido;BELL LLOC, C.P. A;Desconocido;Desconocido;Desconocido
Desconocido;FUNDACIO PRIV. ESP. DE BEGUR A;Begur;Begur;Begur
Desconocido;ARO, C.E. A;Desconocido;Desconocido;Desconocido
Desconocido;QUART, U.E. C;Quart;Quart;Quart
Desconocido;FUNDACIO FUTUR GIRONAEST A;Girona;Girona;Girona
Desconocido;MOIA, C.E. B;Moià;Moià;Moià
Desconocido;SANTA EUGENIA, J.E. A;Santa Eugènia de Berga;Santa Eugènia de Berga;Santa Eugènia de Berga
Desconocido;MANLLEU, A.E.C. C;Manlleu;Manlleu;Manlleu
Desconocido;SANT VICENÇ TORELLO, U.E. A;Sant Vicenç de Castellet;Sant Vicenç de Castellet;Sant Vicenç de Castellet
Desconocido;CASTELLDEFELS, U.E. E;Castell d'Aro, Platja d'Aro i s'Agaró;Castell d'Aro, Platja d'Aro i s'Agaró;Castell d'Aro, Platja d'Aro i s'Agaró
Desconocido;VISTA ALEGRE,U.D. A;Castelldefels 2 (Vista Alegre - el Castell);Castelldefels;Vista Alegre - el Castell
Desconocido;FUNDACIO PRIVADA ASSOC. ESP. PRAT  A;Prat de Comte;Prat de Comte;Prat de Comte
Desconocido;MARIANAO POBLET UD E;Santa Maria d'Oló;Santa Maria d'Oló;Santa Maria d'Oló
Desconocido;ABRERA, A.E. B;Abrera;Abrera;Abrera
Desconocido;INCRESA ATLETICO CLUB FUTBOL B;Desconocido;Desconocido;Desconocido
Desconocido;VILADECANS U.D. C;Viladecans;Viladecans;Viladecans
Desconocido;FUNDACIO UNIO ESPORTIVA CORNELLA D;Cornellà de Llobregat;Cornellà de Llobregat;Cornellà de Llobregat
Desconocido;MARTORELL C.F. C;Martorell;Martorell;Martorell
Desconocido;Pª BARC. SANT VICENÇ HORTS B;Sant Vicenç de Castellet;Sant Vicenç de Castellet;Sant Vicenç de Castellet
Desconocido;SECTOR MONTSERRATINA U.D. B;Serra de Daró;Serra de Daró;Serra de Daró
Desconocido;COLEGIO ALEMAN S.ALBERTO,A.C. A;Desconocido;Desconocido;Desconocido
Desconocido;SANT ESTEVE SESROVIRES, F.C. B;Sant Esteve de la Sarga;Sant Esteve de la Sarga;Sant Esteve de la Sarga
Desconocido;TERLENKA BARCELONISTA C. F. B;Sant Celoni;Sant Celoni;Sant Celoni
Desconocido;SANT JUST DESVERN CLUB FUTBOL B;Sant Just Desvern;Sant Just Desvern;Sant Just Desvern
Desconocido;UNIFICACIÓN C.F.SANTA PERPETUA D;Santa Perpètua de Mogoda;Santa Perpètua de Mogoda;Santa Perpètua de Mogoda
Desconocido;PALAUTORDERA, C.F. A;Palau d'Anglesola, el;El Palau d'Anglesola;El Palau d'Anglesola
Desconocido;SANT ESTEVE , FUTBOL CLUB  A;Sant Esteve de la Sarga;Sant Esteve de la Sarga;Sant Esteve de la Sarga
Desconocido;PONENT C.F. A;Desconocido;Desconocido;Desconocido
Desconocido;SPORTING CLUB GRANOLLERS  B;Granollers;Granollers;Granollers
Desconocido;LLINARS, C.E. A;Llinars del Vallès;Llinars del Vallès;Llinars del Vallès
Desconocido;SANT CELONI, FUTBOL CLUB  B;Sant Celoni;Sant Celoni;Sant Celoni
Desconocido;MOLLETENSE, U.D. B;Mollet de Peralada;Mollet de Peralada;Mollet de Peralada
Desconocido;MOLLET U.E.,CF. C;Mollet de Peralada;Mollet de Peralada;Mollet de Peralada
Desconocido;Pª BLAUGRANA DE LA ROCA DEL VALLÈS A;Roca del Vallès, la;La Roca del Vallès;La Roca del Vallès
Desconocido;SANT FELIU DE CODINES, C.F. A;Sant Feliu de Buixalleu;Sant Feliu de Buixalleu;Sant Feliu de Buixalleu
Desconocido;SANTA EULALIA RONÇANA, C.F. A;Santa Eulàlia de Riuprimer;Santa Eulàlia de Riuprimer;Santa Eulàlia de Riuprimer
Desconocido;LA ROCA PENYA BLANC BLAVA CLUB FUTBOL A;Roca del Vallès, la;La Roca del Vallès;La Roca del Vallès
Desconocido;ALZAMORA, C.F. B;Desconocido;Desconocido;Desconocido
Desconocido;YOUNG TALENT BADALONA SUD ASSOC.ESP. A;Badalona;Badalona;Badalona
Desconocido;MARTINENC, F.C. C;Sant Martí d'Albars;Sant Martí d'Albars;Sant Martí d'Albars
Desconocido;SINGUERLIN, C.F. B;Santa Coloma de Gramenet 7 (Singuerlin - Can Zam);Santa Coloma de Gramenet;Singuerlin - Can Zam
Desconocido;CATALONIA, U.B. B;Desconocido;Desconocido;Desconocido
Desconocido;VILA OLIMPICA CLUB ESP. C;Barcelona 172 (la Vila Olímpica i el Bogatell);Barcelona;la Vila Olímpica i el Bogatell
CAMP DE FUTBOL CEM MARESME;Pª BARC. CINC COPES A;Barcelona 180 (el Maresme i el Maresme Vell);Barcelona;el Maresme i el Maresme Vell
Desconocido;ONA SANT ADRIA, F.C. B;Sant Adrià de Besòs;Sant Adrià de Besòs;Sant Adrià de Besòs
Desconocido;ARRABAL-CALAF GRAMANET C.D. D;Santa Coloma de Gramenet;Santa Coloma de Gramenet;Santa Coloma de Gramenet
Desconocido;BARCELONA DRAGONS CLUB DE FUTBOL B;Barcelona;Barcelona;Barcelona
Desconocido;PARC, U.D. B;Desconocido;Desconocido;Desconocido
Desconocido;POMAR, C.D. C;Badalona 29 (Canyet - Mas Ram - Pomar de Dalt - Pomar);Badalona;Canyet - Mas Ram - Pomar de Dalt - Pomar
Desconocido;SANT IGNASI C.E. B;Barcelona 79 (la Bonanova, la Torre Vilana i l'Avinguda del Tibidabo);Barcelona;la Bonanova, la Torre Vilana i l'Avinguda del Tibidabo
Desconocido;FUNDACIÓ ESPORTIVA GRAMA D;Santa Coloma de Gramenet;Santa Coloma de Gramenet;Santa Coloma de Gramenet
Desconocido;LLOREDA, C.F. B;Badalona 22 (Lloreda);Badalona;Lloreda
Desconocido;ESCOLA DE FUTBOL PREMIER BARCELONA C;Barcelona;Barcelona;Barcelona
Desconocido;ESCOLA ESPORTIVA GUINEUETA C.F  C;Barcelona 135 (la Guineueta);Barcelona;la Guineueta
Desconocido;SARRIA TER, C.F. A;Sarrià de Ter;Sarrià de Ter;Sarrià de Ter
Desconocido;ATLÈTIC CLUB BANYOLES  A;Banyoles;Banyoles;Banyoles
Desconocido;BLANES, C.D. B;Blanes;Blanes;Blanes
Desconocido;ESCOLA F. BOSC DE TOSCA, C A;les Preses;les Preses;les Preses
Desconocido;L'ESCALA, F.C. A;Escala, l';L'Escala;L'Escala
Desconocido;CELRA, U.C.E. A;Celrà;Celrà;Celrà
Desconocido;CALELLA, C.F. A;Alella;Alella;Alella
Desconocido;MONT-RAS,C.E. A;Mont-ras;Mont-ras;Mont-ras
Desconocido;MATARO UNITED, FUTBOL CLUB A;Mataró;Mataró;Mataró
Desconocido;CANET, F.C. A;Canet d'Adri;Canet d'Adri;Canet d'Adri
Desconocido;JOVENTUT TEIA CLUB FUTBOL A;Teià;Teià;Teià
Desconocido;SANTA SUSANNA ASSOC. ESP. A;Santa Susanna;Santa Susanna;Santa Susanna
Desconocido;JUVENTUS, A.C. A;Mataró 10 (la Llàntia);Mataró;la Llàntia
Desconocido;CERDANYOLA MATARO ASSOC.ESP.LL A;Cerdanyola del Vallès;Cerdanyola del Vallès;Cerdanyola del Vallès
Desconocido;ARENYS DE MAR, C.F. B;Arenys de Mar;Arenys de Mar;Arenys de Mar
Desconocido;MOLINOS, U.D. A;Desconocido;Desconocido;Desconocido
Desconocido;SINERA UNITED FUTBOL CLUB ASS. A;Arenys de Mar;Arenys de Mar;Arenys de Mar
Desconocido;JUVESPORT,C.D A;Desconocido;Desconocido;Desconocido
Desconocido;ARENYS DE MUNT, C.E. A;Arenys de Mar;Arenys de Mar;Arenys de Mar
Desconocido;BONAVISTA, C. A;Tarragona;Tarragona;Tarragona
Desconocido;PARE MANYANET, A.E. B;Desconocido;Desconocido;Desconocido
Desconocido;MAS PELLICER, U.D.C. B;Mas de Barberans;Mas de Barberans;Mas de Barberans
Desconocido;LA SALLE REUS, AGRUPACIO ESPORTIVA  A;Reus;Reus;Reus
Desconocido;SALOU, U.D. B;Salou;Salou;Salou
Desconocido;ESCOLA F. LA PASTORETA, CLUB A;Reus;Reus;Reus
Desconocido;MAS IGLESIAS DE REUS CE. A;Mas de Barberans;Mas de Barberans;Mas de Barberans
Desconocido;SANTES CREUS CLUB ESP. B;Reus;Reus;Reus
Desconocido;RACING CLUB FUTBOL BONAVISTA B;Tarragona;Tarragona;Tarragona
CAMP DE FUTBOL ESCOLA CAMP JOLIU;BASE L'ARBOÇ,CF. A;Arboç, l';L'Arboç;L'Arboç
Desconocido;FUNDACIÓ ACADÈMIA F. L'HOSPITALET  D;Hospitalet de Llobregat, l';L'Hospitalet de Llobregat;L'Hospitalet de Llobregat
Desconocido;DON BOSCO, C.F. A;Barcelona 35 (l'Escola Industrial);Barcelona;l'Escola Industrial
CAMP DE FUTBOL MPAL. IBERIA;ESCOLA F ANGEL PEDRAZA D;Desconocido;Desconocido;Desconocido
Desconocido;PENYA BARC. COLLBLANC SANTS,AE A;Hospitalet de Llobregat 15 (Collblanc - Centre - Vallparda), l';Hospitalet de Llobregat;Collblanc - Centre - Vallparda
Desconocido;MERCAT NOU MAGÒRIA, S.E. CLUB A;Nou de Berguedà, la;La Nou de Berguedà;La Nou de Berguedà
Desconocido;ESCOLA FUTBOL VALLVIDRERA  A;Desconocido;Desconocido;Desconocido
Desconocido;HOSPITALENSE, AT.C. B;Hospitalet de Llobregat 3 (Centre - la Farga), l';Hospitalet de Llobregat;Centre - la Farga
Desconocido;ALMEDA, C.D. A;Cornellà de Llobregat 9 (Almeda);Cornellà de Llobregat;Almeda
Desconocido;SANT JUST DESVERN CLUB FUTBOL A;Sant Just Desvern;Sant Just Desvern;Sant Just Desvern
Desconocido;TERLENKA BARCELONISTA C. F. A;Sant Celoni;Sant Celoni;Sant Celoni
Desconocido;FUNDACIO UNIO ESPORTIVA CORNELLA C;Cornellà de Llobregat;Cornellà de Llobregat;Cornellà de Llobregat
Desconocido;SANT ILDEFONS, U.E. A;Cornellà de Llobregat 6 (Sant Ildefons Oest);Cornellà de Llobregat;Sant Ildefons Oest
Desconocido;FUNDACIO ATLETIC SANT JUST  C;Sant Just Desvern;Sant Just Desvern;Sant Just Desvern
Desconocido;UNIFICACIÓN C.F.SANTA PERPETUA B;Santa Perpètua de Mogoda;Santa Perpètua de Mogoda;Santa Perpètua de Mogoda
Desconocido;PREMIA DALT, C.D. A;Premià de Dalt;Premià de Dalt;Premià de Dalt
Desconocido;SANTVICENTI CLUB FUTBOL A;Sant Vicenç de Montalt;Sant Vicenç de Montalt;Sant Vicenç de Montalt
Desconocido;MOLLET U.E.,CF. A;Mollet de Peralada;Mollet de Peralada;Mollet de Peralada
Desconocido;VALLES, C.AT. C;Desconocido;Desconocido;Desconocido
Desconocido;BIGUES, C.E. A;Bigues i Riells del Fai;Bigues i Riells del Fai;Bigues i Riells del Fai
Desconocido;LES FRANQUESES, C.F. C;Franqueses del Vallès, les;Les Franqueses del Vallès;Les Franqueses del Vallès
Desconocido;MONTMELO UNIO ESPORTIVA,CF A;Montmeló;Montmeló;Montmeló
Desconocido;ANDORRA, F.C. SAD;Desconocido;Desconocido;Desconocido
CAMP DE FUTBOL CEM SAGNIER;PRAT, A.E. D;Prat de Comte;Prat de Comte;Prat de Comte
Desconocido;LES COTS 2025, FUTBOL CLUB  A;Desconocido;Desconocido;Desconocido
Desconocido;PUIGCERDA, C.F. A;Puigcerdà;Puigcerdà;Puigcerdà
Desconocido;BERGA, C.E. B;Berga;Berga;Berga
Desconocido;BALENYA, AT. A;Balenyà;Balenyà;Balenyà
Desconocido;MOIA, C.E. A;Moià;Moià;Moià
Desconocido;FRUITOSENC, F.C. C;Sant Fruitós de Bages;Sant Fruitós de Bages;Sant Fruitós de Bages
Desconocido;SANT QUIRZE BESORA, U.D. A;Sant Quirze de Besora;Sant Quirze de Besora;Sant Quirze de Besora
Desconocido;NAVARCLES, C.F. A;Navarcles;Navarcles;Navarcles
Desconocido;CABRILS, C.E. A;Cabrils;Cabrils;Cabrils
Desconocido;LA LLANTIA, A.D B;Mataró 10 (la Llàntia);Mataró;la Llàntia
Desconocido;CERDANYOLA MATARO ASSOC.ESP.LL B;Cerdanyola del Vallès;Cerdanyola del Vallès;Cerdanyola del Vallès
Desconocido;VILASSAR DALT-GIATSU, C.E. E;Vilassar de Dalt;Vilassar de Dalt;Vilassar de Dalt
Desconocido;MASNOU AT. B;Masnou, el;El Masnou;El Masnou
Desconocido;CALELLA, C.F. C;Alella;Alella;Alella
Desconocido;GRAN Pª ESPANYOLISTA MANIGUA A;Desconocido;Desconocido;Desconocido
Desconocido;VETERANS CATALUNYA,AF A;Catalunya;Catalunya;Catalunya
Desconocido;CATALONIA, U.B. D;Desconocido;Desconocido;Desconocido
Desconocido;ESCOLA COLLBLANC-TORRASSA,C.E A;Hospitalet de Llobregat 15 (Collblanc - Centre - Vallparda), l';Hospitalet de Llobregat;Collblanc - Centre - Vallparda
Desconocido;PADUA, ASSOC. CLUB A;Desconocido;Desconocido;Desconocido
Desconocido;UNIFICACION BELLVITGE, U.D. B;Hospitalet de Llobregat 29 (Bellvitge - Estació), l';Hospitalet de Llobregat;Bellvitge - Estació
Desconocido;ESCOLA DE FUTBOL MASCANÇA B;Desconocido;Desconocido;Desconocido
Desconocido;ESCOLA DE FUTBOL ORGEL.LIA C.E B;Desconocido;Desconocido;Desconocido
Desconocido;ESCOLA F. TREMP, CE B;Tremp;Tremp;Tremp
Desconocido;ESCOLA F. CERVERA,C A;Cervera;Cervera;Cervera
Desconocido;ESCOLA F. URGELL A;Desconocido;Desconocido;Desconocido
Desconocido;ARTESA DE SEGRE 2012 CLUB ESPORTIU DE FUTBOL A;Artés;Artés;Artés
CAMP DE FUTBOL MPAL. DE FONDARELLA;ESCOLA DE FUTBOL MASCANÇA B;Fondarella;Fondarella;Fondarella
Desconocido;CANOVELLES, U.E. B;Canovelles;Canovelles;Canovelles
Desconocido;SANTA EULALIA RONÇANA, C.F. B;Santa Eulàlia de Riuprimer;Santa Eulàlia de Riuprimer;Santa Eulàlia de Riuprimer
Desconocido;LLIÇA DE VALL C.F. B;Lliçà d'Amunt;Lliçà d'Amunt;Lliçà d'Amunt
Desconocido;OLIMPIC LA GARRIGA, C.F. B;Garriga, la;La Garriga;La Garriga
Desconocido;LES FRANQUESES, C.F. D;Franqueses del Vallès, les;Les Franqueses del Vallès;Les Franqueses del Vallès
Desconocido;PALAUTORDERA, C.F. B;Palau d'Anglesola, el;El Palau d'Anglesola;El Palau d'Anglesola
Desconocido;VILANOVA VALLES,C.F. A;Vilanova d'Escornalbou;Vilanova d'Escornalbou;Vilanova d'Escornalbou
Desconocido;SANT FOST , U.E. A;Sant Fost de Campsentelles;Sant Fost de Campsentelles;Sant Fost de Campsentelles
Desconocido;SANT CELONI, FUTBOL CLUB  C;Sant Celoni;Sant Celoni;Sant Celoni
Desconocido;JOVENTUT TEIA CLUB FUTBOL B;Teià;Teià;Teià
Desconocido;FUNDACIÓ ESPORTIVA MONTGAT A;Montgat;Montgat;Montgat
Desconocido;LLOREDA, C.F. A;Badalona 22 (Lloreda);Badalona;Lloreda
Desconocido;ROCAFONDA CLUB FUTBOL A;Mataró 7 (Rocafonda);Mataró;Rocafonda
Desconocido;MOLINOS, U.D. C;Desconocido;Desconocido;Desconocido
Desconocido;PREMIA CLUB ESP. A;Premià de Dalt;Premià de Dalt;Premià de Dalt
Desconocido;POMAR, C.D. B;Badalona 29 (Canyet - Mas Ram - Pomar de Dalt - Pomar);Badalona;Canyet - Mas Ram - Pomar de Dalt - Pomar
Desconocido;PREMIA DALT, C.D. C;Premià de Dalt;Premià de Dalt;Premià de Dalt
Desconocido;ESCOLA DE FUTBOL SALESIANS-MATARO A;Mataró;Mataró;Mataró
Desconocido;COSTA DAURADA FC A;Salou;Salou;Salou
Desconocido;LA SELVA DEL CAMP, F.C. A;Selva de Mar, la;La Selva de Mar;La Selva de Mar
Desconocido;BASE L'HOSPITALET DE L'INFANT C.E. A;Hospitalet de Llobregat, l';L'Hospitalet de Llobregat;L'Hospitalet de Llobregat
Desconocido;PARE MANYANET, A.E.;Desconocido;Desconocido;Desconocido
Desconocido;SALOU, U.D.  A;Salou;Salou;Salou
CAMP DE FUTBOL MPAL. TEIXONERA;ESCOLA DE FUTBOL PREMIER BARCELONA C;Barcelona;Barcelona;Barcelona
Desconocido;VALLES, C.AT. B;Desconocido;Desconocido;Desconocido
CAMP DE FUTBOL MPAL. DE VALLGORGUINA;VALLGORGUINA, F.C. A;Vallgorguina;Vallgorguina;Vallgorguina
Desconocido;VILAMAJOR, C.F. B;Desconocido;Desconocido;Desconocido
Desconocido;VALLGORGUINA, F.C. A;Vallgorguina;Vallgorguina;Vallgorguina
Desconocido;AMETLLA VALLES, C.F. B;Ametlla de Mar, l';L'Ametlla de Mar;L'Ametlla de Mar
Desconocido;RAMASSA A.E. A;Desconocido;Desconocido;Desconocido
Desconocido;CORRO D'AMUNT U.S. A;Desconocido;Desconocido;Desconocido
CAMP DE FUTBOL MPAL. MARCA DE L´HAM;VILAFANT FC A;Marçà;Marçà;Marçà
Desconocido;GURB, U.E. B;Gurb;Gurb;Gurb
Desconocido;OSONA SUD, C.F. A;Desconocido;Desconocido;Desconocido
Desconocido;TARADELL, U.D. A;Taradell;Taradell;Taradell
Desconocido;AIGUAFREDA, C.E. A;Aiguafreda;Aiguafreda;Aiguafreda
Desconocido;FOLGUEROLES,C.F. A;Folgueroles;Folgueroles;Folgueroles
CAMP DE FUTBOL MPAL. DE PONT MAJOR;GEiEG B;Girona;Girona;Girona
Desconocido;SISTRELLS C.F. C;Badalona 18 (Sistrells);Badalona;Sistrells
Desconocido;POBLE NOU ,AT. C;Nou de Berguedà, la;La Nou de Berguedà;La Nou de Berguedà
Desconocido;SINGUERLIN, C.F. D;Santa Coloma de Gramenet 7 (Singuerlin - Can Zam);Santa Coloma de Gramenet;Singuerlin - Can Zam
Desconocido;YOUNG TALENT BADALONA SUD ASSOC.ESP. B;Badalona;Badalona;Badalona
Desconocido;POMAR, C.D. D;Badalona 29 (Canyet - Mas Ram - Pomar de Dalt - Pomar);Badalona;Canyet - Mas Ram - Pomar de Dalt - Pomar
Desconocido;RACING VALLBONA, C.F. A;Vallbona d'Anoia;Vallbona d'Anoia;Vallbona d'Anoia
Desconocido;BUFALÀ, C.F. D;Badalona 25 (Bufalà Oest - sector Can Barriga);Badalona;Bufalà Oest - sector Can Barriga
Desconocido;UNIFICACIO CIUTAT MERIDIANA,CE A;Barcelona 146 (Torre Baró, Ciutat Meridiana i Vallbona);Barcelona;Torre Baró, Ciutat Meridiana i Vallbona
Desconocido;ESCOLA ESPORTIVA GUINEUETA C.F D;Barcelona 135 (la Guineueta);Barcelona;la Guineueta
Desconocido;ESCOLA E.BRAFA C;Barcelona 142 (Santa Engràcia);Barcelona;Santa Engràcia
Desconocido;UNIFICACION LLEFIA,CF. B;Badalona 13 (Sant Antoni de Llefià);Badalona;Sant Antoni de Llefià
Desconocido;VILA OLÍMPICA CLUB ESP. B;Barcelona 172 (la Vila Olímpica i el Bogatell);Barcelona;la Vila Olímpica i el Bogatell
Desconocido;UNIFICACION BELLVITGE, U.D. E;Hospitalet de Llobregat 29 (Bellvitge - Estació), l';Hospitalet de Llobregat;Bellvitge - Estació
Desconocido;MONTAÑESA, C.F. C;Desconocido;Desconocido;Desconocido
CAMP DE FUTBOL MPAL. TRINITAT VELLA;CONGRÉS CLUB ESP. A;Barcelona 147 (la Trinitat Vella);Barcelona;la Trinitat Vella
CAMP DE FUTBOL MPAL. EUSEBI GÜELL;CASABLANCA , F.C. B;Desconocido;Desconocido;Desconocido
CAMP DE FUTBOL MPAL. DANI JARQUE CIUTAT COOPERATIVA;CASABLANCA , F.C. B;Sant Boi de Llobregat 11 (Ciutat Cooperativa);Sant Boi de Llobregat;Ciutat Cooperativa
Desconocido;ATLANTIC CITY FUTBOL CLUB BARCELONA  A;Barcelona;Barcelona;Barcelona
Desconocido;LES FONTS , U.E. A;Terrassa 10 (Can Parellada - les Fonts);Terrassa;Can Parellada - les Fonts
Desconocido;DIABLOS NEGROS DE BARCELONA,  C.D. A;Barcelona;Barcelona;Barcelona
Desconocido;ESCOLA DE FUTBOL VILADECAVALLS, C. A;Valls;Valls;Valls
Desconocido;SANT PERE NORD , C.F. B;Sant Pere de Ribes;Sant Pere de Ribes;Sant Pere de Ribes
Desconocido;VALLHONESTA, C. ATLETIC A;Desconocido;Desconocido;Desconocido
Desconocido;PUEBLO NUEVO-2002, C.F. A;Desconocido;Desconocido;Desconocido
Desconocido;SPORT CASTELLGALI FUTBOL SALA CLUB 2022 A;Castell d'Aro, Platja d'Aro i s'Agaró;Castell d'Aro, Platja d'Aro i s'Agaró;Castell d'Aro, Platja d'Aro i s'Agaró
Desconocido;SAN LORENZO, U.D. A;Desconocido;Desconocido;Desconocido
Desconocido;JUAN XXIII,C.S. B;Terrassa 22 (les Arenes - la Grípia - Can Montllor);Terrassa;les Arenes - la Grípia - Can Montllor
Desconocido;MAURINA EGARA, C.F. B;Terrassa 15 (la Maurina);Terrassa;la Maurina
Desconocido;ULLASTRELL C.F. A;Ullastrell;Ullastrell;Ullastrell
Desconocido;LLIÇA D'AMUNT , CLUB AT. A;Lliçà d'Amunt;Lliçà d'Amunt;Lliçà d'Amunt
Desconocido;MONTCADA, C.D B;Montcada i Reixac;Montcada i Reixac;Montcada i Reixac
Desconocido;BELLAVISTA MILAN, C. B;Desconocido;Desconocido;Desconocido
Desconocido;BADIA DEL VALLES, C.D. B;Badia del Vallès;Badia del Vallès;Badia del Vallès
Desconocido;POLINYA, AT. A;Polinyà;Polinyà;Polinyà
Desconocido;FUNDACIÓ UNIÓ ESPORTIVA VIC B;Vic;Vic;Vic
Desconocido;TONA, U.E. A;Tona;Tona;Tona
Desconocido;LES FRANQUESES, C.F. B;Franqueses del Vallès, les;Les Franqueses del Vallès;Les Franqueses del Vallès
Desconocido;LLIÇA D'AMUNT, C.E. B;Lliçà d'Amunt;Lliçà d'Amunt;Lliçà d'Amunt
Desconocido;Pª BARC. VILLAVERDE-PENITENTS B;Desconocido;Desconocido;Desconocido
Desconocido;IMPERIO , C.F. A;Desconocido;Desconocido;Desconocido
Desconocido;FUNDACIÓ ACADEMIA F. L'HOSPITALET  C;Hospitalet de Llobregat, l';L'Hospitalet de Llobregat;L'Hospitalet de Llobregat
Desconocido;ESCOLA E.BRAFA B;Barcelona 142 (Santa Engràcia);Barcelona;Santa Engràcia
Desconocido;Pª BARC. BARCINO, CE B;Barcelona 13 (Sant Pere);Barcelona;Sant Pere
Desconocido;FUNDACIO P. CE. JUPITER B;Desconocido;Desconocido;Desconocido
Desconocido;ESCOLA FUTBOL ALMOGAVERS A;Desconocido;Desconocido;Desconocido
Desconocido;BON PASTOR AGRUPACIO ESPORTIVA A;Barcelona 149 (el Bon Pastor);Barcelona;el Bon Pastor
Desconocido;HAILUKONG BARCELONA CLUB FUTBOL A;Barcelona;Barcelona;Barcelona
Desconocido;ESCOLA ESPORTIVA GUINEUETA C.F A;Barcelona 135 (la Guineueta);Barcelona;la Guineueta
Desconocido;CARMELO, C.D. B;Barcelona 118 (el Baix Carmel);Barcelona;el Baix Carmel
Desconocido;CORBERA , C.F. A;Corbera d'Ebre;Corbera d'Ebre;Corbera d'Ebre
Desconocido;LA PALMA CERVELLO, U.E. A;Cervelló;Cervelló;Cervelló
Desconocido;VISTA ALEGRE,U.D. B;Castelldefels 2 (Vista Alegre - el Castell);Castelldefels;Vista Alegre - el Castell
Desconocido;TERLENKA BARCELONISTA C. F. C;Sant Celoni;Sant Celoni;Sant Celoni
Desconocido;SANT JOAN DESPI-SAN PANCRACIO, FUTBOL CLUB  A;Sant Joan de les Abadesses;Sant Joan de les Abadesses;Sant Joan de les Abadesses
Desconocido;ESPORT BASE DEL PAPIOL A;Papiol, el;El Papiol;El Papiol
Desconocido;FONTSANTA-FATJO, C.D. B;Cornellà de Llobregat 2 (Fontsanta - Fatjó);Cornellà de Llobregat;Fontsanta - Fatjó
Desconocido;Pª BARC. SANT VICENÇ HORTS A;Sant Vicenç de Castellet;Sant Vicenç de Castellet;Sant Vicenç de Castellet
Desconocido;CERDANYOLA VALLES, F.C. E;Cerdanyola del Vallès;Cerdanyola del Vallès;Cerdanyola del Vallès
Desconocido;ESCOLA F. SABADELL A;Sabadell;Sabadell;Sabadell
Desconocido;Pª BLAUGRANA SANT CUGAT A;Sant Cugat del Vallès;Sant Cugat del Vallès;Sant Cugat del Vallès
Desconocido;FARNERS, C.E. B;Desconocido;Desconocido;Desconocido
Desconocido;HOSTALRIC, AT.C. A;Hostalric;Hostalric;Hostalric
Desconocido;GEiEG A;Girona;Girona;Girona
Desconocido;RIUDARENES 2005 CE. A;Riudarenes;Riudarenes;Riudarenes
Desconocido;PALAFOLLS, C.D. A;Palafolls;Palafolls;Palafolls
Desconocido;ANGLES C.E. A;Anglès;Anglès;Anglès
Desconocido;GIMNASTIC MANRESA C. D;Manresa;Manresa;Manresa
Desconocido;CASTELLBELL I VILAR, C.E. A;Castell d'Aro, Platja d'Aro i s'Agaró;Castell d'Aro, Platja d'Aro i s'Agaró;Castell d'Aro, Platja d'Aro i s'Agaró
Desconocido;FONT DELS CAPELLANS, CLUB DE FUTBOL A;Desconocido;Desconocido;Desconocido
Desconocido;SANT VICENÇ 2018, F.C. A;Sant Vicenç de Castellet;Sant Vicenç de Castellet;Sant Vicenç de Castellet
Desconocido;FRUITOSENC, F.C. A;Sant Fruitós de Bages;Sant Fruitós de Bages;Sant Fruitós de Bages
Desconocido;BALCONADA, U.E. A;Manresa 9 (les Escodines - la Balconada - Cal Gravat - Sant Pau);Manresa;les Escodines - la Balconada - Cal Gravat - Sant Pau
Desconocido;PIRINAICA, F.C. B;Manresa 5 (el Poble Nou - Mion, Puigberenguer i Miralpeix);Manresa;el Poble Nou - Mion, Puigberenguer i Miralpeix
Desconocido;MARTINENCA, U.E. A;Sant Martí d'Albars;Sant Martí d'Albars;Sant Martí d'Albars
Desconocido;SITGES, U.E. B;Sitges;Sitges;Sitges
Desconocido;CASTELLVI DE LA MARCA CF. A;Castell d'Aro, Platja d'Aro i s'Agaró;Castell d'Aro, Platja d'Aro i s'Agaró;Castell d'Aro, Platja d'Aro i s'Agaró
Desconocido;Pª JOVE DE LES ROQUETES A;Sant Pere de Ribes;Sant Pere de Ribes;Sant Pere de Ribes
Desconocido;CANYELLES ASSOC. ESP. CF. A;Canyelles;Canyelles;Canyelles
Desconocido;ODENA, C.E. B;Òdena;Òdena;Òdena
Desconocido;BASE TORRELLES, C.F A;Torre de Cabdella, la;La Torre de Cabdella;La Torre de Cabdella
Desconocido;MOLINOS, U.D. B;Desconocido;Desconocido;Desconocido
Desconocido;PLA D'EN BOET,CLUB ESP. A;Pla de Santa Maria, el;El Pla de Santa Maria;El Pla de Santa Maria
Desconocido;CALELLA, C.F. B;Alella;Alella;Alella
Desconocido;LLAVANERES, C.E. B;Desconocido;Desconocido;Desconocido
Desconocido;SANT CEBRIÀ 2021,CLUB FUTBOL  A;Sant Cebrià de Vallalta;Sant Cebrià de Vallalta;Sant Cebrià de Vallalta
Desconocido;FUNDACIÓ ESPORTIVA MONTGAT B;Montgat;Montgat;Montgat
Desconocido;CASTELLDEFELS, U.E. F;Castell d'Aro, Platja d'Aro i s'Agaró;Castell d'Aro, Platja d'Aro i s'Agaró;Castell d'Aro, Platja d'Aro i s'Agaró
Desconocido;CERVELLO, C.D. A;Cervelló;Cervelló;Cervelló
Desconocido;ABRERA, A.E. A;Abrera;Abrera;Abrera
Desconocido;SANT ANDREU DE LA BARCA AGRUP. B;Sant Andreu de la Barca;Sant Andreu de la Barca;Sant Andreu de la Barca
Desconocido;SANT ESTEVE SESROVIRES, F.C. A;Sant Esteve de la Sarga;Sant Esteve de la Sarga;Sant Esteve de la Sarga
CAMP DE FUTBOL MPAL. CARMEL;POBLE SEC UNIÓ ESPORTIVA A;Barcelona 48 (Santa Madrona, la Satàlia i Montjuïc);Barcelona;Santa Madrona, la Satàlia i Montjuïc
Desconocido;ESCOLA F. SABADELL C;Sabadell;Sabadell;Sabadell
Desconocido;ESCOLA PIA TERRASSA A;Terrassa;Terrassa;Terrassa
Desconocido;JUAN XXIII,C.S. A;Terrassa 22 (les Arenes - la Grípia - Can Montllor);Terrassa;les Arenes - la Grípia - Can Montllor
Desconocido;MATADEPERENC, ATHLETIC A;Desconocido;Desconocido;Desconocido
Desconocido;FRUITOSENC, F.C. B;Sant Fruitós de Bages;Sant Fruitós de Bages;Sant Fruitós de Bages
Desconocido;CAN PARELLADA, C.D. A;Desconocido;Desconocido;Desconocido
Desconocido;PENYA BONS AIRES E A;Desconocido;Desconocido;Desconocido
Desconocido;PENYA BONS AIRES E B;Desconocido;Desconocido;Desconocido
Desconocido;ATLETIC CLUB LLORET  B;Lloret de Mar;Lloret de Mar;Lloret de Mar
Desconocido;BESCANO, C.E. B;Bescanó;Bescanó;Bescanó
Desconocido;SANT GREGORI, A.E. B;Sant Gregori;Sant Gregori;Sant Gregori
Desconocido;BASE VILOBI 2015 CLUB FUTBOL A;Vilobí d'Onyar;Vilobí d'Onyar;Vilobí d'Onyar
Desconocido;SANTA EUGÈNIA CLUB FUTBOL B;Santa Eugènia de Berga;Santa Eugènia de Berga;Santa Eugènia de Berga
Desconocido;GEiEG B;Girona;Girona;Girona
Desconocido;TORDERA, C.F. B;Tordera;Tordera;Tordera
Desconocido;FORNELLS, UE. C;Fornells de la Selva;Fornells de la Selva;Fornells de la Selva
Desconocido;BELL LLOC, C.P. B;Desconocido;Desconocido;Desconocido
Desconocido;SITGES, U.E. A;Sitges;Sitges;Sitges
Desconocido;MOJA, A.E. A;Desconocido;Desconocido;Desconocido
Desconocido;MAS CATARRO, CF.B. A;Mas de Barberans;Mas de Barberans;Mas de Barberans
Desconocido;BASE VILANOVA 2015, CLUB NOU FUTBOL  A;Nou de Berguedà, la;La Nou de Berguedà;La Nou de Berguedà
Desconocido;CUBELLES, C.F. C;Cubelles;Cubelles;Cubelles
Desconocido;RIUDEBITLLES, C.E. A;Desconocido;Desconocido;Desconocido
Desconocido;BLANCA SUBUR, C.F. B;Desconocido;Desconocido;Desconocido
Desconocido;SANT SADURNI, U.E. B;Sant Sadurní d'Anoia;Sant Sadurní d'Anoia;Sant Sadurní d'Anoia
Desconocido;CAN VIDALET, C.F. B;Esplugues de Llobregat 2 (Can Vidalet);Esplugues de Llobregat;Can Vidalet
Desconocido;MARTORELL C.F. D;Martorell;Martorell;Martorell
Desconocido;ESPLUGUENC, C.F.A. B;Esplugues de Llobregat;Esplugues de Llobregat;Esplugues de Llobregat
Desconocido;GAVA, C.F. A;Gavà;Gavà;Gavà
Desconocido;CASTELLDEFELS, U.E. D;Castell d'Aro, Platja d'Aro i s'Agaró;Castell d'Aro, Platja d'Aro i s'Agaró;Castell d'Aro, Platja d'Aro i s'Agaró
Desconocido;GUINARDÓ, C.F. A;Desconocido;Desconocido;Desconocido
Desconocido;BARCELONA CITY FOOTBALL CLUB A;Barcelona;Barcelona;Barcelona
Desconocido;HORTA, U.AT. B;Barcelona 124 (Sant Joan d'Horta);Barcelona;Sant Joan d'Horta
Desconocido;CELTIC, U.E. A;Desconocido;Desconocido;Desconocido
Desconocido;LA SALLE BONANOVA , ASSOC.ESP. B;Barcelona 79 (la Bonanova, la Torre Vilana i l'Avinguda del Tibidabo);Barcelona;la Bonanova, la Torre Vilana i l'Avinguda del Tibidabo
Desconocido;UNIFICACIÓ CIUTAT MERIDIANA,CE A;Barcelona 146 (Torre Baró, Ciutat Meridiana i Vallbona);Barcelona;Torre Baró, Ciutat Meridiana i Vallbona
Desconocido;SANT JOAN DESPI-SAN PANCRACIO, FUTBOL CLUB  B;Sant Joan de les Abadesses;Sant Joan de les Abadesses;Sant Joan de les Abadesses
Desconocido;Pª BLAUGRANA CERVELLO A;Cervelló;Cervelló;Cervelló
Desconocido;SANT ILDEFONS, U.E. B;Cornellà de Llobregat 6 (Sant Ildefons Oest);Cornellà de Llobregat;Sant Ildefons Oest
Desconocido;OLESA,C.F. A;Olesa de Bonesvalls;Olesa de Bonesvalls;Olesa de Bonesvalls
Desconocido;Pª BLAUGRANA VALLIRANA A;Vallirana;Vallirana;Vallirana
Desconocido;SAN LORENZO, U.D. B;Desconocido;Desconocido;Desconocido
Desconocido;ESCOLA DE FUTBOL  VILADECAVALLS, C. B;Valls;Valls;Valls
Desconocido;SAN CRISTOBAL, C.P. C;Terrassa 6 (Ca n'Anglada);Terrassa;Ca n'Anglada
Desconocido;MATADEPERA, F.C. A;Matadepera;Matadepera;Matadepera
Desconocido;SANT PERE NORD , C.F. A;Sant Pere de Ribes;Sant Pere de Ribes;Sant Pere de Ribes
Desconocido;VACARISSES, CLUB FUTBOL  A;Vacarisses;Vacarisses;Vacarisses
Desconocido;JUVENTUD 25 DE SEPTIEMBRE A;Rubí 7 (Districte 5 Nord-est);Rubí;Districte 5 Nord-est
Desconocido;MAURINA EGARA, C.F. A;Terrassa 15 (la Maurina);Terrassa;la Maurina
Desconocido;LA FARGA XXI, CE B;Sant Cugat del Vallès;Sant Cugat del Vallès;Sant Cugat del Vallès
Desconocido;OLIMPIC CAN FATJO, C.E. A;Cornellà de Llobregat 2 (Fontsanta - Fatjó);Cornellà de Llobregat;Fontsanta - Fatjó
Desconocido;ESCOLA FUTBOL CAN BOADA B;Terrassa 17 (Can Boada);Terrassa;Can Boada
Desconocido;JUVENTUD 25 DE SEPTIEMBRE B;Rubí 7 (Districte 5 Nord-est);Rubí;Districte 5 Nord-est
Desconocido;ESPLAIS, C.F. B;Castelló d'Empúries;Castelló d'Empúries;Castelló d'Empúries
Desconocido;CADAQUES, U.D. A;Cadaqués;Cadaqués;Cadaqués
Desconocido;JUNCARIA, C.E. A;Desconocido;Desconocido;Desconocido
Desconocido;BASCARA, F.C. A;Bàscara;Bàscara;Bàscara
Desconocido;FORTIA, C.E. A;Fortià;Fortià;Fortià
Desconocido;L'ESCALA, F.C. C;Escala, l';L'Escala;L'Escala
Desconocido;MARCA DE L'HAM, U.E. A;Marçà;Marçà;Marçà
Desconocido;TOSSA UNIO ESPORTIVA A;Tossa de Mar;Tossa de Mar;Tossa de Mar
Desconocido;MALGRAT , C.E. B;Malgrat de Mar;Malgrat de Mar;Malgrat de Mar
Desconocido;MAÇANET 2022, CLUB ESPORTIU FUTBOL  A;Canet d'Adri;Canet d'Adri;Canet d'Adri
Desconocido;ARBUCIES,CLUB FUTBOL A;Arbúcies;Arbúcies;Arbúcies
Desconocido;CASSA, U.D. B;Cassà de la Selva;Cassà de la Selva;Cassà de la Selva
Desconocido;RACING BLANENC F.C. A;Desconocido;Desconocido;Desconocido
Desconocido;LLORET, C.F. B;Lloret de Mar;Lloret de Mar;Lloret de Mar
Desconocido;UNIFICACIÓN C.F.SANTA PERPETUA C;Santa Perpètua de Mogoda;Santa Perpètua de Mogoda;Santa Perpètua de Mogoda
Desconocido;LA LLAGOSTA, C.D. A;Llagosta, la;La Llagosta;La Llagosta
Desconocido;SENTMENAT, C.D. A;Sentmenat;Sentmenat;Sentmenat
Desconocido;GRANOLLERS, E.C. D;Granollers;Granollers;Granollers
Desconocido;LA TORRETA, C.F. A;Torre de Cabdella, la;La Torre de Cabdella;La Torre de Cabdella
Desconocido;UNIFICACIÓN C.F.SANTAPERPETUA B;Santa Perpètua de Mogoda;Santa Perpètua de Mogoda;Santa Perpètua de Mogoda
Desconocido;MARTORELLES, C.F. B;Martorell;Martorell;Martorell
Desconocido;OLIMPIC LA GARRIGA, C.F. C;Garriga, la;La Garriga;La Garriga
Desconocido;FINSOBE, C.F. A;Desconocido;Desconocido;Desconocido
Desconocido;VILANOVA VALLES,C.F. B;Vilanova d'Escornalbou;Vilanova d'Escornalbou;Vilanova d'Escornalbou
Desconocido;CASABLANCA , F.C. A;Desconocido;Desconocido;Desconocido
Desconocido;CIUDAD COOPERATIVA, C.F. B;Desconocido;Desconocido;Desconocido
CAMP DE FUTBOL CEM CAN ROIG;FUNDACIO UNIO ESPORTIVA CORNELLA D;Cornellà de Llobregat;Cornellà de Llobregat;Cornellà de Llobregat
Desconocido;VILADECANS U.D. B;Viladecans;Viladecans;Viladecans
Desconocido;MONTSERRAT IGUALADA, U.D. A;Igualada;Igualada;Igualada
Desconocido;OLIVELLA, C.E A;Olivella;Olivella;Olivella
Desconocido;REBROT, U.D. A;Desconocido;Desconocido;Desconocido
Desconocido;CALAF, U.D. A;Calaf;Calaf;Calaf
Desconocido;GELIDA, C.F. A;Gelida;Gelida;Gelida
Desconocido;TOUS, U.E. A;Desconocido;Desconocido;Desconocido
Desconocido;HORTONENC, F.C. A;Desconocido;Desconocido;Desconocido
Desconocido;SANTA COLOMA QUERALT, U.E. A;Santa Coloma de Cervelló;Santa Coloma de Cervelló;Santa Coloma de Cervelló
Desconocido;VILANOVA CAMI C.F. A;Vilanova d'Escornalbou;Vilanova d'Escornalbou;Vilanova d'Escornalbou
Desconocido;L'ESCALA, F.C. B;Escala, l';L'Escala;L'Escala
Desconocido;SANT PERE PESCADOR, F.C. B;Sant Pere de Ribes;Sant Pere de Ribes;Sant Pere de Ribes
Desconocido;VILAMALLA, F.C. A;Malla;Malla;Malla
Desconocido;LA JONQUERA, U.E. A;Jonquera, la;La Jonquera;La Jonquera
Desconocido;ROSES, A.E. B;Roses;Roses;Roses
Desconocido;LES PRESES, C.F. B;Preses, les;Les Preses;Les Preses
Desconocido;SANTJOANENC, C.P. A;Desconocido;Desconocido;Desconocido
Desconocido;SANTA PAU, P. A;Santa Pau;Santa Pau;Santa Pau
Desconocido;CELLERA, C.F. B;Cellera de Ter, la;La Cellera de Ter;La Cellera de Ter
Desconocido;CATALONIA, U.B. C;Desconocido;Desconocido;Desconocido
Desconocido;REUS DE TOTA LA VIDA, CLUB DE FUTBOL A;Reus;Reus;Reus
Desconocido;FALSET ESP. A;Falset;Falset;Falset
Desconocido;MONT-ROIG AT. B;Mont-roig del Camp;Mont-roig del Camp;Mont-roig del Camp
Desconocido;LES BORGES DEL CAMP, C.D. A;Borges Blanques, les;Les Borges Blanques;Les Borges Blanques
Desconocido;CLUB ESPORTIU MULTIESPORTIVA MIAMI A;Desconocido;Desconocido;Desconocido
Desconocido;HOSPITALET DE L'INFANT, C.D. B;Hospitalet de Llobregat, l';L'Hospitalet de Llobregat;L'Hospitalet de Llobregat
Desconocido;CAN BUXERES, F.C. C;Hospitalet de Llobregat 16 (Collblanc - Cementiri - Carretera), l';Hospitalet de Llobregat;Collblanc - Cementiri - Carretera
Desconocido;LA FLORIDA C.F. A;Hospitalet de Llobregat 10 (la Florida - Plaça de la Llibertat), l';Hospitalet de Llobregat;la Florida - Plaça de la Llibertat
Desconocido;LA SALLE BONANOVA , ASSOC.ESP. A;Barcelona 79 (la Bonanova, la Torre Vilana i l'Avinguda del Tibidabo);Barcelona;la Bonanova, la Torre Vilana i l'Avinguda del Tibidabo
Desconocido;GORNAL, U.D. A;Hospitalet de Llobregat 28 (el Gornal), l';Hospitalet de Llobregat;el Gornal
Desconocido;PENYA BARC. COLLBLANC SANTS,AE B;Hospitalet de Llobregat 15 (Collblanc - Centre - Vallparda), l';Hospitalet de Llobregat;Collblanc - Centre - Vallparda
Desconocido;AMERICAN SCHOOL OF BARCELONA ATHLETICS A;Barcelona;Barcelona;Barcelona
Desconocido;BORRASSA, F.C. A;Borrassà;Borrassà;Borrassà
Desconocido;ROSES, A.E. A;Roses;Roses;Roses
Desconocido;FIGUERES, U.E. B;Figueres;Figueres;Figueres
Desconocido;ROSES CITY FUTBOL CLUB  A;Roses;Roses;Roses
Desconocido;LLANÇA, C.E. B;Llançà;Llançà;Llançà
Desconocido;PERALADA, C.F. C;Peralada;Peralada;Peralada
Desconocido;LA JONQUERA, U.E. B;Jonquera, la;La Jonquera;La Jonquera
Desconocido;Pª BLAUGRANA SANT CUGAT C;Sant Cugat del Vallès;Sant Cugat del Vallès;Sant Cugat del Vallès
Desconocido;JUNIOR,C.F. E;Sant Cugat del Vallès 9 (Can Sant Joan - Sant Mamet - Vullpalleres - Can Barata - Sector Nord - Can Graells);Sant Cugat del Vallès;Can Sant Joan - Sant Mamet - Vullpalleres - Can Barata - Sector Nord - Can Graells
Desconocido;SANT CUGAT FUTBOL CLUB C;Sant Cugat del Vallès;Sant Cugat del Vallès;Sant Cugat del Vallès
Desconocido;PERICOS DE SANT CUGAT  A;Sant Cugat del Vallès;Sant Cugat del Vallès;Sant Cugat del Vallès
Desconocido;FUNDACIÓ TERRASSA FC 1906 D;Terrassa;Terrassa;Terrassa
Desconocido;UNIO F. BASE JABAC I TERRASSA  B;Terrassa 9 (Can Jofresa - Can Palet II - Guadalhorce - Xúquer);Terrassa;Can Jofresa - Can Palet II - Guadalhorce - Xúquer
Desconocido;SAN CRISTOBAL, C.P. B;Terrassa 6 (Ca n'Anglada);Terrassa;Ca n'Anglada
Desconocido;SANT PERE NORD , C.F. C;Sant Pere de Ribes;Sant Pere de Ribes;Sant Pere de Ribes
Desconocido;OAR GRÀCIA SBD E.F. B;Sabadell 18 (Gràcia);Sabadell;Gràcia
Desconocido;LA ROMANICA, C.F. B;Barberà del Vallès;Barberà del Vallès;Barberà del Vallès
Desconocido;ESCOLA COLLBLANC-TORRASSA,C.E B;Hospitalet de Llobregat 15 (Collblanc - Centre - Vallparda), l';Hospitalet de Llobregat;Collblanc - Centre - Vallparda
Desconocido;RUBI, U.E. C;Rubí;Rubí;Rubí
Desconocido;PUEBLO NUEVO-2002, C.F. C;Desconocido;Desconocido;Desconocido
Desconocido;ASSOCIACIO ANTICS ALUMNES DE XALOC  A;Hospitalet de Llobregat 26 (Santa Eulàlia - Centre Sud - Ciutat de la Justícia), l';Hospitalet de Llobregat;Santa Eulàlia - Centre Sud - Ciutat de la Justícia
Desconocido;OLIMPIC CAN FATJO, C.E. B;Cornellà de Llobregat 2 (Fontsanta - Fatjó);Cornellà de Llobregat;Fontsanta - Fatjó
Desconocido;AMETLLA VALLES, C.F. A;Ametlla de Mar, l';L'Ametlla de Mar;L'Ametlla de Mar
Desconocido;GUALBA, F.C.  A;Gualba;Gualba;Gualba
Desconocido;CARDEDEU, F.C. C;Cardedeu;Cardedeu;Cardedeu
Desconocido;CAMBRILS UNIÓ C.E. B;Cambrils;Cambrils;Cambrils
Desconocido;RIUDOMS, C.D. A;Riudoms;Riudoms;Riudoms
Desconocido;VILA-SECA C.F. B;Vila-seca;Vila-seca;Vila-seca
Desconocido;CARDEDEU, F.C. B;Cardedeu;Cardedeu;Cardedeu
Desconocido;ESCOLA PIA GRANOLLERS, A;Granollers;Granollers;Granollers
Desconocido;MONTMELO UNIO ESPORTIVA,CF B;Montmeló;Montmeló;Montmeló
Desconocido;BASE MARC BARTRA CF C;Desconocido;Desconocido;Desconocido
Desconocido;RACING CLUB FUTBOL BONAVISTA A;Tarragona;Tarragona;Tarragona
Desconocido;JOVENTUT BISBALENCA,C.F. A;Bisbal d'Empordà, la;La Bisbal d'Empordà;La Bisbal d'Empordà
Desconocido;AMETLLA ASSOC. ESP..C A;Ametlla de Mar, l';L'Ametlla de Mar;L'Ametlla de Mar
Desconocido;LA BATLLÒRIA, C.E. A;Desconocido;Desconocido;Desconocido
Desconocido;LLINARS, C.E. B;Llinars del Vallès;Llinars del Vallès;Llinars del Vallès
Desconocido;BASE 2012 PALLARESOS CLUB B;Pallaresos, els;Els Pallaresos;Els Pallaresos
CAMP DE FUTBOL COL·LEGI XALOC;FUNDACIO UNIO ESPORTIVA CORNELLA  A;Hospitalet de Llobregat 26 (Santa Eulàlia - Centre Sud - Ciutat de la Justícia), l';Hospitalet de Llobregat;Santa Eulàlia - Centre Sud - Ciutat de la Justícia
CAMP DE FUTBOL MPAL. DE BELLVÍS;PLA URGELL, C.E. A;Bellvís;Bellvís;Bellvís
CAMP DE FUTBOL MPAL. D'ALÀS I CERC;ENFAF CONSTRUCCIONS MODERNES  ANDORRA A;Alàs i Cerc;Alàs i Cerc;Alàs i Cerc
CAMP DE FUTBOL CEM LA BASCULA EMILIO FERNANDEZ F11;SANTS, U.E. D;Barcelona 51 (la Mare de Déu de Port, Can Clos i el Polvorí);Barcelona;la Mare de Déu de Port, Can Clos i el Polvorí
CAMP DE FUTBOL MPAL. TEIXONERA;ESCOLA DE FUTBOL PREMIER BARCELONA D;Barcelona;Barcelona;Barcelona
Desconocido;SANT JULIA DE VILATORTA, C.F. A;Sant Julià de Cerdanyola;Sant Julià de Cerdanyola;Sant Julià de Cerdanyola
Desconocido;CALLDETENES, C.F. A;Calldetenes;Calldetenes;Calldetenes
Desconocido;PRADENC,F.C. B;Desconocido;Desconocido;Desconocido
Desconocido;SEVA, U.E. A;Seva;Seva;Seva
Desconocido;CENTELLES, U.E. A;Centelles;Centelles;Centelles
Desconocido;RIBES, C.D. B;Ribes de Freser;Ribes de Freser;Ribes de Freser
CAMP DE FUTBOL MPAL. ROUREDA;PLANADEU-ROUREDA UNIÓ  ESPORTIVA FUTBOL C;Sabadell 12 (la Roureda - Sant Julià);Sabadell;la Roureda - Sant Julià
Desconocido;ALZAMORA, C.F.  B;Desconocido;Desconocido;Desconocido
Desconocido;SANT ANDREU, U.E F;Sant Andreu de la Barca;Sant Andreu de la Barca;Sant Andreu de la Barca
Desconocido;TRINIDAD, C.D. A;Desconocido;Desconocido;Desconocido
Desconocido;Pª BARC. BARCINO, CE A;Barcelona 13 (Sant Pere);Barcelona;Sant Pere
Desconocido;PUJADAS, C.D. A;Barcelona 180 (el Maresme i el Maresme Vell);Barcelona;el Maresme i el Maresme Vell
Desconocido;INTER BARCELONA  B;Barcelona;Barcelona;Barcelona
Desconocido;HORTA, U.AT. C;Barcelona 124 (Sant Joan d'Horta);Barcelona;Sant Joan d'Horta
Desconocido;ESCOLA FUTBOL ALMOGÀVERS B;Desconocido;Desconocido;Desconocido
Desconocido;CONGRÉS CLUB ESP. B;Desconocido;Desconocido;Desconocido
Desconocido;BARCELONETA, C.F. A;Barcelona 10 (Sant Miquel del Port);Barcelona;Sant Miquel del Port
CAMP DE FUTBOL MPAL. JOSEP FERRÉ FARRIOL;FUNDACIO E. ATLETIC VILAFRANCA A;Vilafranca del Penedès;Vilafranca del Penedès;Vilafranca del Penedès
CAMP DE FUTBOL MPAL. LA MAURINA;FUNDACIÓ TERRASSA FC 1906 B;Terrassa 15 (la Maurina);Terrassa;la Maurina
Desconocido;CAN PARELLADA, C.D. B;Desconocido;Desconocido;Desconocido
CAMP DE FUTBOL ZEM DEL CONGOST ANNEX 1;ATLANTIC CITY FUTBOL CLUB BARCELONA  A;Granollers 6 (Congost - Can Gili);Granollers;Congost - Can Gili
Desconocido;Pª DEP. PAJARIL B;Desconocido;Desconocido;Desconocido
Desconocido;TIBIDABO TORRE ROMEU, U.D. B;Sabadell 22 (Torre-romeu - Can Roqueta - el Poblenou);Sabadell;Torre-romeu - Can Roqueta - el Poblenou
Desconocido;LLANO DE SABADELL, C.D. A;Sabadell;Sabadell;Sabadell
Desconocido;BARBERÀ CLUB DE FUTBOL B;Barberà de la Conca;Barberà de la Conca;Barberà de la Conca
Desconocido;ESCOLA F. BASE SENTMENAT A;Sentmenat;Sentmenat;Sentmenat
Desconocido;GRANOLLERS, E.C. B;Granollers;Granollers;Granollers
Desconocido;RIUDEPERES C.F. AT. A;Desconocido;Desconocido;Desconocido
Desconocido;MANLLEU, A.E.C. A;Manlleu;Manlleu;Manlleu
Desconocido;BCN PRO, F.C. A;Desconocido;Desconocido;Desconocido
Desconocido;MOLLET U.E.,CF. B;Mollet de Peralada;Mollet de Peralada;Mollet de Peralada
Desconocido;GRANOLLERS, E.C. C;Granollers;Granollers;Granollers
Desconocido;VILAMAJOR, C.F. A;Desconocido;Desconocido;Desconocido
Desconocido;UNIFICACIÓN C.F.SANTAPERPETUA C;Santa Perpètua de Mogoda;Santa Perpètua de Mogoda;Santa Perpètua de Mogoda
Desconocido;LLIÇA DE VALL C.F. A;Lliçà d'Amunt;Lliçà d'Amunt;Lliçà d'Amunt
Desconocido;BIGUES, C.E. B;Bigues i Riells del Fai;Bigues i Riells del Fai;Bigues i Riells del Fai
Desconocido;TURO PEIRA, C.C.D. B;Desconocido;Desconocido;Desconocido
Desconocido;SANT ANDREU, U.E D;Sant Andreu de la Barca;Sant Andreu de la Barca;Sant Andreu de la Barca
Desconocido;BESOS BARON DE VIVER CLUB FUTBOL A;Barcelona 179 (el Besòs);Barcelona;el Besòs
Desconocido;SANTFELIUENC, F.C. B;Sant Feliu de Buixalleu;Sant Feliu de Buixalleu;Sant Feliu de Buixalleu
Desconocido;CAN VIDALET, C.F. C;Esplugues de Llobregat 2 (Can Vidalet);Esplugues de Llobregat;Can Vidalet
Desconocido;TORRELLES, U.E. A;Torre de Cabdella, la;La Torre de Cabdella;La Torre de Cabdella
Desconocido;MOLINS DE REI, C.F. B;Molins de Rei;Molins de Rei;Molins de Rei
CAMP DE FUTBOL MPAL. DEL BARRI CENTRE;SANT JOAN DESPI-SAN PANCRACIO, FUTBOL CLUB  A;Sant Joan de les Abadesses;Sant Joan de les Abadesses;Sant Joan de les Abadesses
Desconocido;SILS, C.F. A;Sils;Sils;Sils
Desconocido;JUNIOR,C.F. C;Sant Cugat del Vallès 9 (Can Sant Joan - Sant Mamet - Vullpalleres - Can Barata - Sector Nord - Can Graells);Sant Cugat del Vallès;Can Sant Joan - Sant Mamet - Vullpalleres - Can Barata - Sector Nord - Can Graells
Desconocido;ATLÉTICO ROUREDA, C.F.  A;Sabadell 12 (la Roureda - Sant Julià);Sabadell;la Roureda - Sant Julià
Desconocido;PALAFRUGELL, F.C. A;Palafrugell;Palafrugell;Palafrugell
Desconocido;CRISTINENC C.E A;Desconocido;Desconocido;Desconocido
Desconocido;BONMATI, C.F. A;Desconocido;Desconocido;Desconocido
Desconocido;SANTPEDOR, C.F. A;Santpedor;Santpedor;Santpedor
Desconocido;SURIA, C.E. B;Súria;Súria;Súria
Desconocido;AVIA, U.E. B;Avià;Avià;Avià
Desconocido;MEDIONA, C.F. A;Mediona;Mediona;Mediona
Desconocido;FUNDACIO  F. VILANOVA I LA GELTRÚ C;Vilanova d'Escornalbou;Vilanova d'Escornalbou;Vilanova d'Escornalbou
Desconocido;PALLEJA, C.F. B;Pallejà;Pallejà;Pallejà
Desconocido;SANTFELIUENC, F.C. D;Sant Feliu de Buixalleu;Sant Feliu de Buixalleu;Sant Feliu de Buixalleu
CAMP DE FUTBOL MPAL. JOAN BAQUÉ;ESCOLA DE FUTBOL BAIX SEGRIA B;Baix Pallars;Baix Pallars;Baix Pallars
Desconocido;SARRIA TER, C.F. B;Sarrià de Ter;Sarrià de Ter;Sarrià de Ter
Desconocido;REMENCES , ASSOCIACIÓ  ESPORTIVA UNIÓ  B;Desconocido;Desconocido;Desconocido
Desconocido;VILABLAREIX FUTBOL CLUB B;Vilablareix;Vilablareix;Vilablareix
Desconocido;CELRA, U.C.E. B;Celrà;Celrà;Celrà
CAMP DE FUTBOL MPAL. D´ULLDECONA;SANTA BARBARA, C.F. A;Santa Bàrbara;Santa Bàrbara;Santa Bàrbara
Desconocido;SANTA EUGÈNIA CLUB FUTBOL A;Santa Eugènia de Berga;Santa Eugènia de Berga;Santa Eugènia de Berga
Desconocido;UNIÓ GIRONA A.C.E. C;Girona;Girona;Girona
Desconocido;TOSSA UNIO ESPORTIVA B;Tossa de Mar;Tossa de Mar;Tossa de Mar
CAMP DE FUTBOL MPAL. BOSC TOSCA;ESCOLA F. BOSC DE TOSCA, C C;les Preses;les Preses;les Preses
CAMP DE FUTBOL MPAL. DE FONTAJAU;UNIÓ GIRONA A.C.E. A;Girona;Girona;Girona
CAMP DE FUTBOL COL·LEGI TERRAFERMA;ALPICAT, CLUB DE FUTBOL U.E. A;Alpicat;Alpicat;Alpicat
Desconocido;FUNDACIO  F. VILANOVA I LA GELTRÚ A;Vilanova d'Escornalbou;Vilanova d'Escornalbou;Vilanova d'Escornalbou
Desconocido;FUNDACIO E. ATLETIC VILAFRANCA C;Vilafranca del Penedès;Vilafranca del Penedès;Vilafranca del Penedès
Desconocido;MARC BARTRA 2020, C.F. B;Desconocido;Desconocido;Desconocido
CAMP DE FUTBOL MPAL. SALVADOR GISBERT;SANTA BARBARA, C.F. A;Sant Salvador de Guardiola;Sant Salvador de Guardiola;Sant Salvador de Guardiola
Desconocido;INTER RECASENS  CLUB FUTBOL  A;Lleida;Lleida;Lleida
Desconocido;ESCOLA DE FUTBOL INTERCOMARCAL A;Marçà;Marçà;Marçà
Desconocido;ALPICAT, CLUB DE FUTBOL U.E. A;Alpicat;Alpicat;Alpicat
Desconocido;PLA URGELL, C.E. A;Pla de Santa Maria, el;El Pla de Santa Maria;El Pla de Santa Maria
CAMP DE FUTBOL MPAL. DE LES COTS;MANRESA, C.E. B;Manresa;Manresa;Manresa
Desconocido;RUBI, U.E. A;Rubí;Rubí;Rubí
Desconocido;PUEBLO NUEVO-2002, C.F.;Desconocido;Desconocido;Desconocido
Desconocido;JOANENC, F.C. A;Desconocido;Desconocido;Desconocido
Desconocido;CALLUS, C.F.;Callús;Callús;Callús
Desconocido;VINYETS MOLI-VELL, C.F. B;Desconocido;Desconocido;Desconocido
Desconocido;RIERASPORT, F.C. A;Riera de Gaià, la;La Riera de Gaià;La Riera de Gaià
Desconocido;BARCELONA SPORTING CLUB ESPAÑA  A;Barcelona;Barcelona;Barcelona
Desconocido;BARCELONETA, C.F. B;Barcelona 10 (Sant Miquel del Port);Barcelona;Sant Miquel del Port
Desconocido;ESCOLA DE FUTBOL  VILADECAVALLS, C. A;Valls;Valls;Valls
Desconocido;GIMNASTIC MANRESA C. C;Manresa;Manresa;Manresa
Desconocido;BERGA, C.E. A;Berga;Berga;Berga
Desconocido;MIRASOL-BACO UNIÓN, C.F. B;Sant Cugat del Vallès 6 (Mirasol - Mas Gener - Can Cabassa - Can Fontanals - les Casetes de Can Ravella);Sant Cugat del Vallès;Mirasol - Mas Gener - Can Cabassa - Can Fontanals - les Casetes de Can Ravella
Desconocido;Pª BLAUGRANA RAMON LLORENS A;Sant Ramon;Sant Ramon;Sant Ramon
Desconocido;ESCOLA F. LA PASTORETA, CLUB B;Reus;Reus;Reus
Desconocido;PRAT, A.E. B;Prat de Comte;Prat de Comte;Prat de Comte
Desconocido;MARTORELL C.F. A;Martorell;Martorell;Martorell
Desconocido;MAS PELLICER, U.D.C. C;Mas de Barberans;Mas de Barberans;Mas de Barberans
Desconocido;MATADEPERENC, ATHLETIC B;Desconocido;Desconocido;Desconocido
Desconocido;MORELL, C.D. A;Morell, el;El Morell;El Morell
Desconocido;VALLMOLL C.D. A;Vallmoll;Vallmoll;Vallmoll
Desconocido;CAMBRILS UNIÓ C.E. C;Cambrils;Cambrils;Cambrils
Desconocido;OLIMPIC MORA D'EBRE, C.E. A;Móra d'Ebre;Móra d'Ebre;Móra d'Ebre
Desconocido;HOSPITALENSE, AT.C. A;Hospitalet de Llobregat 3 (Centre - la Farga), l';Hospitalet de Llobregat;Centre - la Farga
Desconocido;SECTOR MONTSERRATINA U.D. A;Serra de Daró;Serra de Daró;Serra de Daró
Desconocido;ESPLUGUENC, C.F.A. A;Esplugues de Llobregat;Esplugues de Llobregat;Esplugues de Llobregat
Desconocido;TARRAGONA, F.C. A;Tarragona;Tarragona;Tarragona
Desconocido;GIMNASTIC TARRAGONA, C. E;Tarragona;Tarragona;Tarragona
Desconocido;BASE MARC BARTRA CF A;Desconocido;Desconocido;Desconocido
Desconocido;ESCUELA F.SAN PEDRO SAN PABLO B;Desconocido;Desconocido;Desconocido
Desconocido;BASE L'ARBOÇ,CF. B;Arboç, l';L'Arboç;L'Arboç
Desconocido;LA SALLE TARRAGONA ASSOC. FUT. A;Tarragona;Tarragona;Tarragona
Desconocido;SANT PERE PESCADOR, F.C. A;Sant Pere de Ribes;Sant Pere de Ribes;Sant Pere de Ribes
Desconocido;FONTSANTA-FATJO, C.D. A;Cornellà de Llobregat 2 (Fontsanta - Fatjó);Cornellà de Llobregat;Fontsanta - Fatjó
Desconocido;SANTBOIA, F.C. B;Desconocido;Desconocido;Desconocido
Desconocido;SANT PONÇ, AT. A;Desconocido;Desconocido;Desconocido
Desconocido;FEC VALL DEL TER A;Vall d'en Bas, la;La Vall d'en Bas;La Vall d'en Bas
Desconocido;NAVATA, C.F. A;Navata;Navata;Navata
Desconocido;SEGRE, AT. B;Desconocido;Desconocido;Desconocido
Desconocido;OLOT, AT. A;Olot;Olot;Olot
Desconocido;SANT HILARI-FONT VELLA, C.E. A;Sant Hilari Sacalm;Sant Hilari Sacalm;Sant Hilari Sacalm
Desconocido;CAL AGUIDO, A.D. A;Blanes;Blanes;Blanes
Desconocido;SPORTING-VIDRERENCA, C.E.F A;Desconocido;Desconocido;Desconocido
Desconocido;RAPITENCA, U.E. C;Desconocido;Desconocido;Desconocido
Desconocido;CAMPREDO, U.D. A;Tortosa;Tortosa;Tortosa
Desconocido;MORA LA NOVA, AT. A;Móra d'Ebre;Móra d'Ebre;Móra d'Ebre
Desconocido;JESUS CATALONIA, C.F. B;Desconocido;Desconocido;Desconocido
Desconocido;LA CAVA, C.D. B;Cava;Cava;Cava
No especificado;RAPITENCA, U.E. C;Desconocido;Desconocido;Desconocido
Desconocido;ULLDECONA, C.F. B;Ulldecona;Ulldecona;Ulldecona
Desconocido;AMPOSTA, C.F. C;Amposta;Amposta;Amposta
Desconocido;TERRES DE L'EBRE, C.F. B;Desconocido;Desconocido;Desconocido
Desconocido;BATEA, C.F. A;Batea;Batea;Batea
Desconocido;COL.LEGI S.PAU APOSTOL ESP.APA A;Desconocido;Desconocido;Desconocido
Desconocido;RAMON SICART, A.E. B;Sant Ramon;Sant Ramon;Sant Ramon
Desconocido;ALTAFULLA, C.E. B;Altafulla;Altafulla;Altafulla
Desconocido;EL CATLLAR, C.E. A;Catllar, el;El Catllar;El Catllar
Desconocido;TORREDEMBARRA, U.D. A;Torre de Cabdella, la;La Torre de Cabdella;La Torre de Cabdella
Desconocido;ESCOLA DE FUTBOL INTERCOMARCAL B;Marçà;Marçà;Marçà
Desconocido;FIF LLEIDA, C.E. B;Lleida;Lleida;Lleida
Desconocido;BORDETA DE LLEIDA, U.E. C;Lleida;Lleida;Lleida
Desconocido;ESCOLA FUTBOL BASE GUISSONA B;Guissona;Guissona;Guissona
Desconocido;ALZAMORA, C.F. D;Desconocido;Desconocido;Desconocido
Desconocido;SINGUERLIN, C.F. C;Santa Coloma de Gramenet 7 (Singuerlin - Can Zam);Santa Coloma de Gramenet;Singuerlin - Can Zam
Desconocido;LA SALUT PERE GOL AE. B;Badalona 16 (la Salut Centre);Badalona;la Salut Centre
Desconocido;SISTRELLS C.F. B;Badalona 18 (Sistrells);Badalona;Sistrells
Desconocido;VERDIBLANCA MATARO CD A;Mataró;Mataró;Mataró
Desconocido;SANTVICENTI CLUB FUTBOL B;Sant Vicenç de Montalt;Sant Vicenç de Montalt;Sant Vicenç de Montalt
CAMP DE FUTBOL COL·LEGI SANT ANTONI DE PÀDUA-SALESIANS;MATARO UNITED, FUTBOL CLUB A;Mataró;Mataró;Mataró
Desconocido;Pª BARC. VILLAVERDE-PENITENTS A;Desconocido;Desconocido;Desconocido
Desconocido;ARRABAL-CALAF GRAMANET C.D. A;Santa Coloma de Gramenet;Santa Coloma de Gramenet;Santa Coloma de Gramenet
CAMP DE FUTBOL MPAL. 1ER. DE MAIG;SPORTING CLUB GRANOLLERS  B;Granollers;Granollers;Granollers
Desconocido;DIAGONAL CLUB ESP. B;Barcelona 73 (Pedralbes, la Mercè i el Palau Reial);Barcelona;Pedralbes, la Mercè i el Palau Reial
CAMP DE FUTBOL MPAL. DANI JARQUE CIUTAT COOPERATIVA;CASABLANCA , F.C. A;Sant Boi de Llobregat 11 (Ciutat Cooperativa);Sant Boi de Llobregat;Ciutat Cooperativa
Desconocido;VALLDOREIX, F.C. A;Desconocido;Desconocido;Desconocido
Desconocido;SANTBOIA, F.C. A;Desconocido;Desconocido;Desconocido
Desconocido;MARTORELL C.F. B;Martorell;Martorell;Martorell
Desconocido;MASNOU AT. A;Masnou, el;El Masnou;El Masnou
Desconocido;AQUA HOTEL FUTBOL CLUB A;Desconocido;Desconocido;Desconocido
Desconocido;JOVENTUT TEIA CLUB FUTBOL;Teià;Teià;Teià
Desconocido;VILASSAR DALT-GIATSU, C.E. B;Vilassar de Dalt;Vilassar de Dalt;Vilassar de Dalt
Desconocido;CANOVELLES, U.E. A;Canovelles;Canovelles;Canovelles
Desconocido;SANTPERENCA U.E. A;Desconocido;Desconocido;Desconocido
Desconocido;VIC UNIÓ ESPORTIVA CLUB B;Vic;Vic;Vic
Desconocido;LA GLEVA, C.F. A;Desconocido;Desconocido;Desconocido
Desconocido;ESCOLA FUTBOL DEL RIPOLLES A.E A;Ripoll;Ripoll;Ripoll
Desconocido;CASSA, U.D. A;Cassà de la Selva;Cassà de la Selva;Cassà de la Selva
Desconocido;ESCOLA F. BAIX TER, C.E B;Baix Pallars;Baix Pallars;Baix Pallars
Desconocido;MONTESSORI PALAU, C.C.E. A;Palau d'Anglesola, el;El Palau d'Anglesola;El Palau d'Anglesola
Desconocido;ESCOLA M.F.CALONGE-SANTANTONI,C A;Calonge de Segarra;Calonge de Segarra;Calonge de Segarra
Desconocido;FATIMA, F.C. A;Igualada;Igualada;Igualada
Desconocido;CAPELLADES, C.F. A;Capellades;Capellades;Capellades
Desconocido;ODENA, C.E. A;Òdena;Òdena;Òdena
Desconocido;SUBIRATS UNIO ESPORTIVA A;Subirats;Subirats;Subirats
CAMP DE FUTBOL MPAL. LA PARELLADA St. Boi;GORNAL, U.D. B;Hospitalet de Llobregat 28 (el Gornal), l';Hospitalet de Llobregat;el Gornal
Desconocido;IGUALADA, C.F. D;Igualada;Igualada;Igualada
Desconocido;GORNAL, U.D. B;Hospitalet de Llobregat 28 (el Gornal), l';Hospitalet de Llobregat;el Gornal
Desconocido;ESCOLA VALLS FUTBOL CLUB A;Valls;Valls;Valls
Desconocido;CLUB POLIDET VALLÈS  ESPORTIU  B;Desconocido;Desconocido;Desconocido
Desconocido;COL.LEGI S.PAU APOSTOL ESP.APA B;Desconocido;Desconocido;Desconocido
Desconocido;VENDRELL C.E. A;Vendrell, el;El Vendrell;El Vendrell
Desconocido;PARE IGNASI PUIG, C.F. A;Manresa 9 (les Escodines - la Balconada - Cal Gravat - Sant Pau);Manresa;les Escodines - la Balconada - Cal Gravat - Sant Pau
Desconocido;SURIA, C.E. A;Súria;Súria;Súria
Desconocido;SANTES CREUS CLUB ESP. A;Reus;Reus;Reus
Desconocido;ESCUELA F.SAN PEDRO SAN PABLO A;Desconocido;Desconocido;Desconocido
Desconocido;ARTES, F.C. A;Artés;Artés;Artés
Desconocido;TORELLO, C.F. B;Torelló;Torelló;Torelló
CAMP DE FUTBOL MPAL. DE SEGUR DE CALAFELL;ESCOLA FUTBOL BASE CALAFELL CF B;Calaf;Calaf;Calaf
Desconocido;MAS PELLICER, U.D.C. A;Mas de Barberans;Mas de Barberans;Mas de Barberans
Desconocido;CANONJA, C.F. A;Canonja, la;La Canonja;La Canonja
Desconocido;VISTAMAR CF A;Desconocido;Desconocido;Desconocido
Desconocido;CASTELLTERÇOL, C.F. A;Castell d'Aro, Platja d'Aro i s'Agaró;Castell d'Aro, Platja d'Aro i s'Agaró;Castell d'Aro, Platja d'Aro i s'Agaró
Desconocido;RODA DE TER, C.E. B;Roda de Berà;Roda de Berà;Roda de Berà
Desconocido;MOIÀ, C.E. A;Moià;Moià;Moià
Desconocido;FOLGUEROLES,C.F. B;Folgueroles;Folgueroles;Folgueroles
Desconocido;FUNDACIÓ ACADEMIA F. L'HOSPITALET  D;Hospitalet de Llobregat, l';L'Hospitalet de Llobregat;L'Hospitalet de Llobregat
Desconocido;OLIANA,C.D. A;Oliana;Oliana;Oliana
Desconocido;BELLPUIG, C.F A;Bellpuig;Bellpuig;Bellpuig
Desconocido;ORGANYA, C.F. A;Organyà;Organyà;Organyà
Desconocido;ESCOLA F.TARREGA, C.E. C;Tàrrega;Tàrrega;Tàrrega
Desconocido;ENFAF CONSTRUCCIONS MODERNES ANDORRA A;Desconocido;Desconocido;Desconocido
Desconocido;SANT MIQUEL DE BALENYA, CE. A;Balenyà;Balenyà;Balenyà
Desconocido;TORREFORTA, C.D.C. B;Torre de Cabdella, la;La Torre de Cabdella;La Torre de Cabdella
Desconocido;ESCOLA F. BASE VENDRELL A;Vendrell, el;El Vendrell;El Vendrell
Desconocido;CONSTANTI, C.E. A;Constantí;Constantí;Constantí
Desconocido;RAMON SICART, A.E. A;Sant Ramon;Sant Ramon;Sant Ramon
Desconocido;SANTA OLIVA, CLUB FUTBOL ATLETIC A;Santa Oliva;Santa Oliva;Santa Oliva
Desconocido;LA RIERA, C.F. A;Riera de Gaià, la;La Riera de Gaià;La Riera de Gaià
Desconocido;RODA DE BARA AT. A;Roda de Berà;Roda de Berà;Roda de Berà
Desconocido;RACING BLANENC F.C. B;Desconocido;Desconocido;Desconocido
Desconocido;GLOBAL-PALAMOS C.F. A;Palamós;Palamós;Palamós
Desconocido;PRADENC,F.C. A;Desconocido;Desconocido;Desconocido
Desconocido;TORELLO, C.F. C;Torelló;Torelló;Torelló
Desconocido;VOLTREGA,C.F. A;Desconocido;Desconocido;Desconocido
Desconocido;CANYELLES,C.E. A;Canyelles;Canyelles;Canyelles
Desconocido;ESCOLA E.BRAFA A;Barcelona 142 (Santa Engràcia);Barcelona;Santa Engràcia
Desconocido;CARMELO, C.D. A;Barcelona 118 (el Baix Carmel);Barcelona;el Baix Carmel
CAMP DE FUTBOL MPAL. D'ALÀS I CERC;ANDORRA, F.C. SAD;Alàs i Cerc;Alàs i Cerc;Alàs i Cerc
CAMP DE FUTBOL MPAL. DE CASTELLGALI;MANRESA, C.E. B;Castell d'Aro, Platja d'Aro i s'Agaró;Castell d'Aro, Platja d'Aro i s'Agaró;Castell d'Aro, Platja d'Aro i s'Agaró
CAMP DE FUTBOL MPAL. DANI JARQUE CIUTAT COOPERATIVA;CASABLANCA , F.C. C;Sant Boi de Llobregat 11 (Ciutat Cooperativa);Sant Boi de Llobregat;Ciutat Cooperativa
CAMP DE FUTBOL MPAL. EUSEBI GÜELL;CASABLANCA , F.C. C;Desconocido;Desconocido;Desconocido
Desconocido;PERALADA, C.F. B;Peralada;Peralada;Peralada
Desconocido;ESCOLA F. BAIX TER, C.E A;Baix Pallars;Baix Pallars;Baix Pallars
Desconocido;BISBALENC, AT. A;Bisbal d'Empordà, la;La Bisbal d'Empordà;La Bisbal d'Empordà
Desconocido;ESPLAIS, C.F. A;Castelló d'Empúries;Castelló d'Empúries;Castelló d'Empúries
Desconocido;ESCOLA F. GIRONES-SABAT A;Girona;Girona;Girona
Desconocido;VALL D'EN BAS CLUB FUTBOL A;Vall d'en Bas, la;La Vall d'en Bas;La Vall d'en Bas
Desconocido;COL.LEGI S.PAU APOSTOL ESP.APA D;Desconocido;Desconocido;Desconocido
Desconocido;VILASECA C.F. A;Desconocido;Desconocido;Desconocido
Desconocido;UNIFICACION BELLVITGE, U.D. C;Hospitalet de Llobregat 29 (Bellvitge - Estació), l';Hospitalet de Llobregat;Bellvitge - Estació
Desconocido;PÀDUA, ASSOC. CLUB A;Desconocido;Desconocido;Desconocido
Desconocido;APA POBLE SEC, CE. B;Barcelona 48 (Santa Madrona, la Satàlia i Montjuïc);Barcelona;Santa Madrona, la Satàlia i Montjuïc
Desconocido;VILADECANS U.D. A;Viladecans;Viladecans;Viladecans
Desconocido;CAN VIDALET, C.F. A;Esplugues de Llobregat 2 (Can Vidalet);Esplugues de Llobregat;Can Vidalet
CAMP DE FUTBOL CEM CAN ROIG;FUNDACIO UNIO ESPORTIVA CORNELLA C;Cornellà de Llobregat;Cornellà de Llobregat;Cornellà de Llobregat
Desconocido;TIANA, C.C.E. A;Tiana;Tiana;Tiana
Desconocido;LLAVANERES, C.E. A;Desconocido;Desconocido;Desconocido
Desconocido;ARGENTONA, C.F. A;Argentona;Argentona;Argentona
Desconocido;ESCOLA FUTBOL MATARO C.E B;Mataró;Mataró;Mataró
Desconocido;FUNDACIO  UNIÓ ESPORTIVA VILASSAR  B;Vilassar de Dalt;Vilassar de Dalt;Vilassar de Dalt
Desconocido;TARADELL, U.D. B;Taradell;Taradell;Taradell
Desconocido;CALDES MONTBUI, C.F. A;Caldes d'Estrac;Caldes d'Estrac;Caldes d'Estrac
Desconocido;AEM, S.E. A;Lleida;Lleida;Lleida
Desconocido;BORDETA DE LLEIDA, U.E. A;Lleida;Lleida;Lleida
CAMP DE FUTBOL MPAL. MARIANAO;CASABLANCA , F.C. C;Santa Maria d'Oló;Santa Maria d'Oló;Santa Maria d'Oló
Desconocido;MASQUEFA, F.C. A;Masquefa;Masquefa;Masquefa
Desconocido;SANT CUGAT SESGARRIGUES CLUB ESP. A;Sant Cugat del Vallès;Sant Cugat del Vallès;Sant Cugat del Vallès
Desconocido;LA GRANADA, C.F. A;Granada, la;La Granada;La Granada
CAMP DE FUTBOL MPAL. DE VALLS DE TORROELLA;SURIA, C.E. A;Súria;Súria;Súria
Desconocido;MONTBLANC, CLUB FUTBOL A;Montblanc;Montblanc;Montblanc
Desconocido;CANONJA, C.F. B;Canonja, la;La Canonja;La Canonja
Desconocido;FUNDACIÓ P.E. F. LA POBLA MAFUMET A;Pobla de Cérvoles, la;La Pobla de Cérvoles;La Pobla de Cérvoles
Desconocido;SALOU, U.D. A;Salou;Salou;Salou
Desconocido;PARE MANYANET, A.E. A;Desconocido;Desconocido;Desconocido
Desconocido;AURA-TURO, C.E.  A;Desconocido;Desconocido;Desconocido
Desconocido;FUTBOL BASE SOLSONA ARRELS A;Solsona;Solsona;Solsona
Desconocido;CLUB FUTBOL DOSRIUS 2010 A;Dosrius;Dosrius;Dosrius
Desconocido;FUNDACIO  UNIÓ ESPORTIVA VILASSAR  F;Vilassar de Dalt;Vilassar de Dalt;Vilassar de Dalt
Desconocido;PREMIA DALT, C.D. B;Premià de Dalt;Premià de Dalt;Premià de Dalt
Desconocido;MASNOU, C.D. A;Masnou, el;El Masnou;El Masnou
Desconocido;ESCOLA FUTBOL MATARO C.E C;Mataró;Mataró;Mataró
Desconocido;TIANA, C.C.E. C;Tiana;Tiana;Tiana
Desconocido;JUVENTUS, A.C. C;Mataró 10 (la Llàntia);Mataró;la Llàntia
CAMP DE FUTBOL MPAL. CAN BOADA;FUNDACIÓ TERRASSA FC 1906 D;Terrassa 17 (Can Boada);Terrassa;Can Boada
CAMP DE FUTBOL CEM ARISTIDES MAILLOL;LES CORTS DE BARCELONA CLUB ESP. C;Barcelona;Barcelona;Barcelona
Desconocido;BALANDRAU, ASSOCIACIÓ CULTURAL  A;Hospitalet de Llobregat 26 (Santa Eulàlia - Centre Sud - Ciutat de la Justícia), l';Hospitalet de Llobregat;Santa Eulàlia - Centre Sud - Ciutat de la Justícia
Desconocido;ESCOLA DE FUTBOL STOITCHKOV-RACING SARRIA  B;Sarrià de Ter;Sarrià de Ter;Sarrià de Ter
Desconocido;VILA OLIMPICA CLUB ESP. B;Barcelona 172 (la Vila Olímpica i el Bogatell);Barcelona;la Vila Olímpica i el Bogatell
Desconocido;ESCOLA F. POBLA SEGUR I COMARC A;Pobla de Cérvoles, la;La Pobla de Cérvoles;La Pobla de Cérvoles
Desconocido;AGRAMUNT ESCOLAGERARD GATELL C.F A;Agramunt;Agramunt;Agramunt
CAMP DE FUTBOL IE PELAI BUIXÓ;SIURANA, U.E A;Siurana;Siurana;Siurana
Desconocido;UNIFICACIÓN C.F.SANTAPERPETUA A;Santa Perpètua de Mogoda;Santa Perpètua de Mogoda;Santa Perpètua de Mogoda
Desconocido;SPORTING CLUB GRANOLLERS  A;Granollers;Granollers;Granollers
Desconocido;LLERONA, C.E. A;Desconocido;Desconocido;Desconocido
CAMP DE FUTBOL MPAL. ESPIRALL;VILAFRANCA, F.C. A;Vilafranca del Penedès;Vilafranca del Penedès;Vilafranca del Penedès
Desconocido;LOURDES, U.D. A;Desconocido;Desconocido;Desconocido
Desconocido;LLIÇA D'AMUNT, C.E. A;Lliçà d'Amunt;Lliçà d'Amunt;Lliçà d'Amunt
Desconocido;MONT-ROIG AT. A;Mont-roig del Camp;Mont-roig del Camp;Mont-roig del Camp
Desconocido;TORTOSA EBRE, C.F.  A;Tortosa;Tortosa;Tortosa
CAMP DE FUTBOL MPAL. PARC ESPORTIU TENES;LLIÇA D'AMUNT, C.E. B;Lliçà d'Amunt;Lliçà d'Amunt;Lliçà d'Amunt
Desconocido;SANT ANDREU, U.E E;Sant Andreu de la Barca;Sant Andreu de la Barca;Sant Andreu de la Barca
Desconocido;Pª BARC. VILLAVERDE-PENITENTS C;Desconocido;Desconocido;Desconocido
Desconocido;SANT IGNASI C.E. E;Barcelona 79 (la Bonanova, la Torre Vilana i l'Avinguda del Tibidabo);Barcelona;la Bonanova, la Torre Vilana i l'Avinguda del Tibidabo
CAMP DE FUTBOL MPAL. SANT MARTÍ DE PROVENÇALS;CELTIC, U.E. A;Sant Martí d'Albars;Sant Martí d'Albars;Sant Martí d'Albars
CAMP DE FUTBOL MPAL. DE TORNABOUS;LA FULIOLA, C.E. A;Fuliola, la;La Fuliola;La Fuliola
CAMP DE FUTBOL MPAL. JOSEP HERMS;SANT FELIU SASSERRA,CE A;Sant Feliu de Buixalleu;Sant Feliu de Buixalleu;Sant Feliu de Buixalleu
Desconocido;ARISTOI FOOTBALL ACADEMY B;Desconocido;Desconocido;Desconocido
Desconocido;LA LLAGOSTA, C.D. B;Llagosta, la;La Llagosta;La Llagosta
Desconocido;TORELLO, C.F. A;Torelló;Torelló;Torelló
Desconocido;VALLES, C.AT. A;Desconocido;Desconocido;Desconocido
Desconocido;OLIMPIC LA GARRIGA, C.F. A;Garriga, la;La Garriga;La Garriga
Desconocido;ASS.ESP.F. BASE PALAU 2024,  A;Palau d'Anglesola, el;El Palau d'Anglesola;El Palau d'Anglesola
Desconocido;MARTORELLES, C.F. A;Martorell;Martorell;Martorell
Desconocido;VILANOVA VALLES,C.F. C;Vilanova d'Escornalbou;Vilanova d'Escornalbou;Vilanova d'Escornalbou
CAMP DE FUTBOL MPAL. MENORCA;POBLE NOU, AT. A;Nou de Berguedà, la;La Nou de Berguedà;La Nou de Berguedà
Desconocido;BASE MONTCADA CLUB FUTBOL B;Montcada i Reixac;Montcada i Reixac;Montcada i Reixac
Desconocido;BARBERÀ CLUB DE FUTBOL  D;Barberà de la Conca;Barberà de la Conca;Barberà de la Conca
Desconocido;CAN RULL ROMULO TRONCHONI, CFU C;Sabadell 14 (Can Rull Nord - Via Alexandra);Sabadell;Can Rull Nord - Via Alexandra
Desconocido;SABADELL  ATLETIC , ASSOC. ESP. P.R.  A;Sabadell;Sabadell;Sabadell
Desconocido;ESCOLA M.F.CALONGE-SANTANTONI,C B;Calonge de Segarra;Calonge de Segarra;Calonge de Segarra
Desconocido;TORDERA, C.F. A;Tordera;Tordera;Tordera
Desconocido;UNIÓ GIRONA A.C.E. A;Girona;Girona;Girona
Desconocido;MANRESA, C.E. C;Manresa;Manresa;Manresa
Desconocido;CALLUS, C.F. A;Callús;Callús;Callús
Desconocido;VILOMARA,C.F. A;Desconocido;Desconocido;Desconocido
Desconocido;PALILLO, C.F. A;Desconocido;Desconocido;Desconocido
Desconocido;BASE OLERDOLA, C.E. A;Olèrdola;Olèrdola;Olèrdola
Desconocido;VILANOVA CAMI C.F. B;Vilanova d'Escornalbou;Vilanova d'Escornalbou;Vilanova d'Escornalbou
Desconocido;BASE VILANOVA 2015, CLUB NOU FUTBOL  B;Nou de Berguedà, la;La Nou de Berguedà;La Nou de Berguedà
Desconocido;LES CABANYES, F.C. A;Cabanyes, les;Les Cabanyes;Les Cabanyes
Desconocido;ARGENTONA, C.F. B;Argentona;Argentona;Argentona
Desconocido;ARENYS DE MAR, C.F. A;Arenys de Mar;Arenys de Mar;Arenys de Mar
Desconocido;SANT POL, AT. A;Sant Pol de Mar;Sant Pol de Mar;Sant Pol de Mar
CAMP DE FUTBOL MPAL. DE GINESTAR;ARENYS DE MAR, C.F. A;Arenys de Mar;Arenys de Mar;Arenys de Mar
Desconocido;SANT VICENÇ DELS HORTS  ASSOC. FUTBOL A;Sant Vicenç de Castellet;Sant Vicenç de Castellet;Sant Vicenç de Castellet
Desconocido;Pª BLAUGRANA VALLIRANA B;Vallirana;Vallirana;Vallirana
Desconocido;ESPARREGUERA, C.E. A;Esparreguera;Esparreguera;Esparreguera
Desconocido;BALAGUER, C.F. B;Balaguer;Balaguer;Balaguer
Desconocido;ESCOLA F.TARREGA, C.E.;Tàrrega;Tàrrega;Tàrrega
Desconocido;LLEIDA PROMESES, C.F.  A;Lleida;Lleida;Lleida
Desconocido;AGRAMUNT ESCOLA GERARD GATELL C.F A;Agramunt;Agramunt;Agramunt
Desconocido;FUNDACIO  F. VILANOVA I LA GELTRÚ B;Vilanova d'Escornalbou;Vilanova d'Escornalbou;Vilanova d'Escornalbou
Desconocido;MARC BARTRA 2020, C.F. A;Desconocido;Desconocido;Desconocido
Desconocido;CUBELLES, C.F. A;Cubelles;Cubelles;Cubelles
Desconocido;SPORTING GAVA 2021, FUTBOL CLUB A;Gavà;Gavà;Gavà
Desconocido;FUNDACIO E. ATLETIC VILAFRANCA A;Vilafranca del Penedès;Vilafranca del Penedès;Vilafranca del Penedès
Desconocido;ARO, C.E. B;Desconocido;Desconocido;Desconocido
Desconocido;MONELLS, A.E. B;Cruïlles, Monells i Sant Sadurní de l'Heura;Cruïlles, Monells i Sant Sadurní de l'Heura;Cruïlles, Monells i Sant Sadurní de l'Heura
Desconocido;ALMEDA, C.D.;Cornellà de Llobregat 9 (Almeda);Cornellà de Llobregat;Almeda
Desconocido;BESCANO, C.D. A;Bescanó;Bescanó;Bescanó
Desconocido;COMACROS, UE A;Desconocido;Desconocido;Desconocido
Desconocido;CASTELLDEFELS, U.E. B;Castell d'Aro, Platja d'Aro i s'Agaró;Castell d'Aro, Platja d'Aro i s'Agaró;Castell d'Aro, Platja d'Aro i s'Agaró
Desconocido;FUNDACIO UNIO ESPORTIVA CORNELLA B;Cornellà de Llobregat;Cornellà de Llobregat;Cornellà de Llobregat
Desconocido;BLANCA SUBUR, C.F. A;Desconocido;Desconocido;Desconocido
Desconocido;PLA URGELL, C.E. B;Pla de Santa Maria, el;El Pla de Santa Maria;El Pla de Santa Maria
Desconocido;ESCOLA F. TREMP, CE A;Tremp;Tremp;Tremp
Desconocido;ESCOLA F. POBLA SEGUR I COMARCA;Marçà;Marçà;Marçà
Desconocido;BASE LLAGOSTERA CLUB FUTBOL A;Llagostera;Llagostera;Llagostera
Desconocido;SILS, C.F. B;Sils;Sils;Sils
Desconocido;CALDES MALAVELLA, U.E. B;Caldes d'Estrac;Caldes d'Estrac;Caldes d'Estrac
CAMP DE FUTBOL MPAL. DE LES PLANES (SANT JOAN DESPÍ);FUNDACIO UNIO ESPORTIVA CORNELLA A;Cornellà de Llobregat;Cornellà de Llobregat;Cornellà de Llobregat
Desconocido;GIMNASTIC TARRAGONA, C. C;Tarragona;Tarragona;Tarragona
Desconocido;SABADELLENCA, UE. C;Sabadell;Sabadell;Sabadell
Desconocido;PUEBLO NUEVO-2002, C.F. B;Desconocido;Desconocido;Desconocido
Desconocido;AGORA SANT CUGAT SPORTS CLUB  A;Sant Cugat del Vallès;Sant Cugat del Vallès;Sant Cugat del Vallès
Desconocido;ATLÉTICO ROUREDA, C.F.  B;Sabadell 12 (la Roureda - Sant Julià);Sabadell;la Roureda - Sant Julià
Desconocido;ESCOLA F. BARBERA ANDALUCIA D;Barberà de la Conca;Barberà de la Conca;Barberà de la Conca
Desconocido;CAN CLOTA- LA PLANA-CAN CERVERA F.C. A;Cervera;Cervera;Cervera
Desconocido;VINYETS MOLI-VELL, C.F. A;Desconocido;Desconocido;Desconocido
Desconocido;CERDANYOLA VALLES, F.C.  D;Cerdanyola del Vallès;Cerdanyola del Vallès;Cerdanyola del Vallès
Desconocido;CASTELLAR, UNIÓ ESPORTIVA C;Castell d'Aro, Platja d'Aro i s'Agaró;Castell d'Aro, Platja d'Aro i s'Agaró;Castell d'Aro, Platja d'Aro i s'Agaró
Desconocido;ARISTOI FOOTBALL ACADEMY A;Desconocido;Desconocido;Desconocido
Desconocido;ALBIRROJITA DE CATALUNYA ASSOCIACIO CLUB SOCIAL B;Catalunya;Catalunya;Catalunya
Desconocido;FUNDACIÓ ACADEMIA F. L'HOSPITALET  B;Hospitalet de Llobregat, l';L'Hospitalet de Llobregat;L'Hospitalet de Llobregat
Desconocido;L'ESQUERRA DE L'EIXAMPLE, F.C. B;Desconocido;Desconocido;Desconocido
Desconocido;POBLE SEC UNIÓ ESPORTIVA A;Barcelona 48 (Santa Madrona, la Satàlia i Montjuïc);Barcelona;Santa Madrona, la Satàlia i Montjuïc
Desconocido;SAN SALVADOR, U.D. A;Sant Salvador de Guardiola;Sant Salvador de Guardiola;Sant Salvador de Guardiola
Desconocido;ASS.ESP.F. BASE PALAU 2024,  B;Palau d'Anglesola, el;El Palau d'Anglesola;El Palau d'Anglesola
Desconocido;BISBALENC, AT. B;Bisbal d'Empordà, la;La Bisbal d'Empordà;La Bisbal d'Empordà
Desconocido;BASE ROSES, C.F. A;Roses;Roses;Roses
Desconocido;LES PRESES, C.F. A;Preses, les;Les Preses;Les Preses
CAMP DE FUTBOL MPAL. L'ÀLIGA;SARRIÀ, C.P. B;Barcelona 103 (Joanic);Barcelona;Joanic
Desconocido;BEGUES, C.F. A;Begues;Begues;Begues
Desconocido;VENDRELL C.E. B;Vendrell, el;El Vendrell;El Vendrell
Desconocido;HUMAES ESPORTS, C.F. A;Desconocido;Desconocido;Desconocido
Desconocido;ATHLETIC VILADECANS FUTBOL CLUB A;Viladecans;Viladecans;Viladecans
Desconocido;ESCOLA F. EL PLA DE SANTA MARIA A;Pla de Santa Maria, el;El Pla de Santa Maria;El Pla de Santa Maria
Desconocido;L'ESPLUGA DE FRANCOLI, U.E. A;Espluga Calba, l';L'Espluga Calba;L'Espluga Calba
Desconocido;IGUALADA, C.F. C;Igualada;Igualada;Igualada
Desconocido;IGUALADA CITY 2023, C.E. A;Igualada;Igualada;Igualada
Desconocido;MONTBRIO, C.E. A;Montbrió del Camp;Montbrió del Camp;Montbrió del Camp
Desconocido;FUNDACIÓ TERRASSA FC 1906 E;Terrassa;Terrassa;Terrassa
Desconocido;NATACIO TERRASSA, C B;Terrassa;Terrassa;Terrassa
Desconocido;SANT ROC OLOT , C.F. A;Olot;Olot;Olot
Desconocido;BORRASSA, F.C. B;Borrassà;Borrassà;Borrassà
Desconocido;ATLÈTIC CLUB BANYOLES  B;Banyoles;Banyoles;Banyoles
Desconocido;PORRERA, UNIO ESPORTIVA A;Porrera;Porrera;Porrera
Desconocido;REUS CITY ACADEMY FUTBOL CLUB A;Reus;Reus;Reus
No especificado;REUS DE TOTA LA VIDA, CLUB DE FUTBOL A;Reus;Reus;Reus
Desconocido;UNIO ASTORGA, C.E. B;Desconocido;Desconocido;Desconocido
Desconocido;SANT VICENÇ DELS HORTS  ASSOC. FUTBOL B;Sant Vicenç de Castellet;Sant Vicenç de Castellet;Sant Vicenç de Castellet
Desconocido;ESCOLA F ANGEL PEDRAZA B;Desconocido;Desconocido;Desconocido
Desconocido;COL.LEGI SAGRAT COR SARRIA AMPA A;Sarrià de Ter;Sarrià de Ter;Sarrià de Ter
Desconocido;FUNDACIO ESPORT.HOSPITALET AT A;Hospitalet de Llobregat, l';L'Hospitalet de Llobregat;L'Hospitalet de Llobregat
Desconocido;DARNA 2019, FC. A;Desconocido;Desconocido;Desconocido
Desconocido;ZODIAC ELEVEN, F.C. A;Desconocido;Desconocido;Desconocido
Desconocido;SANT IGNASI C.E. C;Barcelona 79 (la Bonanova, la Torre Vilana i l'Avinguda del Tibidabo);Barcelona;la Bonanova, la Torre Vilana i l'Avinguda del Tibidabo
Desconocido;ESCOLA PIA SARRIÀ S.E. B;Sarrià de Ter;Sarrià de Ter;Sarrià de Ter
Desconocido;LA FLORIDA C.F. B;Hospitalet de Llobregat 10 (la Florida - Plaça de la Llibertat), l';Hospitalet de Llobregat;la Florida - Plaça de la Llibertat
Desconocido;PIFERRER, AT. A;Desconocido;Desconocido;Desconocido
Desconocido;PRAT, A.E. C;Prat de Comte;Prat de Comte;Prat de Comte
Desconocido;LLERONA, C.E. B;Desconocido;Desconocido;Desconocido
